base_date,emd_cd,em_cnt,em_g
2019-11-30,2019-11-30,50110250,620,2279550
2019-12-31,2019-12-31,50110250,8178,31493650
2020-01-31,2020-01-31,50110250,13042,49632850
2020-02-29,2020-02-29,50110250,12264,46197050
2020-03-31,2020-03-31,50110250,14316,52561750
2020-04-30,2020-04-30,50110250,14513,52242650
2020-05-31,2020-05-31,50110250,17614,61167800
2020-06-30,2020-06-30,50110250,17365,55895800
2020-07-31,2020-07-31,50110250,23417,74343450
2020-08-31,2020-08-31,50110250,24943,80336450
2020-09-30,2020-09-30,50110250,21807,70032800
2020-10-31,2020-10-31,50110250,21947,73234800
2020-11-30,2020-11-30,50110250,19990,70548650
2020-12-31,2020-12-31,50110250,19001,65998800
2021-01-31,2021-01-31,50110250,18369,60314250
2021-02-28,2021-02-28,50110250,17384,60052534
2021-03-31,2021-03-31,50110250,19901,69780550
2021-04-30,2021-04-30,50110250,20950,73755600
2021-05-31,2021-05-31,50110250,24046,79295550
2021-06-30,2021-06-30,50110250,25653,82746990
2018-01-31,2018-01-31,50110253,3702,7744200
2018-02-28,2018-02-28,50110253,3182,6799950
2018-03-31,2018-03-31,50110253,3789,8239050
2018-04-30,2018-04-30,50110253,3733,7756850
2018-05-31,2018-05-31,50110253,4084,7819200
2018-06-30,2018-06-30,50110253,4276,8349500
2018-07-31,2018-07-31,50110253,5031,9775900
2018-08-31,2018-08-31,50110253,4454,7980150
2018-09-30,2018-09-30,50110253,3689,6243150
2018-10-31,2018-10-31,50110253,3537,5927500
2018-11-30,2018-11-30,50110253,3388,6189400
2018-12-31,2018-12-31,50110253,3289,6749250
2019-01-31,2019-01-31,50110253,3129,6324700
2019-02-28,2019-02-28,50110253,2811,5733100
2019-03-31,2019-03-31,50110253,3015,6057700
2019-04-30,2019-04-30,50110253,2997,5753700
2019-05-31,2019-05-31,50110253,4231,7364450
2019-06-30,2019-06-30,50110253,4795,8786950
2019-07-31,2019-07-31,50110253,5287,9908000
2019-08-31,2019-08-31,50110253,5390,9669800
2019-09-30,2019-09-30,50110253,4749,8122000
2019-10-31,2019-10-31,50110253,4479,7338950
2019-11-30,2019-11-30,50110253,6869,15380950
2019-12-31,2019-12-31,50110253,13387,40070100
2020-01-31,2020-01-31,50110253,18289,58435300
2020-02-29,2020-02-29,50110253,19199,58395800
2020-03-31,2020-03-31,50110253,23171,66494950
2020-04-30,2020-04-30,50110253,23199,66115500
2020-05-31,2020-05-31,50110253,29041,80917650
2020-06-30,2020-06-30,50110253,30249,78356550
2020-07-31,2020-07-31,50110253,40444,104291450
2020-08-31,2020-08-31,50110253,43067,112411340
2020-09-30,2020-09-30,50110253,37419,84883500
2020-10-31,2020-10-31,50110253,36791,87842750
2020-11-30,2020-11-30,50110253,34200,89782750
2020-12-31,2020-12-31,50110253,33615,88980300
2021-01-31,2021-01-31,50110253,32503,84554750
2021-02-28,2021-02-28,50110253,30567,81911700
2021-03-31,2021-03-31,50110253,33859,90262150
2021-04-30,2021-04-30,50110253,35383,91456441
2021-05-31,2021-05-31,50110253,41080,103211100
2021-06-30,2021-06-30,50110253,42490,103756400
2019-11-30,2019-11-30,50110256,593,2720350
2019-12-31,2019-12-31,50110256,2942,11540750
2020-01-31,2020-01-31,50110256,5800,21059800
2020-02-29,2020-02-29,50110256,6097,19992650
2020-03-31,2020-03-31,50110256,7258,22170750
2020-04-30,2020-04-30,50110256,7488,21849950
2020-05-31,2020-05-31,50110256,9516,27501450
2020-06-30,2020-06-30,50110256,9180,25651800
2020-07-31,2020-07-31,50110256,13077,37079550
2020-08-31,2020-08-31,50110256,14184,41169850
2020-09-30,2020-09-30,50110256,11770,31084150
2020-10-31,2020-10-31,50110256,11513,31478700
2020-11-30,2020-11-30,50110256,10253,30118550
2020-12-31,2020-12-31,50110256,9802,26978450
2021-01-31,2021-01-31,50110256,9025,25143650
2021-02-28,2021-02-28,50110256,8833,26678900
2021-03-31,2021-03-31,50110256,10269,30919350
2021-04-30,2021-04-30,50110256,11197,33131350
2021-05-31,2021-05-31,50110256,12014,34451200
2021-06-30,2021-06-30,50110256,14031,37807150
2019-11-30,2019-11-30,50110259,1024,3136800
2019-12-31,2019-12-31,50110259,5650,19805800
2020-01-31,2020-01-31,50110259,10538,33574800
2020-02-29,2020-02-29,50110259,11046,33456300
2020-03-31,2020-03-31,50110259,14303,41512450
2020-04-30,2020-04-30,50110259,14120,38425250
2020-05-31,2020-05-31,50110259,17139,47353700
2020-06-30,2020-06-30,50110259,20172,51258650
2020-07-31,2020-07-31,50110259,27477,69350400
2020-08-31,2020-08-31,50110259,29281,77823096
2020-09-30,2020-09-30,50110259,24718,55652450
2020-10-31,2020-10-31,50110259,23921,54787850
2020-11-30,2020-11-30,50110259,21115,51482850
2020-12-31,2020-12-31,50110259,21164,52436150
2021-01-31,2021-01-31,50110259,21511,53697250
2021-02-28,2021-02-28,50110259,20543,52488300
2021-03-31,2021-03-31,50110259,23945,59529200
2021-04-30,2021-04-30,50110259,24691,58934750
2021-05-31,2021-05-31,50110259,24836,58813300
2021-06-30,2021-06-30,50110259,27732,63927750
2019-11-30,2019-11-30,50110310,238,877750
2019-12-31,2019-12-31,50110310,1189,3832350
2020-01-31,2020-01-31,50110310,2855,11322700
2020-02-29,2020-02-29,50110310,3101,11589200
2020-03-31,2020-03-31,50110310,3932,14581450
2020-04-30,2020-04-30,50110310,4181,14346100
2020-05-31,2020-05-31,50110310,5304,18264400
2020-06-30,2020-06-30,50110310,5109,17065400
2020-07-31,2020-07-31,50110310,6792,22484050
2020-08-31,2020-08-31,50110310,7621,26330500
2020-09-30,2020-09-30,50110310,6262,19161200
2020-10-31,2020-10-31,50110310,6217,18672150
2020-11-30,2020-11-30,50110310,5719,19279000
2020-12-31,2020-12-31,50110310,5476,18862000
2021-01-31,2021-01-31,50110310,5111,17767250
2021-02-28,2021-02-28,50110310,4975,17276700
2021-03-31,2021-03-31,50110310,5727,21007400
2021-04-30,2021-04-30,50110310,6147,22908150
2021-05-31,2021-05-31,50110310,7625,26927600
2021-06-30,2021-06-30,50110310,8031,27060150
2018-01-31,2018-01-31,50110510,5813,21302450
2018-02-28,2018-02-28,50110510,5367,18945550
2018-03-31,2018-03-31,50110510,6370,21493900
2018-04-30,2018-04-30,50110510,6222,19784300
2018-05-31,2018-05-31,50110510,6722,19538650
2018-06-30,2018-06-30,50110510,7071,19577700
2018-07-31,2018-07-31,50110510,8061,20983850
2018-08-31,2018-08-31,50110510,7687,20246750
2018-09-30,2018-09-30,50110510,7476,20998100
2018-10-31,2018-10-31,50110510,6957,20229300
2018-11-30,2018-11-30,50110510,6562,20483900
2018-12-31,2018-12-31,50110510,6294,21310550
2019-01-31,2019-01-31,50110510,6072,21091100
2019-02-28,2019-02-28,50110510,5639,19539750
2019-03-31,2019-03-31,50110510,6006,20226750
2019-04-30,2019-04-30,50110510,6067,20257050
2019-05-31,2019-05-31,50110510,6725,20543450
2019-06-30,2019-06-30,50110510,6946,20742350
2019-07-31,2019-07-31,50110510,7801,21474250
2019-08-31,2019-08-31,50110510,7466,20834500
2019-09-30,2019-09-30,50110510,6892,18767250
2019-10-31,2019-10-31,50110510,6787,19784150
2019-11-30,2019-11-30,50110510,6550,19832500
2019-12-31,2019-12-31,50110510,6293,20720650
2020-01-31,2020-01-31,50110510,6356,22040850
2020-02-29,2020-02-29,50110510,5638,16871700
2020-03-31,2020-03-31,50110510,5899,17045250
2020-04-30,2020-04-30,50110510,5680,16343050
2020-05-31,2020-05-31,50110510,6393,18849200
2020-06-30,2020-06-30,50110510,6109,18194950
2020-07-31,2020-07-31,50110510,6972,19485950
2020-08-31,2020-08-31,50110510,6910,17930600
2020-09-30,2020-09-30,50110510,6510,17142050
2020-10-31,2020-10-31,50110510,6689,17780350
2020-11-30,2020-11-30,50110510,6021,18145450
2020-12-31,2020-12-31,50110510,5743,16798950
2021-01-31,2021-01-31,50110510,5256,15883200
2021-02-28,2021-02-28,50110510,3763,11973600
2021-03-31,2021-03-31,50110510,5418,18107050
2021-04-30,2021-04-30,50110510,5789,18833000
2021-05-31,2021-05-31,50110510,6279,18297050
2021-06-30,2021-06-30,50110510,2707,7451200
2018-01-31,2018-01-31,50110520,67736,170627900
2018-02-28,2018-02-28,50110520,64735,162109500
2018-03-31,2018-03-31,50110520,72326,174844000
2018-04-30,2018-04-30,50110520,71477,157261450
2018-05-31,2018-05-31,50110520,78273,159126900
2018-06-30,2018-06-30,50110520,86147,173428400
2018-07-31,2018-07-31,50110520,105732,214415150
2018-08-31,2018-08-31,50110520,100784,200952900
2018-09-30,2018-09-30,50110520,92223,172179500
2018-10-31,2018-10-31,50110520,83124,156822250
2018-11-30,2018-11-30,50110520,76286,158478500
2018-12-31,2018-12-31,50110520,74600,175021800
2019-01-31,2019-01-31,50110520,71783,167320100
2019-02-28,2019-02-28,50110520,69010,164367100
2019-03-31,2019-03-31,50110520,69530,158011550
2019-04-30,2019-04-30,50110520,69104,146303100
2019-05-31,2019-05-31,50110520,78561,156256950
2019-06-30,2019-06-30,50110520,84680,161594150
2019-07-31,2019-07-31,50110520,95426,186412550
2019-08-31,2019-08-31,50110520,94476,175443050
2019-09-30,2019-09-30,50110520,88184,159734600
2019-10-31,2019-10-31,50110520,80858,138858500
2019-11-30,2019-11-30,50110520,76358,145292200
2019-12-31,2019-12-31,50110520,73379,158402800
2020-01-31,2020-01-31,50110520,75178,168618250
2020-02-29,2020-02-29,50110520,70367,153378350
2020-03-31,2020-03-31,50110520,76929,159747800
2020-04-30,2020-04-30,50110520,71736,139834000
2020-05-31,2020-05-31,50110520,82689,153382400
2020-06-30,2020-06-30,50110520,77662,143034450
2020-07-31,2020-07-31,50110520,97295,172874500
2020-08-31,2020-08-31,50110520,97928,175090900
2020-09-30,2020-09-30,50110520,86260,145286600
2020-10-31,2020-10-31,50110520,84532,145502700
2020-11-30,2020-11-30,50110520,75497,140298500
2020-12-31,2020-12-31,50110520,75320,155449300
2021-01-31,2021-01-31,50110520,69020,145053150
2021-02-28,2021-02-28,50110520,56372,118399850
2021-03-31,2021-03-31,50110520,65689,134650500
2021-04-30,2021-04-30,50110520,69143,131462200
2021-05-31,2021-05-31,50110520,79927,147183350
2021-06-30,2021-06-30,50110520,84360,147438200
2018-01-31,2018-01-31,50110530,17909,51373100
2018-02-28,2018-02-28,50110530,16827,47339200
2018-03-31,2018-03-31,50110530,19116,51699300
2018-04-30,2018-04-30,50110530,18674,46583350
2018-05-31,2018-05-31,50110530,20157,47787850
2018-06-30,2018-06-30,50110530,22372,52173500
2018-07-31,2018-07-31,50110530,26933,60661400
2018-08-31,2018-08-31,50110530,25327,55988250
2018-09-30,2018-09-30,50110530,23241,49206600
2018-10-31,2018-10-31,50110530,21915,47510650
2018-11-30,2018-11-30,50110530,20428,49084700
2018-12-31,2018-12-31,50110530,19221,49224550
2019-01-31,2019-01-31,50110530,19188,49807950
2019-02-28,2019-02-28,50110530,17586,43017550
2019-03-31,2019-03-31,50110530,18373,45641600
2019-04-30,2019-04-30,50110530,18272,42816050
2019-05-31,2019-05-31,50110530,20653,46101700
2019-06-30,2019-06-30,50110530,22154,47468200
2019-07-31,2019-07-31,50110530,25037,53054350
2019-08-31,2019-08-31,50110530,24913,51229450
2019-09-30,2019-09-30,50110530,23084,47155800
2019-10-31,2019-10-31,50110530,21091,44486050
2019-11-30,2019-11-30,50110530,20385,47579550
2019-12-31,2019-12-31,50110530,19349,49508100
2020-01-31,2020-01-31,50110530,19049,51342000
2020-02-29,2020-02-29,50110530,17733,45066950
2020-03-31,2020-03-31,50110530,20235,48128850
2020-04-30,2020-04-30,50110530,18783,43521000
2020-05-31,2020-05-31,50110530,21339,48859650
2020-06-30,2020-06-30,50110530,20107,43676550
2020-07-31,2020-07-31,50110530,23732,49991500
2020-08-31,2020-08-31,50110530,24147,47093800
2020-09-30,2020-09-30,50110530,21562,38896900
2020-10-31,2020-10-31,50110530,21457,37657550
2020-11-30,2020-11-30,50110530,19374,36796500
2020-12-31,2020-12-31,50110530,18623,37794550
2021-01-31,2021-01-31,50110530,16910,33481750
2021-02-28,2021-02-28,50110530,13680,28316950
2021-03-31,2021-03-31,50110530,17110,37497450
2021-04-30,2021-04-30,50110530,18201,39182450
2021-05-31,2021-05-31,50110530,20656,42806500
2021-06-30,2021-06-30,50110530,13892,28492400
2018-01-31,2018-01-31,50110540,99670,246651600
2018-02-28,2018-02-28,50110540,92603,230440750
2018-03-31,2018-03-31,50110540,103323,249276500
2018-04-30,2018-04-30,50110540,102728,227249550
2018-05-31,2018-05-31,50110540,113606,234533700
2018-06-30,2018-06-30,50110540,122949,250202150
2018-07-31,2018-07-31,50110540,150903,306877400
2018-08-31,2018-08-31,50110540,143767,285745750
2018-09-30,2018-09-30,50110540,132393,249370800
2018-10-31,2018-10-31,50110540,118401,225779650
2018-11-30,2018-11-30,50110540,109093,228491250
2018-12-31,2018-12-31,50110540,107167,251434850
2019-01-31,2019-01-31,50110540,104329,244881100
2019-02-28,2019-02-28,50110540,97306,231621700
2019-03-31,2019-03-31,50110540,100060,227260600
2019-04-30,2019-04-30,50110540,98775,211813200
2019-05-31,2019-05-31,50110540,111376,224717200
2019-06-30,2019-06-30,50110540,120091,234713850
2019-07-31,2019-07-31,50110540,136950,273172800
2019-08-31,2019-08-31,50110540,134060,259693200
2019-09-30,2019-09-30,50110540,123165,229571300
2019-10-31,2019-10-31,50110540,113367,202196250
2019-11-30,2019-11-30,50110540,105018,206554050
2019-12-31,2019-12-31,50110540,101481,222595500
2020-01-31,2020-01-31,50110540,99481,229944100
2020-02-29,2020-02-29,50110540,98520,221645750
2020-03-31,2020-03-31,50110540,108624,231274250
2020-04-30,2020-04-30,50110540,101094,204602850
2020-05-31,2020-05-31,50110540,117204,228796850
2020-06-30,2020-06-30,50110540,111012,222943362
2020-07-31,2020-07-31,50110540,134969,255052550
2020-08-31,2020-08-31,50110540,136787,256440620
2020-09-30,2020-09-30,50110540,117482,206499100
2020-10-31,2020-10-31,50110540,115415,207863950
2020-11-30,2020-11-30,50110540,102816,199985150
2020-12-31,2020-12-31,50110540,106044,220681900
2021-01-31,2021-01-31,50110540,101519,214562700
2021-02-28,2021-02-28,50110540,83034,178656200
2021-03-31,2021-03-31,50110540,95874,198242608
2021-04-30,2021-04-30,50110540,97899,192527200
2021-05-31,2021-05-31,50110540,112714,215882550
2021-06-30,2021-06-30,50110540,127973,225423200
2018-01-31,2018-01-31,50110550,28427,71078500
2018-02-28,2018-02-28,50110550,27127,68419050
2018-03-31,2018-03-31,50110550,29721,73542800
2018-04-30,2018-04-30,50110550,29402,66869550
2018-05-31,2018-05-31,50110550,32645,68054150
2018-06-30,2018-06-30,50110550,35688,72919400
2018-07-31,2018-07-31,50110550,43475,87997000
2018-08-31,2018-08-31,50110550,41888,84322600
2018-09-30,2018-09-30,50110550,37621,70970500
2018-10-31,2018-10-31,50110550,34547,66964900
2018-11-30,2018-11-30,50110550,31734,66904150
2018-12-31,2018-12-31,50110550,30921,73518900
2019-01-31,2019-01-31,50110550,30087,70912250
2019-02-28,2019-02-28,50110550,28980,69023300
2019-03-31,2019-03-31,50110550,29038,67585050
2019-04-30,2019-04-30,50110550,28392,62998400
2019-05-31,2019-05-31,50110550,32062,65460900
2019-06-30,2019-06-30,50110550,34226,68266500
2019-07-31,2019-07-31,50110550,39467,81298700
2019-08-31,2019-08-31,50110550,39762,79567550
2019-09-30,2019-09-30,50110550,37519,72046850
2019-10-31,2019-10-31,50110550,33462,60155000
2019-11-30,2019-11-30,50110550,30136,58742500
2019-12-31,2019-12-31,50110550,28876,64189500
2020-01-31,2020-01-31,50110550,29949,70070100
2020-02-29,2020-02-29,50110550,27917,61990800
2020-03-31,2020-03-31,50110550,29934,63840650
2020-04-30,2020-04-30,50110550,28097,56606000
2020-05-31,2020-05-31,50110550,32271,62806100
2020-06-30,2020-06-30,50110550,29910,58721055
2020-07-31,2020-07-31,50110550,36516,68090950
2020-08-31,2020-08-31,50110550,35329,66153800
2020-09-30,2020-09-30,50110550,30342,53852800
2020-10-31,2020-10-31,50110550,30585,54576750
2020-11-30,2020-11-30,50110550,27238,53469800
2020-12-31,2020-12-31,50110550,26591,57201600
2021-01-31,2021-01-31,50110550,25715,55008750
2021-02-28,2021-02-28,50110550,20172,43495350
2021-03-31,2021-03-31,50110550,23787,50034650
2021-04-30,2021-04-30,50110550,25571,51074200
2021-05-31,2021-05-31,50110550,29938,57099250
2021-06-30,2021-06-30,50110550,32306,59222300
2018-01-31,2018-01-31,50110560,16603,39820100
2018-02-28,2018-02-28,50110560,15629,36785950
2018-03-31,2018-03-31,50110560,17161,40787200
2018-04-30,2018-04-30,50110560,16835,37846950
2018-05-31,2018-05-31,50110560,19169,38050900
2018-06-30,2018-06-30,50110560,21206,41411150
2018-07-31,2018-07-31,50110560,26313,51910050
2018-08-31,2018-08-31,50110560,25227,48277350
2018-09-30,2018-09-30,50110560,23226,42080450
2018-10-31,2018-10-31,50110560,21586,40283000
2018-11-30,2018-11-30,50110560,20066,39478300
2018-12-31,2018-12-31,50110560,19183,43280150
2019-01-31,2019-01-31,50110560,18552,40432400
2019-02-28,2019-02-28,50110560,18214,40530650
2019-03-31,2019-03-31,50110560,19154,40510300
2019-04-30,2019-04-30,50110560,18667,38799550
2019-05-31,2019-05-31,50110560,19882,39018000
2019-06-30,2019-06-30,50110560,22246,43205150
2019-07-31,2019-07-31,50110560,25165,48782500
2019-08-31,2019-08-31,50110560,24765,46484250
2019-09-30,2019-09-30,50110560,21979,40115250
2019-10-31,2019-10-31,50110560,19399,34224250
2019-11-30,2019-11-30,50110560,18375,35060900
2019-12-31,2019-12-31,50110560,17166,35540150
2020-01-31,2020-01-31,50110560,15603,33954800
2020-02-29,2020-02-29,50110560,14806,31296400
2020-03-31,2020-03-31,50110560,15696,31831100
2020-04-30,2020-04-30,50110560,15209,29979550
2020-05-31,2020-05-31,50110560,18126,35372900
2020-06-30,2020-06-30,50110560,18461,37503450
2020-07-31,2020-07-31,50110560,20887,39410400
2020-08-31,2020-08-31,50110560,19954,38042250
2020-09-30,2020-09-30,50110560,17484,30701050
2020-10-31,2020-10-31,50110560,16851,30367250
2020-11-30,2020-11-30,50110560,15278,30242650
2020-12-31,2020-12-31,50110560,15019,31214650
2021-01-31,2021-01-31,50110560,12959,28184650
2021-02-28,2021-02-28,50110560,12085,26655750
2021-03-31,2021-03-31,50110560,11799,24801600
2021-04-30,2021-04-30,50110560,11627,23157600
2021-05-31,2021-05-31,50110560,12852,24945700
2021-06-30,2021-06-30,50110560,12943,24066500
2018-01-31,2018-01-31,50110570,14853,40712250
2018-02-28,2018-02-28,50110570,14064,37374350
2018-03-31,2018-03-31,50110570,16047,42821400
2018-04-30,2018-04-30,50110570,15785,39343900
2018-05-31,2018-05-31,50110570,17283,39819000
2018-06-30,2018-06-30,50110570,18322,40188250
2018-07-31,2018-07-31,50110570,22707,48926550
2018-08-31,2018-08-31,50110570,21494,46123400
2018-09-30,2018-09-30,50110570,20276,41854350
2018-10-31,2018-10-31,50110570,18475,38562750
2018-11-30,2018-11-30,50110570,16845,38430500
2018-12-31,2018-12-31,50110570,16158,41677600
2019-01-31,2019-01-31,50110570,15773,39537950
2019-02-28,2019-02-28,50110570,15265,38227350
2019-03-31,2019-03-31,50110570,15436,37816350
2019-04-30,2019-04-30,50110570,15302,35929200
2019-05-31,2019-05-31,50110570,16825,35526250
2019-06-30,2019-06-30,50110570,18183,37244900
2019-07-31,2019-07-31,50110570,20411,41799350
2019-08-31,2019-08-31,50110570,21097,42579500
2019-09-30,2019-09-30,50110570,19488,38817250
2019-10-31,2019-10-31,50110570,17876,35074400
2019-11-30,2019-11-30,50110570,16803,35593650
2019-12-31,2019-12-31,50110570,16518,38401950
2020-01-31,2020-01-31,50110570,16978,39746300
2020-02-29,2020-02-29,50110570,15367,35311750
2020-03-31,2020-03-31,50110570,16189,35536300
2020-04-30,2020-04-30,50110570,15099,31146900
2020-05-31,2020-05-31,50110570,17593,34807400
2020-06-30,2020-06-30,50110570,16649,33887649
2020-07-31,2020-07-31,50110570,19977,36729700
2020-08-31,2020-08-31,50110570,19329,36390400
2020-09-30,2020-09-30,50110570,16901,31369450
2020-10-31,2020-10-31,50110570,16743,30243500
2020-11-30,2020-11-30,50110570,14329,28326650
2020-12-31,2020-12-31,50110570,14631,30491200
2021-01-31,2021-01-31,50110570,13667,28496450
2021-02-28,2021-02-28,50110570,10887,22772750
2021-03-31,2021-03-31,50110570,12237,25848900
2021-04-30,2021-04-30,50110570,13947,28097300
2021-05-31,2021-05-31,50110570,16992,33500950
2021-06-30,2021-06-30,50110570,18047,33693350
2018-01-31,2018-01-31,50110580,28816,68654450
2018-02-28,2018-02-28,50110580,27464,65950150
2018-03-31,2018-03-31,50110580,30143,69454350
2018-04-30,2018-04-30,50110580,29754,64687850
2018-05-31,2018-05-31,50110580,33144,66675300
2018-06-30,2018-06-30,50110580,36591,71688750
2018-07-31,2018-07-31,50110580,45368,89787950
2018-08-31,2018-08-31,50110580,42578,83612550
2018-09-30,2018-09-30,50110580,39711,72694000
2018-10-31,2018-10-31,50110580,35463,65808900
2018-11-30,2018-11-30,50110580,32192,64771150
2018-12-31,2018-12-31,50110580,31274,70913350
2019-01-31,2019-01-31,50110580,30372,68830800
2019-02-28,2019-02-28,50110580,29522,66050350
2019-03-31,2019-03-31,50110580,29796,65200500
2019-04-30,2019-04-30,50110580,29760,63115600
2019-05-31,2019-05-31,50110580,34096,67551750
2019-06-30,2019-06-30,50110580,36485,69787550
2019-07-31,2019-07-31,50110580,41712,80724950
2019-08-31,2019-08-31,50110580,41736,78100000
2019-09-30,2019-09-30,50110580,37849,69717350
2019-10-31,2019-10-31,50110580,34583,63211900
2019-11-30,2019-11-30,50110580,31786,63714550
2019-12-31,2019-12-31,50110580,29930,65067300
2020-01-31,2020-01-31,50110580,30237,67781500
2020-02-29,2020-02-29,50110580,28910,61018600
2020-03-31,2020-03-31,50110580,31151,61010900
2020-04-30,2020-04-30,50110580,29818,57175200
2020-05-31,2020-05-31,50110580,34583,62409650
2020-06-30,2020-06-30,50110580,32160,58453350
2020-07-31,2020-07-31,50110580,40900,71460000
2020-08-31,2020-08-31,50110580,40998,73913800
2020-09-30,2020-09-30,50110580,36391,59800000
2020-10-31,2020-10-31,50110580,36094,62033400
2020-11-30,2020-11-30,50110580,31301,57733300
2020-12-31,2020-12-31,50110580,30475,61444900
2021-01-31,2021-01-31,50110580,28266,57256400
2021-02-28,2021-02-28,50110580,24419,49429650
2021-03-31,2021-03-31,50110580,28065,56587400
2021-04-30,2021-04-30,50110580,28990,58446350
2021-05-31,2021-05-31,50110580,33544,61815700
2021-06-30,2021-06-30,50110580,35913,62862000
2018-01-31,2018-01-31,50110590,18416,45646550
2018-02-28,2018-02-28,50110590,17491,42953550
2018-03-31,2018-03-31,50110590,19396,46422450
2018-04-30,2018-04-30,50110590,19179,42438700
2018-05-31,2018-05-31,50110590,21277,44893300
2018-06-30,2018-06-30,50110590,23311,48187900
2018-07-31,2018-07-31,50110590,28626,57478250
2018-08-31,2018-08-31,50110590,26842,52553750
2018-09-30,2018-09-30,50110590,25510,49888000
2018-10-31,2018-10-31,50110590,23042,45417700
2018-11-30,2018-11-30,50110590,20791,42954200
2018-12-31,2018-12-31,50110590,20161,47652200
2019-01-31,2019-01-31,50110590,19741,46571200
2019-02-28,2019-02-28,50110590,18910,46934900
2019-03-31,2019-03-31,50110590,18966,43272850
2019-04-30,2019-04-30,50110590,18991,41103100
2019-05-31,2019-05-31,50110590,21797,45366000
2019-06-30,2019-06-30,50110590,23387,47155800
2019-07-31,2019-07-31,50110590,26082,54400500
2019-08-31,2019-08-31,50110590,26561,50759250
2019-09-30,2019-09-30,50110590,24806,47534600
2019-10-31,2019-10-31,50110590,22040,40734600
2019-11-30,2019-11-30,50110590,20387,40990100
2019-12-31,2019-12-31,50110590,19300,43076900
2020-01-31,2020-01-31,50110590,20359,45356150
2020-02-29,2020-02-29,50110590,18554,40314100
2020-03-31,2020-03-31,50110590,19812,40335450
2020-04-30,2020-04-30,50110590,18703,36668950
2020-05-31,2020-05-31,50110590,21611,40943550
2020-06-30,2020-06-30,50110590,20591,40283450
2020-07-31,2020-07-31,50110590,25261,46323350
2020-08-31,2020-08-31,50110590,25377,45467600
2020-09-30,2020-09-30,50110590,21173,35693200
2020-10-31,2020-10-31,50110590,21072,36567550
2020-11-30,2020-11-30,50110590,18837,35796000
2020-12-31,2020-12-31,50110590,18178,37884150
2021-01-31,2021-01-31,50110590,17467,36737750
2021-02-28,2021-02-28,50110590,13784,29397850
2021-03-31,2021-03-31,50110590,16998,34167750
2021-04-30,2021-04-30,50110590,17780,35386850
2021-05-31,2021-05-31,50110590,20131,38047500
2021-06-30,2021-06-30,50110590,20296,36493300
2018-01-31,2018-01-31,50110600,51690,114334400
2018-02-28,2018-02-28,50110600,47688,105830050
2018-03-31,2018-03-31,50110600,53401,114024100
2018-04-30,2018-04-30,50110600,52710,105834250
2018-05-31,2018-05-31,50110600,58072,107752200
2018-06-30,2018-06-30,50110600,62458,114111850
2018-07-31,2018-07-31,50110600,76276,142231050
2018-08-31,2018-08-31,50110600,72639,130959050
2018-09-30,2018-09-30,50110600,66343,112172300
2018-10-31,2018-10-31,50110600,59991,103716450
2018-11-30,2018-11-30,50110600,55212,104840400
2018-12-31,2018-12-31,50110600,54869,116152300
2019-01-31,2019-01-31,50110600,52878,110709600
2019-02-28,2019-02-28,50110600,50778,108215250
2019-03-31,2019-03-31,50110600,52028,105681200
2019-04-30,2019-04-30,50110600,51843,98866950
2019-05-31,2019-05-31,50110600,60377,109625250
2019-06-30,2019-06-30,50110600,66830,116664200
2019-07-31,2019-07-31,50110600,74129,134815950
2019-08-31,2019-08-31,50110600,75355,130354050
2019-09-30,2019-09-30,50110600,68654,117706750
2019-10-31,2019-10-31,50110600,62491,101150900
2019-11-30,2019-11-30,50110600,59138,104822800
2019-12-31,2019-12-31,50110600,57709,113107650
2020-01-31,2020-01-31,50110600,58976,119860500
2020-02-29,2020-02-29,50110600,57567,114810400
2020-03-31,2020-03-31,50110600,62259,119211150
2020-04-30,2020-04-30,50110600,58277,105266900
2020-05-31,2020-05-31,50110600,67119,117300450
2020-06-30,2020-06-30,50110600,64976,116089950
2020-07-31,2020-07-31,50110600,75061,127929850
2020-08-31,2020-08-31,50110600,73520,126103400
2020-09-30,2020-09-30,50110600,62448,100829150
2020-10-31,2020-10-31,50110600,62294,101544850
2020-11-30,2020-11-30,50110600,56011,98963800
2020-12-31,2020-12-31,50110600,57705,110165700
2021-01-31,2021-01-31,50110600,55138,106196950
2021-02-28,2021-02-28,50110600,40817,79066250
2021-03-31,2021-03-31,50110600,53509,101663700
2021-04-30,2021-04-30,50110600,55664,99636900
2021-05-31,2021-05-31,50110600,62978,109316800
2021-06-30,2021-06-30,50110600,66088,110750050
2018-01-31,2018-01-31,50110610,42726,102218000
2018-02-28,2018-02-28,50110610,40524,96713450
2018-03-31,2018-03-31,50110610,44644,102398050
2018-04-30,2018-04-30,50110610,43448,92406800
2018-05-31,2018-05-31,50110610,48141,97071900
2018-06-30,2018-06-30,50110610,52339,104939850
2018-07-31,2018-07-31,50110610,64273,132845050
2018-08-31,2018-08-31,50110610,61645,121738500
2018-09-30,2018-09-30,50110610,56783,103698750
2018-10-31,2018-10-31,50110610,51684,95545200
2018-11-30,2018-11-30,50110610,48542,97723950
2018-12-31,2018-12-31,50110610,47484,106564050
2019-01-31,2019-01-31,50110610,46268,102886400
2019-02-28,2019-02-28,50110610,44277,100438200
2019-03-31,2019-03-31,50110610,45290,98265650
2019-04-30,2019-04-30,50110610,44832,91513250
2019-05-31,2019-05-31,50110610,51980,101518950
2019-06-30,2019-06-30,50110610,56050,109558700
2019-07-31,2019-07-31,50110610,63531,127378250
2019-08-31,2019-08-31,50110610,63800,118668400
2019-09-30,2019-09-30,50110610,58756,108093245
2019-10-31,2019-10-31,50110610,53732,92665885
2019-11-30,2019-11-30,50110610,50101,93866750
2019-12-31,2019-12-31,50110610,49182,102451450
2020-01-31,2020-01-31,50110610,49621,108895450
2020-02-29,2020-02-29,50110610,47844,103103700
2020-03-31,2020-03-31,50110610,53093,109838850
2020-04-30,2020-04-30,50110610,48902,95539210
2020-05-31,2020-05-31,50110610,55436,104476200
2020-06-30,2020-06-30,50110610,47912,89653250
2020-07-31,2020-07-31,50110610,60173,110306150
2020-08-31,2020-08-31,50110610,60258,110548100
2020-09-30,2020-09-30,50110610,52094,88975450
2020-10-31,2020-10-31,50110610,49636,86136310
2020-11-30,2020-11-30,50110610,43932,84711750
2020-12-31,2020-12-31,50110610,46912,97844950
2021-01-31,2021-01-31,50110610,45538,94467640
2021-02-28,2021-02-28,50110610,38048,80428320
2021-03-31,2021-03-31,50110610,42531,87197200
2021-04-30,2021-04-30,50110610,43813,84829840
2021-05-31,2021-05-31,50110610,49969,93122870
2021-06-30,2021-06-30,50110610,52430,96172500
2018-01-31,2018-01-31,50110620,3709,10390450
2018-02-28,2018-02-28,50110620,3511,9991650
2018-03-31,2018-03-31,50110620,3851,10577250
2018-04-30,2018-04-30,50110620,3984,10487400
2018-05-31,2018-05-31,50110620,4727,11513550
2018-06-30,2018-06-30,50110620,5177,11721950
2018-07-31,2018-07-31,50110620,6289,14849800
2018-08-31,2018-08-31,50110620,6120,14493600
2018-09-30,2018-09-30,50110620,5883,13159300
2018-10-31,2018-10-31,50110620,5437,12044850
2018-11-30,2018-11-30,50110620,5042,12438750
2018-12-31,2018-12-31,50110620,6800,15268450
2019-01-31,2019-01-31,50110620,7395,15822450
2019-02-28,2019-02-28,50110620,7161,15840150
2019-03-31,2019-03-31,50110620,7373,15534700
2019-04-30,2019-04-30,50110620,7343,15217800
2019-05-31,2019-05-31,50110620,8453,16219600
2019-06-30,2019-06-30,50110620,8928,16879500
2019-07-31,2019-07-31,50110620,10208,20094100
2019-08-31,2019-08-31,50110620,9645,17698900
2019-09-30,2019-09-30,50110620,9301,16732150
2019-10-31,2019-10-31,50110620,8754,14864800
2019-11-30,2019-11-30,50110620,8296,15031050
2019-12-31,2019-12-31,50110620,7950,15966250
2020-01-31,2020-01-31,50110620,8060,16561850
2020-02-29,2020-02-29,50110620,7796,15622400
2020-03-31,2020-03-31,50110620,8563,15780450
2020-04-30,2020-04-30,50110620,8157,14598650
2020-05-31,2020-05-31,50110620,9086,15886600
2020-06-30,2020-06-30,50110620,8841,16575149
2020-07-31,2020-07-31,50110620,10706,18891000
2020-08-31,2020-08-31,50110620,10745,19456900
2020-09-30,2020-09-30,50110620,9477,15629750
2020-10-31,2020-10-31,50110620,9248,15425650
2020-11-30,2020-11-30,50110620,8097,14457800
2020-12-31,2020-12-31,50110620,8207,15685200
2021-01-31,2021-01-31,50110620,7966,15180900
2021-02-28,2021-02-28,50110620,6496,12899650
2021-03-31,2021-03-31,50110620,7480,13873900
2021-04-30,2021-04-30,50110620,7564,13278500
2021-05-31,2021-05-31,50110620,9026,15601950
2021-06-30,2021-06-30,50110620,9426,16048700
2018-01-31,2018-01-31,50110630,51381,120076450
2018-02-28,2018-02-28,50110630,47792,113409350
2018-03-31,2018-03-31,50110630,56005,126600400
2018-04-30,2018-04-30,50110630,57187,120009900
2018-05-31,2018-05-31,50110630,62967,125428550
2018-06-30,2018-06-30,50110630,66807,131746050
2018-07-31,2018-07-31,50110630,80137,160430750
2018-08-31,2018-08-31,50110630,77120,150581150
2018-09-30,2018-09-30,50110630,70843,128068300
2018-10-31,2018-10-31,50110630,65156,121516250
2018-11-30,2018-11-30,50110630,61326,124576750
2018-12-31,2018-12-31,50110630,60275,134846400
2019-01-31,2019-01-31,50110630,58479,131907350
2019-02-28,2019-02-28,50110630,54591,125788600
2019-03-31,2019-03-31,50110630,57211,125495000
2019-04-30,2019-04-30,50110630,56440,116138550
2019-05-31,2019-05-31,50110630,64629,128605265
2019-06-30,2019-06-30,50110630,66456,129864113
2019-07-31,2019-07-31,50110630,73778,146464000
2019-08-31,2019-08-31,50110630,73928,141699350
2019-09-30,2019-09-30,50110630,68472,125690350
2019-10-31,2019-10-31,50110630,64201,111021800
2019-11-30,2019-11-30,50110630,59590,113050500
2019-12-31,2019-12-31,50110630,58317,120968950
2020-01-31,2020-01-31,50110630,50934,110772750
2020-02-29,2020-02-29,50110630,55782,117567400
2020-03-31,2020-03-31,50110630,63040,125026900
2020-04-30,2020-04-30,50110630,58275,111515050
2020-05-31,2020-05-31,50110630,66911,125904100
2020-06-30,2020-06-30,50110630,60043,112703700
2020-07-31,2020-07-31,50110630,74456,139674450
2020-08-31,2020-08-31,50110630,74924,141323900
2020-09-30,2020-09-30,50110630,62672,108428100
2020-10-31,2020-10-31,50110630,59808,105955960
2020-11-30,2020-11-30,50110630,55773,107873600
2020-12-31,2020-12-31,50110630,58078,119343000
2021-01-31,2021-01-31,50110630,55238,115795850
2021-02-28,2021-02-28,50110630,49746,104113000
2021-03-31,2021-03-31,50110630,51813,105042100
2021-04-30,2021-04-30,50110630,50260,94682900
2021-05-31,2021-05-31,50110630,57174,107045700
2021-06-30,2021-06-30,50110630,60530,112190800
2018-01-31,2018-01-31,50110640,21959,54526600
2018-02-28,2018-02-28,50110640,20462,51631850
2018-03-31,2018-03-31,50110640,22804,55909700
2018-04-30,2018-04-30,50110640,22516,52750250
2018-05-31,2018-05-31,50110640,25575,55474400
2018-06-30,2018-06-30,50110640,28124,60373450
2018-07-31,2018-07-31,50110640,34220,73072800
2018-08-31,2018-08-31,50110640,32538,68955750
2018-09-30,2018-09-30,50110640,29839,57673000
2018-10-31,2018-10-31,50110640,27793,55131400
2018-11-30,2018-11-30,50110640,25873,55900850
2018-12-31,2018-12-31,50110640,25950,61793000
2019-01-31,2019-01-31,50110640,25403,60950700
2019-02-28,2019-02-28,50110640,24220,58486400
2019-03-31,2019-03-31,50110640,25569,59515150
2019-04-30,2019-04-30,50110640,25365,55311750
2019-05-31,2019-05-31,50110640,28760,59584800
2019-06-30,2019-06-30,50110640,30830,62850300
2019-07-31,2019-07-31,50110640,35209,73058550
2019-08-31,2019-08-31,50110640,35696,70181500
2019-09-30,2019-09-30,50110640,35307,66121150
2019-10-31,2019-10-31,50110640,31604,56696450
2019-11-30,2019-11-30,50110640,27070,55212450
2019-12-31,2019-12-31,50110640,26760,59647100
2020-01-31,2020-01-31,50110640,26824,62218300
2020-02-29,2020-02-29,50110640,25411,57683650
2020-03-31,2020-03-31,50110640,27508,59354850
2020-04-30,2020-04-30,50110640,25770,53100000
2020-05-31,2020-05-31,50110640,29580,59632400
2020-06-30,2020-06-30,50110640,29489,58819899
2020-07-31,2020-07-31,50110640,35077,67532450
2020-08-31,2020-08-31,50110640,36243,70038100
2020-09-30,2020-09-30,50110640,30978,56426750
2020-10-31,2020-10-31,50110640,30489,56171250
2020-11-30,2020-11-30,50110640,27827,55021000
2020-12-31,2020-12-31,50110640,29036,62629100
2021-01-31,2021-01-31,50110640,27858,60085650
2021-02-28,2021-02-28,50110640,22967,50073100
2021-03-31,2021-03-31,50110640,25401,53931150
2021-04-30,2021-04-30,50110640,25765,51424200
2021-05-31,2021-05-31,50110640,29350,57321800
2021-06-30,2021-06-30,50110640,30482,58187300
2018-01-31,2018-01-31,50110650,87893,206889500
2018-02-28,2018-02-28,50110650,80743,191655500
2018-03-31,2018-03-31,50110650,90628,209706300
2018-04-30,2018-04-30,50110650,90536,196002700
2018-05-31,2018-05-31,50110650,99607,201843450
2018-06-30,2018-06-30,50110650,106320,210002200
2018-07-31,2018-07-31,50110650,127759,253462200
2018-08-31,2018-08-31,50110650,121127,236127850
2018-09-30,2018-09-30,50110650,112172,206187100
2018-10-31,2018-10-31,50110650,103328,194120950
2018-11-30,2018-11-30,50110650,96205,196586350
2018-12-31,2018-12-31,50110650,92782,211932650
2019-01-31,2019-01-31,50110650,90183,203753650
2019-02-28,2019-02-28,50110650,83752,191881450
2019-03-31,2019-03-31,50110650,86765,192251450
2019-04-30,2019-04-30,50110650,87345,184190350
2019-05-31,2019-05-31,50110650,99507,197044200
2019-06-30,2019-06-30,50110650,104813,204564100
2019-07-31,2019-07-31,50110650,117094,230929350
2019-08-31,2019-08-31,50110650,118698,228375261
2019-09-30,2019-09-30,50110650,108349,202175700
2019-10-31,2019-10-31,50110650,102100,182421200
2019-11-30,2019-11-30,50110650,94404,183488850
2019-12-31,2019-12-31,50110650,91744,199559550
2020-01-31,2020-01-31,50110650,77081,173357100
2020-02-29,2020-02-29,50110650,86995,184990350
2020-03-31,2020-03-31,50110650,96062,193495350
2020-04-30,2020-04-30,50110650,89161,173115250
2020-05-31,2020-05-31,50110650,102397,193430500
2020-06-30,2020-06-30,50110650,93671,174126550
2020-07-31,2020-07-31,50110650,118315,217649050
2020-08-31,2020-08-31,50110650,123257,227439000
2020-09-30,2020-09-30,50110650,109284,187614200
2020-10-31,2020-10-31,50110650,103635,181125650
2020-11-30,2020-11-30,50110650,93837,180737600
2020-12-31,2020-12-31,50110650,96956,195632400
2021-01-31,2021-01-31,50110650,92675,186455350
2021-02-28,2021-02-28,50110650,85077,175310650
2021-03-31,2021-03-31,50110650,90560,183660400
2021-04-30,2021-04-30,50110650,87258,167509250
2021-05-31,2021-05-31,50110650,98129,181776100
2021-06-30,2021-06-30,50110650,105468,189432610
2018-01-31,2018-01-31,50110660,113990,265018400
2018-02-28,2018-02-28,50110660,103571,243744900
2018-03-31,2018-03-31,50110660,117835,268625650
2018-04-30,2018-04-30,50110660,116559,248898350
2018-05-31,2018-05-31,50110660,129778,259232500
2018-06-30,2018-06-30,50110660,138587,272193365
2018-07-31,2018-07-31,50110660,166509,327483750
2018-08-31,2018-08-31,50110660,159491,306231800
2018-09-30,2018-09-30,50110660,144302,259310550
2018-10-31,2018-10-31,50110660,134077,244370750
2018-11-30,2018-11-30,50110660,124342,246249750
2018-12-31,2018-12-31,50110660,123178,273200900
2019-01-31,2019-01-31,50110660,116979,260492900
2019-02-28,2019-02-28,50110660,111835,251290500
2019-03-31,2019-03-31,50110660,115276,249789350
2019-04-30,2019-04-30,50110660,115179,237397550
2019-05-31,2019-05-31,50110660,127025,249305400
2019-06-30,2019-06-30,50110660,133924,258025550
2019-07-31,2019-07-31,50110660,151462,295221200
2019-08-31,2019-08-31,50110660,152487,285216650
2019-09-30,2019-09-30,50110660,139536,253510600
2019-10-31,2019-10-31,50110660,129982,223797811
2019-11-30,2019-11-30,50110660,121182,230736200
2019-12-31,2019-12-31,50110660,117990,247186350
2020-01-31,2020-01-31,50110660,108198,234382600
2020-02-29,2020-02-29,50110660,112953,241766400
2020-03-31,2020-03-31,50110660,125089,255138700
2020-04-30,2020-04-30,50110660,116837,226073450
2020-05-31,2020-05-31,50110660,132995,249341150
2020-06-30,2020-06-30,50110660,122308,226997876
2020-07-31,2020-07-31,50110660,154741,278924650
2020-08-31,2020-08-31,50110660,161492,290691050
2020-09-30,2020-09-30,50110660,139314,232960150
2020-10-31,2020-10-31,50110660,135035,232088700
2020-11-30,2020-11-30,50110660,123836,231329350
2020-12-31,2020-12-31,50110660,127389,255413000
2021-01-31,2021-01-31,50110660,120758,247444300
2021-02-28,2021-02-28,50110660,108469,227399950
2021-03-31,2021-03-31,50110660,115113,232733500
2021-04-30,2021-04-30,50110660,110768,212851000
2021-05-31,2021-05-31,50110660,123524,227061100
2021-06-30,2021-06-30,50110660,133924,239069250
2018-01-31,2018-01-31,50110670,40581,95864700
2018-02-28,2018-02-28,50110670,37306,88582050
2018-03-31,2018-03-31,50110670,42208,97356250
2018-04-30,2018-04-30,50110670,41487,88844750
2018-05-31,2018-05-31,50110670,46513,94064300
2018-06-30,2018-06-30,50110670,50174,100357550
2018-07-31,2018-07-31,50110670,61048,124292900
2018-08-31,2018-08-31,50110670,57730,115475450
2018-09-30,2018-09-30,50110670,53099,97489600
2018-10-31,2018-10-31,50110670,49457,93525200
2018-11-30,2018-11-30,50110670,45494,94443250
2018-12-31,2018-12-31,50110670,45089,101745450
2019-01-31,2019-01-31,50110670,43374,97317450
2019-02-28,2019-02-28,50110670,40796,93201100
2019-03-31,2019-03-31,50110670,42783,93075950
2019-04-30,2019-04-30,50110670,42723,87075650
2019-05-31,2019-05-31,50110670,47726,92812950
2019-06-30,2019-06-30,50110670,50593,97149950
2019-07-31,2019-07-31,50110670,56477,112283300
2019-08-31,2019-08-31,50110670,57207,107713250
2019-09-30,2019-09-30,50110670,52843,96168350
2019-10-31,2019-10-31,50110670,49311,85114050
2019-11-30,2019-11-30,50110670,45676,86091200
2019-12-31,2019-12-31,50110670,44655,92350950
2020-01-31,2020-01-31,50110670,41858,92336746
2020-02-29,2020-02-29,50110670,43481,94108700
2020-03-31,2020-03-31,50110670,48054,98399600
2020-04-30,2020-04-30,50110670,45059,89160650
2020-05-31,2020-05-31,50110670,50993,98045200
2020-06-30,2020-06-30,50110670,46765,88248849
2020-07-31,2020-07-31,50110670,59199,111732950
2020-08-31,2020-08-31,50110670,58718,110243800
2020-09-30,2020-09-30,50110670,51461,88884250
2020-10-31,2020-10-31,50110670,49949,89881050
2020-11-30,2020-11-30,50110670,45238,88486000
2020-12-31,2020-12-31,50110670,46892,98028250
2021-01-31,2021-01-31,50110670,45127,96402550
2021-02-28,2021-02-28,50110670,39492,84339150
2021-03-31,2021-03-31,50110670,43893,90926700
2021-04-30,2021-04-30,50110670,45171,89457350
2021-05-31,2021-05-31,50110670,50516,97421950
2021-06-30,2021-06-30,50110670,53226,100096900
2018-01-31,2018-01-31,50110680,6890,17513450
2018-02-28,2018-02-28,50110680,6487,16209850
2018-03-31,2018-03-31,50110680,7202,18059150
2018-04-30,2018-04-30,50110680,7355,17653400
2018-05-31,2018-05-31,50110680,8384,18423750
2018-06-30,2018-06-30,50110680,9378,20108550
2018-07-31,2018-07-31,50110680,11524,24586600
2018-08-31,2018-08-31,50110680,10874,23119700
2018-09-30,2018-09-30,50110680,9990,19464750
2018-10-31,2018-10-31,50110680,9009,18088600
2018-11-30,2018-11-30,50110680,8273,18173250
2018-12-31,2018-12-31,50110680,7857,19062100
2019-01-31,2019-01-31,50110680,7845,19278750
2019-02-28,2019-02-28,50110680,7603,18806000
2019-03-31,2019-03-31,50110680,7900,18573500
2019-04-30,2019-04-30,50110680,8221,18478550
2019-05-31,2019-05-31,50110680,9280,20127650
2019-06-30,2019-06-30,50110680,10131,21368200
2019-07-31,2019-07-31,50110680,11623,25321400
2019-08-31,2019-08-31,50110680,11645,24983650
2019-09-30,2019-09-30,50110680,10648,22081450
2019-10-31,2019-10-31,50110680,9695,19865800
2019-11-30,2019-11-30,50110680,8809,20064600
2019-12-31,2019-12-31,50110680,8373,20094800
2020-01-31,2020-01-31,50110680,8681,23302900
2020-02-29,2020-02-29,50110680,8372,21174500
2020-03-31,2020-03-31,50110680,9196,21279150
2020-04-30,2020-04-30,50110680,8327,18466400
2020-05-31,2020-05-31,50110680,9975,21388150
2020-06-30,2020-06-30,50110680,8996,18843700
2020-07-31,2020-07-31,50110680,11940,24443100
2020-08-31,2020-08-31,50110680,12158,26576100
2020-09-30,2020-09-30,50110680,10064,19857650
2020-10-31,2020-10-31,50110680,10220,21155300
2020-11-30,2020-11-30,50110680,9071,20030450
2020-12-31,2020-12-31,50110680,9161,20953200
2021-01-31,2021-01-31,50110680,8663,19924750
2021-02-28,2021-02-28,50110680,6817,16235200
2021-03-31,2021-03-31,50110680,7967,18808700
2021-04-30,2021-04-30,50110680,8655,19633000
2021-05-31,2021-05-31,50110680,9544,20363000
2021-06-30,2021-06-30,50110680,10497,21586550
2018-01-31,2018-01-31,50110690,5338,14694200
2018-02-28,2018-02-28,50110690,4940,14004850
2018-03-31,2018-03-31,50110690,5648,15804550
2018-04-30,2018-04-30,50110690,5572,14904200
2018-05-31,2018-05-31,50110690,6253,15476250
2018-06-30,2018-06-30,50110690,6760,16682350
2018-07-31,2018-07-31,50110690,8109,19566250
2018-08-31,2018-08-31,50110690,7809,18073950
2018-09-30,2018-09-30,50110690,7408,16785750
2018-10-31,2018-10-31,50110690,6888,16677600
2018-11-30,2018-11-30,50110690,6403,15927400
2018-12-31,2018-12-31,50110690,6233,16824600
2019-01-31,2019-01-31,50110690,5913,15314350
2019-02-28,2019-02-28,50110690,5621,14416750
2019-03-31,2019-03-31,50110690,5700,15020400
2019-04-30,2019-04-30,50110690,5888,15270900
2019-05-31,2019-05-31,50110690,6704,16476700
2019-06-30,2019-06-30,50110690,7195,16892650
2019-07-31,2019-07-31,50110690,8407,20124150
2019-08-31,2019-08-31,50110690,8766,20959850
2019-09-30,2019-09-30,50110690,7896,18552500
2019-10-31,2019-10-31,50110690,7376,18124000
2019-11-30,2019-11-30,50110690,6909,18902350
2019-12-31,2019-12-31,50110690,6527,17385050
2020-01-31,2020-01-31,50110690,6581,18797900
2020-02-29,2020-02-29,50110690,6079,16045750
2020-03-31,2020-03-31,50110690,6373,16070150
2020-04-30,2020-04-30,50110690,5890,14195400
2020-05-31,2020-05-31,50110690,6872,16621200
2020-06-30,2020-06-30,50110690,6829,16569750
2020-07-31,2020-07-31,50110690,8482,20972600
2020-08-31,2020-08-31,50110690,8578,21004750
2020-09-30,2020-09-30,50110690,7432,16956300
2020-10-31,2020-10-31,50110690,7681,18218650
2020-11-30,2020-11-30,50110690,7114,18714300
2020-12-31,2020-12-31,50110690,6863,17619050
2021-01-31,2021-01-31,50110690,6898,17814850
2021-02-28,2021-02-28,50110690,5969,15402250
2021-03-31,2021-03-31,50110690,6681,17504100
2021-04-30,2021-04-30,50110690,6926,17377150
2021-05-31,2021-05-31,50110690,8298,19663550
2021-06-30,2021-06-30,50110690,8749,19733350
2018-01-31,2018-01-31,50130250,10185,38885550
2018-02-28,2018-02-28,50130250,9530,36731400
2018-03-31,2018-03-31,50130250,11087,43941150
2018-04-30,2018-04-30,50130250,11311,41431100
2018-05-31,2018-05-31,50130250,12810,43391800
2018-06-30,2018-06-30,50130250,13202,44202200
2018-07-31,2018-07-31,50130250,13985,50247200
2018-08-31,2018-08-31,50130250,15985,53799900
2018-09-30,2018-09-30,50130250,15276,50900300
2018-10-31,2018-10-31,50130250,13956,47706650
2018-11-30,2018-11-30,50130250,13481,49818000
2018-12-31,2018-12-31,50130250,12238,52109450
2019-01-31,2019-01-31,50130250,15727,59920500
2019-02-28,2019-02-28,50130250,17555,64507450
2019-03-31,2019-03-31,50130250,20864,74448950
2019-04-30,2019-04-30,50130250,22208,76326749
2019-05-31,2019-05-31,50130250,28406,89408798
2019-06-30,2019-06-30,50130250,29856,94718850
2019-07-31,2019-07-31,50130250,29752,99189650
2019-08-31,2019-08-31,50130250,36484,105859200
2019-09-30,2019-09-30,50130250,22135,51079250
2019-10-31,2019-10-31,50130250,29849,77633150
2019-11-30,2019-11-30,50130250,33506,99774700
2019-12-31,2019-12-31,50130250,30188,102687000
2020-01-31,2020-01-31,50130250,30696,104173150
2020-02-29,2020-02-29,50130250,31001,97979349
2020-03-31,2020-03-31,50130250,32870,103538750
2020-04-30,2020-04-30,50130250,31888,95039599
2020-05-31,2020-05-31,50130250,37916,110405348
2020-06-30,2020-06-30,50130250,36214,103177347
2020-07-31,2020-07-31,50130250,34439,99259041
2020-08-31,2020-08-31,50130250,40025,108944848
2020-09-30,2020-09-30,50130250,38067,92630549
2020-10-31,2020-10-31,50130250,36538,96266900
2020-11-30,2020-11-30,50130250,34724,100047750
2020-12-31,2020-12-31,50130250,35493,107058050
2021-01-31,2021-01-31,50130250,35084,105314800
2021-02-28,2021-02-28,50130250,32472,99042750
2021-03-31,2021-03-31,50130250,36061,105467100
2021-04-30,2021-04-30,50130250,35556,101782450
2021-05-31,2021-05-31,50130250,42373,113929800
2021-06-30,2021-06-30,50130250,41806,109850800
2018-01-31,2018-01-31,50130253,9570,42437700
2018-02-28,2018-02-28,50130253,8588,37088050
2018-03-31,2018-03-31,50130253,10072,42988350
2018-04-30,2018-04-30,50130253,10001,42703500
2018-05-31,2018-05-31,50130253,11153,42616750
2018-06-30,2018-06-30,50130253,11733,42287450
2018-07-31,2018-07-31,50130253,13599,49758400
2018-08-31,2018-08-31,50130253,13714,49571700
2018-09-30,2018-09-30,50130253,12365,45419400
2018-10-31,2018-10-31,50130253,11662,44434300
2018-11-30,2018-11-30,50130253,10756,45008000
2018-12-31,2018-12-31,50130253,11501,48961900
2019-01-31,2019-01-31,50130253,10629,45272000
2019-02-28,2019-02-28,50130253,7080,27809150
2019-03-31,2019-03-31,50130253,4749,17810750
2019-04-30,2019-04-30,50130253,4902,16786800
2019-05-31,2019-05-31,50130253,12716,45550300
2019-06-30,2019-06-30,50130253,16410,58575550
2019-07-31,2019-07-31,50130253,18048,64063450
2019-08-31,2019-08-31,50130253,19078,66347550
2019-09-30,2019-09-30,50130253,17315,57377000
2019-10-31,2019-10-31,50130253,16754,57174300
2019-11-30,2019-11-30,50130253,15041,55376450
2019-12-31,2019-12-31,50130253,14964,60409100
2020-01-31,2020-01-31,50130253,15805,68767000
2020-02-29,2020-02-29,50130253,14605,61501550
2020-03-31,2020-03-31,50130253,16239,62658150
2020-04-30,2020-04-30,50130253,15672,59824450
2020-05-31,2020-05-31,50130253,17574,63544800
2020-06-30,2020-06-30,50130253,18020,63109150
2020-07-31,2020-07-31,50130253,19042,67019150
2020-08-31,2020-08-31,50130253,19399,71615800
2020-09-30,2020-09-30,50130253,16302,56561100
2020-10-31,2020-10-31,50130253,15179,57684950
2020-11-30,2020-11-30,50130253,12979,53573900
2020-12-31,2020-12-31,50130253,14848,60576700
2021-01-31,2021-01-31,50130253,14101,56595100
2021-02-28,2021-02-28,50130253,13816,56178800
2021-03-31,2021-03-31,50130253,14974,62602150
2021-04-30,2021-04-30,50130253,15199,61957700
2021-05-31,2021-05-31,50130253,16071,59816600
2021-06-30,2021-06-30,50130253,17330,62927050
2018-01-31,2018-01-31,50130259,2456,11343100
2018-02-28,2018-02-28,50130259,2323,10137100
2018-03-31,2018-03-31,50130259,2756,13681050
2018-04-30,2018-04-30,50130259,2713,14115500
2018-05-31,2018-05-31,50130259,3232,14259700
2018-06-30,2018-06-30,50130259,3240,14160700
2018-07-31,2018-07-31,50130259,3449,15918350
2018-08-31,2018-08-31,50130259,3282,16154350
2018-09-30,2018-09-30,50130259,2835,13481700
2018-10-31,2018-10-31,50130259,2800,13774800
2018-11-30,2018-11-30,50130259,2879,13387450
2018-12-31,2018-12-31,50130259,2872,15630200
2019-01-31,2019-01-31,50130259,6076,40014154
2019-02-28,2019-02-28,50130259,6575,46043704
2019-03-31,2019-03-31,50130259,7209,50507700
2019-04-30,2019-04-30,50130259,8041,55663526
2019-05-31,2019-05-31,50130259,9552,58067944
2019-06-30,2019-06-30,50130259,9939,57757046
2019-07-31,2019-07-31,50130259,10931,62051614
2019-08-31,2019-08-31,50130259,11207,63509160
2019-09-30,2019-09-30,50130259,8344,49593693
2019-10-31,2019-10-31,50130259,8527,51296900
2019-11-30,2019-11-30,50130259,7814,47126600
2019-12-31,2019-12-31,50130259,8005,47381500
2020-01-31,2020-01-31,50130259,9759,53259250
2020-02-29,2020-02-29,50130259,8833,43668750
2020-03-31,2020-03-31,50130259,9955,46373628
2020-04-30,2020-04-30,50130259,9863,42885800
2020-05-31,2020-05-31,50130259,11917,52756684
2020-06-30,2020-06-30,50130259,11813,58983672
2020-07-31,2020-07-31,50130259,11872,59437456
2020-08-31,2020-08-31,50130259,15375,82187750
2020-09-30,2020-09-30,50130259,13867,64840500
2020-10-31,2020-10-31,50130259,13068,65917800
2020-11-30,2020-11-30,50130259,11457,62781150
2020-12-31,2020-12-31,50130259,10956,58846300
2021-01-31,2021-01-31,50130259,9800,51552400
2021-02-28,2021-02-28,50130259,9721,54796550
2021-03-31,2021-03-31,50130259,11156,60014350
2021-04-30,2021-04-30,50130259,11484,63529350
2021-05-31,2021-05-31,50130259,11459,57482500
2021-06-30,2021-06-30,50130259,17581,85688760
2018-01-31,2018-01-31,50130310,2664,10007850
2018-02-28,2018-02-28,50130310,2387,8852300
2018-03-31,2018-03-31,50130310,2712,9981250
2018-04-30,2018-04-30,50130310,2817,9588800
2018-05-31,2018-05-31,50130310,3288,10540150
2018-06-30,2018-06-30,50130310,3493,10782750
2018-07-31,2018-07-31,50130310,4139,11881650
2018-08-31,2018-08-31,50130310,4060,11208700
2018-09-30,2018-09-30,50130310,3623,9638350
2018-10-31,2018-10-31,50130310,3398,9233950
2018-11-30,2018-11-30,50130310,3175,9171400
2018-12-31,2018-12-31,50130310,3287,10940800
2019-01-31,2019-01-31,50130310,5037,19138700
2019-02-28,2019-02-28,50130310,5365,21553400
2019-03-31,2019-03-31,50130310,6168,24666050
2019-04-30,2019-04-30,50130310,6535,24347150
2019-05-31,2019-05-31,50130310,7749,27228750
2019-06-30,2019-06-30,50130310,8549,29946400
2019-07-31,2019-07-31,50130310,10481,35578550
2019-08-31,2019-08-31,50130310,12171,42604400
2019-09-30,2019-09-30,50130310,6661,22078850
2019-10-31,2019-10-31,50130310,8470,28175450
2019-11-30,2019-11-30,50130310,9059,32506550
2019-12-31,2019-12-31,50130310,8997,35027700
2020-01-31,2020-01-31,50130310,9399,37625800
2020-02-29,2020-02-29,50130310,8489,34189050
2020-03-31,2020-03-31,50130310,9668,36068850
2020-04-30,2020-04-30,50130310,9656,35376349
2020-05-31,2020-05-31,50130310,11779,41537000
2020-06-30,2020-06-30,50130310,11814,42982400
2020-07-31,2020-07-31,50130310,12480,43152748
2020-08-31,2020-08-31,50130310,13596,48238800
2020-09-30,2020-09-30,50130310,11245,33174850
2020-10-31,2020-10-31,50130310,10918,35010700
2020-11-30,2020-11-30,50130310,10481,35431850
2020-12-31,2020-12-31,50130310,9953,33677650
2021-01-31,2021-01-31,50130310,9832,33522600
2021-02-28,2021-02-28,50130310,9544,35158950
2021-03-31,2021-03-31,50130310,10760,39511350
2021-04-30,2021-04-30,50130310,11464,40209250
2021-05-31,2021-05-31,50130310,13399,44037200
2021-06-30,2021-06-30,50130310,13805,46467450
2018-01-31,2018-01-31,50130320,3191,12716050
2018-02-28,2018-02-28,50130320,2856,12179050
2018-03-31,2018-03-31,50130320,3439,14019100
2018-04-30,2018-04-30,50130320,3368,12664250
2018-05-31,2018-05-31,50130320,3804,13883650
2018-06-30,2018-06-30,50130320,3327,11408250
2018-07-31,2018-07-31,50130320,3811,14408100
2018-08-31,2018-08-31,50130320,4018,14854050
2018-09-30,2018-09-30,50130320,3176,11215400
2018-10-31,2018-10-31,50130320,3314,11938300
2018-11-30,2018-11-30,50130320,3763,14475350
2018-12-31,2018-12-31,50130320,3308,14665050
2019-01-31,2019-01-31,50130320,4100,20991050
2019-02-28,2019-02-28,50130320,2853,14571100
2019-03-31,2019-03-31,50130320,3510,18216400
2019-04-30,2019-04-30,50130320,4157,20965700
2019-05-31,2019-05-31,50130320,5625,28076437
2019-06-30,2019-06-30,50130320,6005,28636832
2019-07-31,2019-07-31,50130320,6921,31228127
2019-08-31,2019-08-31,50130320,6502,30137218
2019-09-30,2019-09-30,50130320,5349,24986098
2019-10-31,2019-10-31,50130320,5447,25509020
2019-11-30,2019-11-30,50130320,4955,26473950
2019-12-31,2019-12-31,50130320,4708,25286650
2020-01-31,2020-01-31,50130320,4422,24304300
2020-02-29,2020-02-29,50130320,4703,22631468
2020-03-31,2020-03-31,50130320,5875,24271100
2020-04-30,2020-04-30,50130320,6189,24914300
2020-05-31,2020-05-31,50130320,7464,30647673
2020-06-30,2020-06-30,50130320,7988,40698877
2020-07-31,2020-07-31,50130320,8335,49662971
2020-08-31,2020-08-31,50130320,9059,37489864
2020-09-30,2020-09-30,50130320,9008,33151850
2020-10-31,2020-10-31,50130320,7582,32658650
2020-11-30,2020-11-30,50130320,7083,34208100
2020-12-31,2020-12-31,50130320,7193,29948950
2021-01-31,2021-01-31,50130320,6140,27386150
2021-02-28,2021-02-28,50130320,6627,28420550
2021-03-31,2021-03-31,50130320,7606,34260000
2021-04-30,2021-04-30,50130320,8366,38444700
2021-05-31,2021-05-31,50130320,8786,36223050
2021-06-30,2021-06-30,50130320,10751,42453750
2018-01-31,2018-01-31,50130510,6039,22834700
2018-02-28,2018-02-28,50130510,6333,22845650
2018-03-31,2018-03-31,50130510,8127,29374600
2018-04-30,2018-04-30,50130510,8300,31331450
2018-05-31,2018-05-31,50130510,8766,32837750
2018-06-30,2018-06-30,50130510,8987,31772700
2018-07-31,2018-07-31,50130510,10858,35965550
2018-08-31,2018-08-31,50130510,10282,33924200
2018-09-30,2018-09-30,50130510,10698,30837000
2018-10-31,2018-10-31,50130510,10138,30286950
2018-11-30,2018-11-30,50130510,9110,28894450
2018-12-31,2018-12-31,50130510,8489,29534450
2019-01-31,2019-01-31,50130510,7485,28136200
2019-02-28,2019-02-28,50130510,4740,16820600
2019-03-31,2019-03-31,50130510,2787,9738800
2019-04-30,2019-04-30,50130510,3002,11162250
2019-05-31,2019-05-31,50130510,7345,28696250
2019-06-30,2019-06-30,50130510,8774,32139400
2019-07-31,2019-07-31,50130510,10514,34753550
2019-08-31,2019-08-31,50130510,10184,33028800
2019-09-30,2019-09-30,50130510,9460,27761100
2019-10-31,2019-10-31,50130510,8847,25903350
2019-11-30,2019-11-30,50130510,7997,23879300
2019-12-31,2019-12-31,50130510,7295,24298850
2020-01-31,2020-01-31,50130510,7237,25218900
2020-02-29,2020-02-29,50130510,6633,22466700
2020-03-31,2020-03-31,50130510,7579,24734100
2020-04-30,2020-04-30,50130510,7604,27067150
2020-05-31,2020-05-31,50130510,8454,30771900
2020-06-30,2020-06-30,50130510,8869,31989550
2020-07-31,2020-07-31,50130510,9878,32658300
2020-08-31,2020-08-31,50130510,9047,30123950
2020-09-30,2020-09-30,50130510,7024,19669000
2020-10-31,2020-10-31,50130510,6113,17237900
2020-11-30,2020-11-30,50130510,5167,15650900
2020-12-31,2020-12-31,50130510,5865,18290650
2021-01-31,2021-01-31,50130510,5517,17074050
2021-02-28,2021-02-28,50130510,5255,17695700
2021-03-31,2021-03-31,50130510,5786,20041950
2021-04-30,2021-04-30,50130510,6039,22429600
2021-05-31,2021-05-31,50130510,6718,26770600
2021-06-30,2021-06-30,50130510,8196,31243800
2018-01-31,2018-01-31,50130520,6692,26958250
2018-02-28,2018-02-28,50130520,6008,24809550
2018-03-31,2018-03-31,50130520,7938,30101650
2018-04-30,2018-04-30,50130520,6785,25834000
2018-05-31,2018-05-31,50130520,6979,26162450
2018-06-30,2018-06-30,50130520,7339,26452950
2018-07-31,2018-07-31,50130520,8115,27829500
2018-08-31,2018-08-31,50130520,7117,24580550
2018-09-30,2018-09-30,50130520,7593,25362200
2018-10-31,2018-10-31,50130520,7665,25386200
2018-11-30,2018-11-30,50130520,7367,25079050
2018-12-31,2018-12-31,50130520,7479,28103850
2019-01-31,2019-01-31,50130520,4886,18802750
2019-02-28,2019-02-28,50130520,3450,12873000
2019-03-31,2019-03-31,50130520,1988,7155900
2019-04-30,2019-04-30,50130520,1970,6699850
2019-05-31,2019-05-31,50130520,5802,19278900
2019-06-30,2019-06-30,50130520,7263,25376350
2019-07-31,2019-07-31,50130520,8598,30868450
2019-08-31,2019-08-31,50130520,8613,29941650
2019-09-30,2019-09-30,50130520,8079,26725050
2019-10-31,2019-10-31,50130520,7776,26476800
2019-11-30,2019-11-30,50130520,7162,25792200
2019-12-31,2019-12-31,50130520,5959,24014250
2020-01-31,2020-01-31,50130520,5893,24773550
2020-02-29,2020-02-29,50130520,5570,21198250
2020-03-31,2020-03-31,50130520,6123,21544300
2020-04-30,2020-04-30,50130520,5846,19841800
2020-05-31,2020-05-31,50130520,6134,20607000
2020-06-30,2020-06-30,50130520,5293,17835950
2020-07-31,2020-07-31,50130520,4078,13353050
2020-08-31,2020-08-31,50130520,7844,25730750
2020-09-30,2020-09-30,50130520,6722,20482100
2020-10-31,2020-10-31,50130520,6135,20256550
2020-11-30,2020-11-30,50130520,6005,22145800
2020-12-31,2020-12-31,50130520,6890,24757700
2021-01-31,2021-01-31,50130520,6087,21318250
2021-02-28,2021-02-28,50130520,5692,20680400
2021-03-31,2021-03-31,50130520,6349,23135350
2021-04-30,2021-04-30,50130520,6401,21122400
2021-05-31,2021-05-31,50130520,6612,22329500
2021-06-30,2021-06-30,50130520,6864,21580950
2018-01-31,2018-01-31,50130530,11009,52602100
2018-02-28,2018-02-28,50130530,9977,45550200
2018-03-31,2018-03-31,50130530,11317,51778250
2018-04-30,2018-04-30,50130530,11011,48810600
2018-05-31,2018-05-31,50130530,11420,45195100
2018-06-30,2018-06-30,50130530,11843,45387950
2018-07-31,2018-07-31,50130530,13182,49115250
2018-08-31,2018-08-31,50130530,12462,45654250
2018-09-30,2018-09-30,50130530,11454,42530750
2018-10-31,2018-10-31,50130530,11615,44238500
2018-11-30,2018-11-30,50130530,10724,43884250
2018-12-31,2018-12-31,50130530,10472,46756350
2019-01-31,2019-01-31,50130530,9438,42683800
2019-02-28,2019-02-28,50130530,6639,30231600
2019-03-31,2019-03-31,50130530,4201,21994900
2019-04-30,2019-04-30,50130530,3892,19401000
2019-05-31,2019-05-31,50130530,8712,35140600
2019-06-30,2019-06-30,50130530,9129,32611450
2019-07-31,2019-07-31,50130530,14032,58491700
2019-08-31,2019-08-31,50130530,14570,60424950
2019-09-30,2019-09-30,50130530,13635,57634900
2019-10-31,2019-10-31,50130530,13141,53181250
2019-11-30,2019-11-30,50130530,12922,54153800
2019-12-31,2019-12-31,50130530,13023,59806750
2020-01-31,2020-01-31,50130530,12394,58053400
2020-02-29,2020-02-29,50130530,11448,50037600
2020-03-31,2020-03-31,50130530,12066,51396000
2020-04-30,2020-04-30,50130530,11299,47551400
2020-05-31,2020-05-31,50130530,12371,49194500
2020-06-30,2020-06-30,50130530,11374,43100800
2020-07-31,2020-07-31,50130530,10211,40851800
2020-08-31,2020-08-31,50130530,12742,48010450
2020-09-30,2020-09-30,50130530,12082,44658750
2020-10-31,2020-10-31,50130530,12985,41457850
2020-11-30,2020-11-30,50130530,15675,43013250
2020-12-31,2020-12-31,50130530,13191,43377950
2021-01-31,2021-01-31,50130530,9002,39760550
2021-02-28,2021-02-28,50130530,8775,41363750
2021-03-31,2021-03-31,50130530,9755,45449200
2021-04-30,2021-04-30,50130530,9366,43809700
2021-05-31,2021-05-31,50130530,9258,39221700
2021-06-30,2021-06-30,50130530,10772,41422700
2018-01-31,2018-01-31,50130540,9070,38935950
2018-02-28,2018-02-28,50130540,7851,31681900
2018-03-31,2018-03-31,50130540,8660,35449800
2018-04-30,2018-04-30,50130540,7610,30094800
2018-05-31,2018-05-31,50130540,8093,30358500
2018-06-30,2018-06-30,50130540,8845,30984500
2018-07-31,2018-07-31,50130540,9903,34939200
2018-08-31,2018-08-31,50130540,9640,31539700
2018-09-30,2018-09-30,50130540,9228,29821150
2018-10-31,2018-10-31,50130540,8591,29502550
2018-11-30,2018-11-30,50130540,8364,30431850
2018-12-31,2018-12-31,50130540,8342,33451950
2019-01-31,2019-01-31,50130540,5949,23783950
2019-02-28,2019-02-28,50130540,3436,12016050
2019-03-31,2019-03-31,50130540,2107,8607950
2019-04-30,2019-04-30,50130540,1846,6741500
2019-05-31,2019-05-31,50130540,6693,23980550
2019-06-30,2019-06-30,50130540,8803,31186600
2019-07-31,2019-07-31,50130540,11983,40244150
2019-08-31,2019-08-31,50130540,12011,39771150
2019-09-30,2019-09-30,50130540,11572,38101350
2019-10-31,2019-10-31,50130540,11085,36603200
2019-11-30,2019-11-30,50130540,10840,38178700
2019-12-31,2019-12-31,50130540,10425,40600150
2020-01-31,2020-01-31,50130540,10239,41595800
2020-02-29,2020-02-29,50130540,9974,38546400
2020-03-31,2020-03-31,50130540,10464,38935750
2020-04-30,2020-04-30,50130540,10139,35160350
2020-05-31,2020-05-31,50130540,11394,39646300
2020-06-30,2020-06-30,50130540,11091,37713450
2020-07-31,2020-07-31,50130540,4459,12355100
2020-08-31,2020-08-31,50130540,11970,35774650
2020-09-30,2020-09-30,50130540,11205,33188300
2020-10-31,2020-10-31,50130540,9768,30162250
2020-11-30,2020-11-30,50130540,9120,31433750
2020-12-31,2020-12-31,50130540,9023,29137100
2021-01-31,2021-01-31,50130540,8490,27231750
2021-02-28,2021-02-28,50130540,8281,28012700
2021-03-31,2021-03-31,50130540,9317,32971750
2021-04-30,2021-04-30,50130540,9390,31792150
2021-05-31,2021-05-31,50130540,8464,27860850
2021-06-30,2021-06-30,50130540,10680,31676600
2018-01-31,2018-01-31,50130550,4671,19263950
2018-02-28,2018-02-28,50130550,5041,19280850
2018-03-31,2018-03-31,50130550,3529,14384750
2018-04-30,2018-04-30,50130550,2242,8599500
2018-05-31,2018-05-31,50130550,3203,11165100
2018-06-30,2018-06-30,50130550,3889,12232450
2018-07-31,2018-07-31,50130550,4830,14879900
2018-08-31,2018-08-31,50130550,4851,14908750
2018-09-30,2018-09-30,50130550,4998,15811400
2018-10-31,2018-10-31,50130550,4290,14719850
2018-11-30,2018-11-30,50130550,3981,14706700
2018-12-31,2018-12-31,50130550,3907,14628550
2019-01-31,2019-01-31,50130550,3237,12324350
2019-02-28,2019-02-28,50130550,3154,11880900
2019-03-31,2019-03-31,50130550,3297,11991150
2019-04-30,2019-04-30,50130550,3609,12001650
2019-05-31,2019-05-31,50130550,4272,14026200
2019-06-30,2019-06-30,50130550,1607,4684100
2019-07-31,2019-07-31,50130550,1107,3888150
2019-08-31,2019-08-31,50130550,1207,4501400
2019-09-30,2019-09-30,50130550,1155,3830650
2019-10-31,2019-10-31,50130550,1115,3985050
2019-11-30,2019-11-30,50130550,1078,3928600
2019-12-31,2019-12-31,50130550,1019,4291900
2020-01-31,2020-01-31,50130550,824,3431850
2020-02-29,2020-02-29,50130550,968,3685450
2020-03-31,2020-03-31,50130550,999,3641900
2020-04-30,2020-04-30,50130550,968,3389450
2020-05-31,2020-05-31,50130550,1037,3591550
2020-06-30,2020-06-30,50130550,1085,3550000
2020-07-31,2020-07-31,50130550,2913,9383500
2020-08-31,2020-08-31,50130550,10018,30956250
2020-09-30,2020-09-30,50130550,9103,27372150
2020-10-31,2020-10-31,50130550,8106,25263300
2020-11-30,2020-11-30,50130550,7855,27011600
2020-12-31,2020-12-31,50130550,7493,26823800
2021-01-31,2021-01-31,50130550,7053,26069950
2021-02-28,2021-02-28,50130550,6795,26128400
2021-03-31,2021-03-31,50130550,7492,26845400
2021-04-30,2021-04-30,50130550,7399,25200200
2021-05-31,2021-05-31,50130550,6682,21724850
2021-06-30,2021-06-30,50130550,8720,27554100
2018-01-31,2018-01-31,50130560,5859,26620950
2018-02-28,2018-02-28,50130560,5595,24788850
2018-03-31,2018-03-31,50130560,6742,29111700
2018-04-30,2018-04-30,50130560,6168,26815250
2018-05-31,2018-05-31,50130560,6037,24046000
2018-06-30,2018-06-30,50130560,6566,25458350
2018-07-31,2018-07-31,50130560,7771,30305000
2018-08-31,2018-08-31,50130560,7495,27934350
2018-09-30,2018-09-30,50130560,6917,25920300
2018-10-31,2018-10-31,50130560,6659,24895700
2018-11-30,2018-11-30,50130560,6393,24418450
2018-12-31,2018-12-31,50130560,6046,25220700
2019-01-31,2019-01-31,50130560,4185,17198200
2019-02-28,2019-02-28,50130560,6211,26749050
2019-03-31,2019-03-31,50130560,6512,27313750
2019-04-30,2019-04-30,50130560,5291,22056850
2019-05-31,2019-05-31,50130560,7775,32714050
2019-06-30,2019-06-30,50130560,7482,33003050
2019-07-31,2019-07-31,50130560,6745,31923300
2019-08-31,2019-08-31,50130560,5479,26368400
2019-09-30,2019-09-30,50130560,3784,16944600
2019-10-31,2019-10-31,50130560,3702,16214500
2019-11-30,2019-11-30,50130560,3583,17172150
2019-12-31,2019-12-31,50130560,3357,17544750
2020-01-31,2020-01-31,50130560,3344,17786350
2020-02-29,2020-02-29,50130560,3071,14006350
2020-03-31,2020-03-31,50130560,3509,14617800
2020-04-30,2020-04-30,50130560,3340,13762750
2020-05-31,2020-05-31,50130560,3892,16905200
2020-06-30,2020-06-30,50130560,4041,17383200
2020-07-31,2020-07-31,50130560,6425,25272450
2020-08-31,2020-08-31,50130560,13444,50754500
2020-09-30,2020-09-30,50130560,12345,42076100
2020-10-31,2020-10-31,50130560,10639,38365800
2020-11-30,2020-11-30,50130560,10483,40903000
2020-12-31,2020-12-31,50130560,11034,45443100
2021-01-31,2021-01-31,50130560,10412,43607950
2021-02-28,2021-02-28,50130560,9637,40278950
2021-03-31,2021-03-31,50130560,10530,44995500
2021-04-30,2021-04-30,50130560,9487,41495250
2021-05-31,2021-05-31,50130560,8559,32951350
2021-06-30,2021-06-30,50130560,9652,35074700
2018-01-31,2018-01-31,50130570,45936,118701000
2018-02-28,2018-02-28,50130570,43240,113812050
2018-03-31,2018-03-31,50130570,46464,117711450
2018-04-30,2018-04-30,50130570,42709,100217900
2018-05-31,2018-05-31,50130570,45795,100885000
2018-06-30,2018-06-30,50130570,49364,104634500
2018-07-31,2018-07-31,50130570,58001,125812450
2018-08-31,2018-08-31,50130570,54933,116500150
2018-09-30,2018-09-30,50130570,50389,100407800
2018-10-31,2018-10-31,50130570,46571,96178300
2018-11-30,2018-11-30,50130570,44355,101432950
2018-12-31,2018-12-31,50130570,43991,109345600
2019-01-31,2019-01-31,50130570,32267,83674100
2019-02-28,2019-02-28,50130570,21240,57549400
2019-03-31,2019-03-31,50130570,11966,34358750
2019-04-30,2019-04-30,50130570,11882,32622800
2019-05-31,2019-05-31,50130570,35644,81200750
2019-06-30,2019-06-30,50130570,47193,103689750
2019-07-31,2019-07-31,50130570,59933,135774149
2019-08-31,2019-08-31,50130570,61215,134502400
2019-09-30,2019-09-30,50130570,58112,125995299
2019-10-31,2019-10-31,50130570,54550,114124900
2019-11-30,2019-11-30,50130570,50938,116633800
2019-12-31,2019-12-31,50130570,49347,123632700
2020-01-31,2020-01-31,50130570,49731,132288450
2020-02-29,2020-02-29,50130570,46334,122315350
2020-03-31,2020-03-31,50130570,49689,122303100
2020-04-30,2020-04-30,50130570,46209,107296750
2020-05-31,2020-05-31,50130570,52324,120417978
2020-06-30,2020-06-30,50130570,53363,121853705
2020-07-31,2020-07-31,50130570,53571,114230800
2020-08-31,2020-08-31,50130570,56313,115116700
2020-09-30,2020-09-30,50130570,50515,98116600
2020-10-31,2020-10-31,50130570,46279,93397850
2020-11-30,2020-11-30,50130570,39548,88411450
2020-12-31,2020-12-31,50130570,45999,106031300
2021-01-31,2021-01-31,50130570,45790,107302450
2021-02-28,2021-02-28,50130570,43531,103601250
2021-03-31,2021-03-31,50130570,44732,101916400
2021-04-30,2021-04-30,50130570,43687,93011250
2021-05-31,2021-05-31,50130570,46424,94027400
2021-06-30,2021-06-30,50130570,46479,86524400
2018-01-31,2018-01-31,50130580,15597,47230450
2018-02-28,2018-02-28,50130580,15013,45843500
2018-03-31,2018-03-31,50130580,16243,48582800
2018-04-30,2018-04-30,50130580,15485,44080700
2018-05-31,2018-05-31,50130580,16979,44875250
2018-06-30,2018-06-30,50130580,17531,45915250
2018-07-31,2018-07-31,50130580,21064,53264700
2018-08-31,2018-08-31,50130580,21462,52265950
2018-09-30,2018-09-30,50130580,20800,48260450
2018-10-31,2018-10-31,50130580,19207,46832100
2018-11-30,2018-11-30,50130580,17721,45646500
2018-12-31,2018-12-31,50130580,17939,49404600
2019-01-31,2019-01-31,50130580,14060,40390200
2019-02-28,2019-02-28,50130580,8893,23934350
2019-03-31,2019-03-31,50130580,5778,14023750
2019-04-30,2019-04-30,50130580,5789,13657550
2019-05-31,2019-05-31,50130580,15830,38787050
2019-06-30,2019-06-30,50130580,18250,44145400
2019-07-31,2019-07-31,50130580,21594,52257450
2019-08-31,2019-08-31,50130580,22292,52004550
2019-09-30,2019-09-30,50130580,20694,46899350
2019-10-31,2019-10-31,50130580,19001,42088700
2019-11-30,2019-11-30,50130580,17979,43400700
2019-12-31,2019-12-31,50130580,17069,44950900
2020-01-31,2020-01-31,50130580,15526,43321100
2020-02-29,2020-02-29,50130580,14629,40153050
2020-03-31,2020-03-31,50130580,16255,42033800
2020-04-30,2020-04-30,50130580,15418,37353700
2020-05-31,2020-05-31,50130580,16819,39287850
2020-06-30,2020-06-30,50130580,17108,39029650
2020-07-31,2020-07-31,50130580,18648,40746100
2020-08-31,2020-08-31,50130580,25071,56296100
2020-09-30,2020-09-30,50130580,22303,47293500
2020-10-31,2020-10-31,50130580,19742,43249150
2020-11-30,2020-11-30,50130580,15516,35093100
2020-12-31,2020-12-31,50130580,15749,40146100
2021-01-31,2021-01-31,50130580,16533,42811500
2021-02-28,2021-02-28,50130580,16133,42488650
2021-03-31,2021-03-31,50130580,17363,43048550
2021-04-30,2021-04-30,50130580,16810,39314300
2021-05-31,2021-05-31,50130580,16953,38265400
2021-06-30,2021-06-30,50130580,14277,29767600
2018-01-31,2018-01-31,50130590,21666,57612600
2018-02-28,2018-02-28,50130590,19252,51722150
2018-03-31,2018-03-31,50130590,21567,57214850
2018-04-30,2018-04-30,50130590,21424,55609050
2018-05-31,2018-05-31,50130590,22382,53686150
2018-06-30,2018-06-30,50130590,22734,52926700
2018-07-31,2018-07-31,50130590,26787,63629950
2018-08-31,2018-08-31,50130590,26246,60656200
2018-09-30,2018-09-30,50130590,23877,50863500
2018-10-31,2018-10-31,50130590,22438,48485050
2018-11-30,2018-11-30,50130590,21689,50041200
2018-12-31,2018-12-31,50130590,21606,54002100
2019-01-31,2019-01-31,50130590,20265,52272200
2019-02-28,2019-02-28,50130590,17234,41752800
2019-03-31,2019-03-31,50130590,15630,35447200
2019-04-30,2019-04-30,50130590,14778,31985850
2019-05-31,2019-05-31,50130590,19665,44419200
2019-06-30,2019-06-30,50130590,21529,45993650
2019-07-31,2019-07-31,50130590,27006,61582250
2019-08-31,2019-08-31,50130590,27051,60755300
2019-09-30,2019-09-30,50130590,24430,52395650
2019-10-31,2019-10-31,50130590,23606,49536650
2019-11-30,2019-11-30,50130590,22345,50189350
2019-12-31,2019-12-31,50130590,21921,55227750
2020-01-31,2020-01-31,50130590,21953,57458199
2020-02-29,2020-02-29,50130590,21164,53111950
2020-03-31,2020-03-31,50130590,23648,56525400
2020-04-30,2020-04-30,50130590,22566,51090800
2020-05-31,2020-05-31,50130590,24730,57743441
2020-06-30,2020-06-30,50130590,23663,53387563
2020-07-31,2020-07-31,50130590,21926,49049300
2020-08-31,2020-08-31,50130590,21378,48610200
2020-09-30,2020-09-30,50130590,18609,38982000
2020-10-31,2020-10-31,50130590,17296,37333600
2020-11-30,2020-11-30,50130590,15613,36899550
2020-12-31,2020-12-31,50130590,17194,42350750
2021-01-31,2021-01-31,50130590,17589,44229050
2021-02-28,2021-02-28,50130590,16256,41473600
2021-03-31,2021-03-31,50130590,17931,45509750
2021-04-30,2021-04-30,50130590,18317,44380900
2021-05-31,2021-05-31,50130590,20159,46104350
2021-06-30,2021-06-30,50130590,20790,46745900
2018-01-31,2018-01-31,50130600,20280,53858550
2018-02-28,2018-02-28,50130600,17523,44956800
2018-03-31,2018-03-31,50130600,19840,49992600
2018-04-30,2018-04-30,50130600,18862,42731250
2018-05-31,2018-05-31,50130600,20853,43830200
2018-06-30,2018-06-30,50130600,21954,45078650
2018-07-31,2018-07-31,50130600,25030,53081150
2018-08-31,2018-08-31,50130600,25032,52218200
2018-09-30,2018-09-30,50130600,23196,45676250
2018-10-31,2018-10-31,50130600,21978,44132850
2018-11-30,2018-11-30,50130600,20457,43982200
2018-12-31,2018-12-31,50130600,20550,47963050
2019-01-31,2019-01-31,50130600,18865,45113300
2019-02-28,2019-02-28,50130600,14844,36020500
2019-03-31,2019-03-31,50130600,12703,29641700
2019-04-30,2019-04-30,50130600,12674,28034650
2019-05-31,2019-05-31,50130600,20250,41796850
2019-06-30,2019-06-30,50130600,22971,46918200
2019-07-31,2019-07-31,50130600,29065,62889962
2019-08-31,2019-08-31,50130600,29686,62450130
2019-09-30,2019-09-30,50130600,27059,55161400
2019-10-31,2019-10-31,50130600,26275,51590000
2019-11-30,2019-11-30,50130600,24704,53151631
2019-12-31,2019-12-31,50130600,23135,53564700
2020-01-31,2020-01-31,50130600,23785,58420100
2020-02-29,2020-02-29,50130600,22735,53765750
2020-03-31,2020-03-31,50130600,25061,57795350
2020-04-30,2020-04-30,50130600,23923,51288700
2020-05-31,2020-05-31,50130600,26363,55578850
2020-06-30,2020-06-30,50130600,25899,54499299
2020-07-31,2020-07-31,50130600,27126,56585581
2020-08-31,2020-08-31,50130600,31292,66506000
2020-09-30,2020-09-30,50130600,29059,56779450
2020-10-31,2020-10-31,50130600,27287,57481400
2020-11-30,2020-11-30,50130600,26015,57841350
2020-12-31,2020-12-31,50130600,27298,62836650
2021-01-31,2021-01-31,50130600,26239,62019900
2021-02-28,2021-02-28,50130600,23585,56333000
2021-03-31,2021-03-31,50130600,25623,59499550
2021-04-30,2021-04-30,50130600,24561,53705700
2021-05-31,2021-05-31,50130600,27284,58341550
2021-06-30,2021-06-30,50130600,26836,56178400
2018-01-31,2018-01-31,50130610,17791,52591350
2018-02-28,2018-02-28,50130610,15809,47371550
2018-03-31,2018-03-31,50130610,17920,51756300
2018-04-30,2018-04-30,50130610,17538,47297550
2018-05-31,2018-05-31,50130610,19583,48752650
2018-06-30,2018-06-30,50130610,20601,50341800
2018-07-31,2018-07-31,50130610,24565,60829200
2018-08-31,2018-08-31,50130610,22807,56208150
2018-09-30,2018-09-30,50130610,20540,48113500
2018-10-31,2018-10-31,50130610,18641,42843400
2018-11-30,2018-11-30,50130610,16869,41720100
2018-12-31,2018-12-31,50130610,15818,42034050
2019-01-31,2019-01-31,50130610,16140,43175000
2019-02-28,2019-02-28,50130610,13280,36592800
2019-03-31,2019-03-31,50130610,10960,30153700
2019-04-30,2019-04-30,50130610,10898,28945500
2019-05-31,2019-05-31,50130610,16710,41810299
2019-06-30,2019-06-30,50130610,26735,72610590
2019-07-31,2019-07-31,50130610,28340,74250181
2019-08-31,2019-08-31,50130610,28978,77137792
2019-09-30,2019-09-30,50130610,26520,66762079
2019-10-31,2019-10-31,50130610,25393,63536085
2019-11-30,2019-11-30,50130610,23433,63947036
2019-12-31,2019-12-31,50130610,22029,65819186
2020-01-31,2020-01-31,50130610,22288,69866086
2020-02-29,2020-02-29,50130610,20652,61061781
2020-03-31,2020-03-31,50130610,23026,63941232
2020-04-30,2020-04-30,50130610,22017,59149528
2020-05-31,2020-05-31,50130610,25448,65612387
2020-06-30,2020-06-30,50130610,26003,63883576
2020-07-31,2020-07-31,50130610,26855,63118639
2020-08-31,2020-08-31,50130610,29034,69976499
2020-09-30,2020-09-30,50130610,25933,59276999
2020-10-31,2020-10-31,50130610,24234,58051000
2020-11-30,2020-11-30,50130610,21394,55698700
2020-12-31,2020-12-31,50130610,20924,55735800
2021-01-31,2021-01-31,50130610,20185,54313151
2021-02-28,2021-02-28,50130610,19162,54608900
2021-03-31,2021-03-31,50130610,22121,60028350
2021-04-30,2021-04-30,50130610,23495,61827300
2021-05-31,2021-05-31,50130610,27174,68885700
2021-06-30,2021-06-30,50130610,28002,66140250
2018-01-31,2018-01-31,50130620,2951,12408800
2018-02-28,2018-02-28,50130620,2732,11120850
2018-03-31,2018-03-31,50130620,3176,13505550
2018-04-30,2018-04-30,50130620,3362,13901900
2018-05-31,2018-05-31,50130620,3679,14295350
2018-06-30,2018-06-30,50130620,3873,14140000
2018-07-31,2018-07-31,50130620,4460,16477050
2018-08-31,2018-08-31,50130620,4733,16294850
2018-09-30,2018-09-30,50130620,4033,12324850
2018-10-31,2018-10-31,50130620,3876,11873900
2018-11-30,2018-11-30,50130620,3592,12548750
2018-12-31,2018-12-31,50130620,3580,13406250
2019-01-31,2019-01-31,50130620,3609,13382150
2019-02-28,2019-02-28,50130620,3271,12034200
2019-03-31,2019-03-31,50130620,2853,10722200
2019-04-30,2019-04-30,50130620,2725,9982300
2019-05-31,2019-05-31,50130620,3166,11338149
2019-06-30,2019-06-30,50130620,5659,18830347
2019-07-31,2019-07-31,50130620,5660,19188095
2019-08-31,2019-08-31,50130620,5903,20235490
2019-09-30,2019-09-30,50130620,5123,16327346
2019-10-31,2019-10-31,50130620,4794,15295791
2019-11-30,2019-11-30,50130620,4293,14201095
2019-12-31,2019-12-31,50130620,3980,15437297
2020-01-31,2020-01-31,50130620,4167,17346942
2020-02-29,2020-02-29,50130620,3699,13627046
2020-03-31,2020-03-31,50130620,4111,14309895
2020-04-30,2020-04-30,50130620,4097,13601944
2020-05-31,2020-05-31,50130620,5065,16806245
2020-06-30,2020-06-30,50130620,5206,18336343
2020-07-31,2020-07-31,50130620,5863,20849041
2020-08-31,2020-08-31,50130620,5901,20497450
2020-09-30,2020-09-30,50130620,4478,12611500
2020-10-31,2020-10-31,50130620,4241,11937750
2020-11-30,2020-11-30,50130620,3968,12130850
2020-12-31,2020-12-31,50130620,4537,14459450
2021-01-31,2021-01-31,50130620,4525,14789450
2021-02-28,2021-02-28,50130620,4563,15566250
2021-03-31,2021-03-31,50130620,4920,17300600
2021-04-30,2021-04-30,50130620,5256,17646850
2021-05-31,2021-05-31,50130620,6346,19494750
2021-06-30,2021-06-30,50130620,6328,18753350
