base_date,emd_cd,pop_cnt
2018-01-31,2018-01-31,50110250,427986.3363000001
2018-02-28,2018-02-28,50110250,427240.81190000055
2018-03-31,2018-03-31,50110250,513638.26309999975
2018-04-30,2018-04-30,50110250,474601.35099999997
2018-05-31,2018-05-31,50110250,395262.5482999994
2018-06-30,2018-06-30,50110250,442089.27989999973
2018-07-31,2018-07-31,50110250,515032.962499999
2018-08-31,2018-08-31,50110250,630295.3224000003
2018-09-30,2018-09-30,50110250,512443.3141999973
2018-10-31,2018-10-31,50110250,464248.3419000005
2018-11-30,2018-11-30,50110250,407083.68880000093
2018-12-31,2018-12-31,50110250,543321.1395000027
2019-01-31,2019-01-31,50110250,638746.3327999971
2019-02-28,2019-02-28,50110250,567936.0291999988
2019-03-31,2019-03-31,50110250,710199.6022000031
2019-04-30,2019-04-30,50110250,559031.6529000014
2019-05-31,2019-05-31,50110250,586962.174499992
2019-06-30,2019-06-30,50110250,506628.5974999983
2019-07-31,2019-07-31,50110250,574927.0618000004
2019-08-31,2019-08-31,50110250,640747.4311000044
2019-09-30,2019-09-30,50110250,564068.2222999961
2019-10-31,2019-10-31,50110250,555618.8032999976
2019-11-30,2019-11-30,50110250,469689.3527000047
2019-12-31,2019-12-31,50110250,482920.2385000009
2020-01-31,2020-01-31,50110250,587299.9639999889
2020-02-29,2020-02-29,50110250,559439.3958999953
2020-03-31,2020-03-31,50110250,714445.0812000015
2020-04-30,2020-04-30,50110250,638421.4187999759
2020-05-31,2020-05-31,50110250,528744.9597999973
2020-06-30,2020-06-30,50110250,615636.9501000021
2020-07-31,2020-07-31,50110250,544030.6248000024
2020-08-31,2020-08-31,50110250,491175.64710000216
2020-09-30,2020-09-30,50110250,518727.7307000081
2020-10-31,2020-10-31,50110250,477503.1112999992
2020-11-30,2020-11-30,50110250,355385.3711000007
2020-12-31,2020-12-31,50110250,381481.43640000233
2021-01-31,2021-01-31,50110250,424998.19830000575
2021-02-28,2021-02-28,50110250,405548.96689999546
2021-03-31,2021-03-31,50110250,395482.89710000076
2021-04-30,2021-04-30,50110250,467198.17509999935
2021-05-31,2021-05-31,50110250,397223.99379998236
2021-06-30,2021-06-30,50110250,439635.12270000397
2018-01-31,2018-01-31,50110253,642428.1301000031
2018-02-28,2018-02-28,50110253,491314.084800001
2018-03-31,2018-03-31,50110253,761829.8145000066
2018-04-30,2018-04-30,50110253,621701.6635999947
2018-05-31,2018-05-31,50110253,436955.7868999987
2018-06-30,2018-06-30,50110253,603262.3940000003
2018-07-31,2018-07-31,50110253,502341.6578999978
2018-08-31,2018-08-31,50110253,775821.1942000011
2018-09-30,2018-09-30,50110253,722199.6980000003
2018-10-31,2018-10-31,50110253,695173.1155000019
2018-11-30,2018-11-30,50110253,723226.6691999977
2018-12-31,2018-12-31,50110253,717161.6293000048
2019-01-31,2019-01-31,50110253,1039633.4978000034
2019-02-28,2019-02-28,50110253,644682.389699995
2019-03-31,2019-03-31,50110253,1080012.869600011
2019-04-30,2019-04-30,50110253,835183.5734000074
2019-05-31,2019-05-31,50110253,705000.2957999917
2019-06-30,2019-06-30,50110253,714283.4467000029
2019-07-31,2019-07-31,50110253,621477.8210999985
2019-08-31,2019-08-31,50110253,888207.2846000039
2019-09-30,2019-09-30,50110253,735399.3741999988
2019-10-31,2019-10-31,50110253,915247.5747000038
2019-11-30,2019-11-30,50110253,896469.6837999956
2019-12-31,2019-12-31,50110253,1099294.6942999945
2020-01-31,2020-01-31,50110253,981873.5228999751
2020-02-29,2020-02-29,50110253,1028809.9897999793
2020-03-31,2020-03-31,50110253,890920.1164999952
2020-04-30,2020-04-30,50110253,894740.2937999812
2020-05-31,2020-05-31,50110253,663761.7002000001
2020-06-30,2020-06-30,50110253,587130.7965000019
2020-07-31,2020-07-31,50110253,665767.4620000084
2020-08-31,2020-08-31,50110253,754374.5855000078
2020-09-30,2020-09-30,50110253,847236.9603999745
2020-10-31,2020-10-31,50110253,854049.8284999814
2020-11-30,2020-11-30,50110253,969022.5302999894
2020-12-31,2020-12-31,50110253,925547.4894999443
2021-01-31,2021-01-31,50110253,918064.8631999574
2021-02-28,2021-02-28,50110253,685911.2610999974
2021-03-31,2021-03-31,50110253,1038959.7984999946
2021-04-30,2021-04-30,50110253,798706.5569999972
2021-05-31,2021-05-31,50110253,802335.6318000234
2021-06-30,2021-06-30,50110253,682226.4323999784
2018-01-31,2018-01-31,50110256,167608.48709999985
2018-02-28,2018-02-28,50110256,119755.7205999998
2018-03-31,2018-03-31,50110256,161688.8548000006
2018-04-30,2018-04-30,50110256,164314.28139999957
2018-05-31,2018-05-31,50110256,143276.71659999978
2018-06-30,2018-06-30,50110256,168584.78500000064
2018-07-31,2018-07-31,50110256,236498.04879999903
2018-08-31,2018-08-31,50110256,214980.468999999
2018-09-30,2018-09-30,50110256,229543.08580000047
2018-10-31,2018-10-31,50110256,167511.5855000007
2018-11-30,2018-11-30,50110256,141432.5025
2018-12-31,2018-12-31,50110256,136955.27989999964
2019-01-31,2019-01-31,50110256,177576.38449999908
2019-02-28,2019-02-28,50110256,154489.04979999972
2019-03-31,2019-03-31,50110256,257777.56570000065
2019-04-30,2019-04-30,50110256,203492.87049999952
2019-05-31,2019-05-31,50110256,206696.16620000004
2019-06-30,2019-06-30,50110256,196114.89830000058
2019-07-31,2019-07-31,50110256,213275.0222999994
2019-08-31,2019-08-31,50110256,306036.8782999996
2019-09-30,2019-09-30,50110256,175082.7547000003
2019-10-31,2019-10-31,50110256,179536.14840000062
2019-11-30,2019-11-30,50110256,161446.41400000028
2019-12-31,2019-12-31,50110256,189694.8902000003
2020-01-31,2020-01-31,50110256,162249.9290000058
2020-02-29,2020-02-29,50110256,147579.04250000496
2020-03-31,2020-03-31,50110256,169628.81629999896
2020-04-30,2020-04-30,50110256,153548.1563000041
2020-05-31,2020-05-31,50110256,170650.15389999995
2020-06-30,2020-06-30,50110256,168121.2906999992
2020-07-31,2020-07-31,50110256,256290.0791999982
2020-08-31,2020-08-31,50110256,237193.67240000126
2020-09-30,2020-09-30,50110256,141697.7906000018
2020-10-31,2020-10-31,50110256,120491.08380000126
2020-11-30,2020-11-30,50110256,123173.31450000024
2020-12-31,2020-12-31,50110256,142154.87820000484
2021-01-31,2021-01-31,50110256,130409.31370000223
2021-02-28,2021-02-28,50110256,134606.14580000011
2021-03-31,2021-03-31,50110256,160872.28869999963
2021-04-30,2021-04-30,50110256,133546.0677000003
2021-05-31,2021-05-31,50110256,161006.2604000033
2021-06-30,2021-06-30,50110256,165849.39490000173
2018-01-31,2018-01-31,50110259,182811.94519999984
2018-02-28,2018-02-28,50110259,158139.2143000001
2018-03-31,2018-03-31,50110259,192403.62040000033
2018-04-30,2018-04-30,50110259,182853.46099999978
2018-05-31,2018-05-31,50110259,184170.8338000002
2018-06-30,2018-06-30,50110259,190689.8316000008
2018-07-31,2018-07-31,50110259,249579.7007000014
2018-08-31,2018-08-31,50110259,258714.99360000007
2018-09-30,2018-09-30,50110259,241980.44429999954
2018-10-31,2018-10-31,50110259,203969.10020000002
2018-11-30,2018-11-30,50110259,194432.01649999933
2018-12-31,2018-12-31,50110259,157556.66069999858
2019-01-31,2019-01-31,50110259,249244.85440000077
2019-02-28,2019-02-28,50110259,185759.75150000048
2019-03-31,2019-03-31,50110259,298373.03180000355
2019-04-30,2019-04-30,50110259,270894.19730000035
2019-05-31,2019-05-31,50110259,254101.6994000005
2019-06-30,2019-06-30,50110259,268492.2195000005
2019-07-31,2019-07-31,50110259,302224.40930000064
2019-08-31,2019-08-31,50110259,353527.65199999965
2019-09-30,2019-09-30,50110259,257119.31830000036
2019-10-31,2019-10-31,50110259,241499.9141999993
2019-11-30,2019-11-30,50110259,241632.75630000103
2019-12-31,2019-12-31,50110259,331833.6450000004
2020-01-31,2020-01-31,50110259,257290.2941000099
2020-02-29,2020-02-29,50110259,231366.75760000732
2020-03-31,2020-03-31,50110259,234897.98549999864
2020-04-30,2020-04-30,50110259,232001.55720000452
2020-05-31,2020-05-31,50110259,192218.24250000052
2020-06-30,2020-06-30,50110259,225825.72800000058
2020-07-31,2020-07-31,50110259,309763.5510999986
2020-08-31,2020-08-31,50110259,324019.75400000485
2020-09-30,2020-09-30,50110259,181766.64109999605
2020-10-31,2020-10-31,50110259,227290.8066999929
2020-11-30,2020-11-30,50110259,219160.58909999998
2020-12-31,2020-12-31,50110259,224788.21759999177
2021-01-31,2021-01-31,50110259,164863.09690000708
2021-02-28,2021-02-28,50110259,162660.9574000049
2021-03-31,2021-03-31,50110259,224764.229299999
2021-04-30,2021-04-30,50110259,183170.03220000112
2021-05-31,2021-05-31,50110259,211581.6301999971
2021-06-30,2021-06-30,50110259,207672.78529999833
2018-01-31,2018-01-31,50110310,91951.42199999979
2018-02-28,2018-02-28,50110310,87691.78769999994
2018-03-31,2018-03-31,50110310,131644.32130000024
2018-04-30,2018-04-30,50110310,147631.61510000005
2018-05-31,2018-05-31,50110310,80944.86589999996
2018-06-30,2018-06-30,50110310,121987.53029999988
2018-07-31,2018-07-31,50110310,116824.32570000069
2018-08-31,2018-08-31,50110310,169995.67049999995
2018-09-30,2018-09-30,50110310,199624.8459999995
2018-10-31,2018-10-31,50110310,102930.12509999955
2018-11-30,2018-11-30,50110310,95888.91210000063
2018-12-31,2018-12-31,50110310,90176.54389999993
2019-01-31,2019-01-31,50110310,133631.59599999987
2019-02-28,2019-02-28,50110310,114934.02010000026
2019-03-31,2019-03-31,50110310,125409.87779999991
2019-04-30,2019-04-30,50110310,165828.1709000005
2019-05-31,2019-05-31,50110310,162202.53039999996
2019-06-30,2019-06-30,50110310,169431.3282000004
2019-07-31,2019-07-31,50110310,156452.66590000023
2019-08-31,2019-08-31,50110310,202527.50239999968
2019-09-30,2019-09-30,50110310,163661.05329999997
2019-10-31,2019-10-31,50110310,190384.5293999992
2019-11-30,2019-11-30,50110310,129330.98210000058
2019-12-31,2019-12-31,50110310,120470.25710000006
2020-01-31,2020-01-31,50110310,135036.0850999992
2020-02-29,2020-02-29,50110310,152048.7509000019
2020-03-31,2020-03-31,50110310,153206.91080000324
2020-04-30,2020-04-30,50110310,183734.11150000215
2020-05-31,2020-05-31,50110310,200570.61729999972
2020-06-30,2020-06-30,50110310,140368.56429999953
2020-07-31,2020-07-31,50110310,174571.1164999999
2020-08-31,2020-08-31,50110310,183993.35249999966
2020-09-30,2020-09-30,50110310,222239.28829999463
2020-10-31,2020-10-31,50110310,154007.27989999932
2020-11-30,2020-11-30,50110310,104988.2269999999
2020-12-31,2020-12-31,50110310,117382.03490000211
2021-01-31,2021-01-31,50110310,141925.57460000247
2021-02-28,2021-02-28,50110310,112779.1123000008
2021-03-31,2021-03-31,50110310,158273.32659999983
2021-04-30,2021-04-30,50110310,127426.5969999997
2021-05-31,2021-05-31,50110310,153109.97429999994
2021-06-30,2021-06-30,50110310,217685.52590000155
2018-01-31,2018-01-31,50110320,145607.0422000002
2018-02-28,2018-02-28,50110320,67087.62320000031
2018-03-31,2018-03-31,50110320,131647.7219
2018-04-30,2018-04-30,50110320,168672.7025000007
2018-05-31,2018-05-31,50110320,70776.53190000002
2018-06-30,2018-06-30,50110320,94274.73129999997
2018-07-31,2018-07-31,50110320,98552.11240000046
2018-08-31,2018-08-31,50110320,117720.34839999987
2018-09-30,2018-09-30,50110320,125467.38610000005
2018-10-31,2018-10-31,50110320,130817.48119999976
2018-11-30,2018-11-30,50110320,174002.2766999996
2018-12-31,2018-12-31,50110320,215371.0814000006
2019-01-31,2019-01-31,50110320,296103.5606000005
2019-02-28,2019-02-28,50110320,142491.93620000026
2019-03-31,2019-03-31,50110320,341726.10649999813
2019-04-30,2019-04-30,50110320,159671.45680000025
2019-05-31,2019-05-31,50110320,110716.8973000001
2019-06-30,2019-06-30,50110320,179242.57420000082
2019-07-31,2019-07-31,50110320,149740.67289999977
2019-08-31,2019-08-31,50110320,111039.90920000008
2019-09-30,2019-09-30,50110320,117303.4801000002
2019-10-31,2019-10-31,50110320,111213.75620000006
2019-11-30,2019-11-30,50110320,164046.1294999998
2019-12-31,2019-12-31,50110320,319323.14900000114
2020-01-31,2020-01-31,50110320,186538.8423000079
2020-02-29,2020-02-29,50110320,203205.75310000553
2020-03-31,2020-03-31,50110320,214997.55990000567
2020-04-30,2020-04-30,50110320,265114.75090000615
2020-05-31,2020-05-31,50110320,119556.86429999958
2020-06-30,2020-06-30,50110320,141781.6717000003
2020-07-31,2020-07-31,50110320,117495.07289999952
2020-08-31,2020-08-31,50110320,88898.75609999988
2020-09-30,2020-09-30,50110320,93199.35330000154
2020-10-31,2020-10-31,50110320,111158.0042000009
2020-11-30,2020-11-30,50110320,154756.4378000001
2020-12-31,2020-12-31,50110320,162502.91529999446
2021-01-31,2021-01-31,50110320,215497.52840000176
2021-02-28,2021-02-28,50110320,100848.8588000016
2021-03-31,2021-03-31,50110320,172133.01479999983
2021-04-30,2021-04-30,50110320,135626.1059999999
2021-05-31,2021-05-31,50110320,133512.78210000048
2021-06-30,2021-06-30,50110320,86435.8264999987
2018-01-31,2018-01-31,50110330,101540.86209999994
2018-02-28,2018-02-28,50110330,78158.87599999992
2018-03-31,2018-03-31,50110330,89307.16649999986
2018-04-30,2018-04-30,50110330,49333.33649999996
2018-05-31,2018-05-31,50110330,25224.825699999987
2018-06-30,2018-06-30,50110330,49076.68720000016
2018-07-31,2018-07-31,50110330,124792.29840000026
2018-08-31,2018-08-31,50110330,108261.74609999999
2018-09-30,2018-09-30,50110330,108749.87989999987
2018-10-31,2018-10-31,50110330,100742.04379999972
2018-11-30,2018-11-30,50110330,88507.57360000028
2018-12-31,2018-12-31,50110330,112676.33229999973
2019-01-31,2019-01-31,50110330,138739.12210000033
2019-02-28,2019-02-28,50110330,110824.7145000002
2019-03-31,2019-03-31,50110330,166086.88129999975
2019-04-30,2019-04-30,50110330,87482.75980000012
2019-05-31,2019-05-31,50110330,71057.37019999984
2019-06-30,2019-06-30,50110330,53980.129400000034
2019-07-31,2019-07-31,50110330,76124.45719999995
2019-08-31,2019-08-31,50110330,173528.8272000005
2019-09-30,2019-09-30,50110330,79423.05120000009
2019-10-31,2019-10-31,50110330,54546.810600000026
2019-11-30,2019-11-30,50110330,65253.70999999999
2019-12-31,2019-12-31,50110330,116178.77430000006
2020-01-31,2020-01-31,50110330,104524.22620000219
2020-02-29,2020-02-29,50110330,79373.91640000099
2020-03-31,2020-03-31,50110330,128743.16210000386
2020-04-30,2020-04-30,50110330,76254.51540000092
2020-05-31,2020-05-31,50110330,49786.87700000005
2020-06-30,2020-06-30,50110330,59335.00410000008
2020-07-31,2020-07-31,50110330,104600.94619999977
2020-08-31,2020-08-31,50110330,112160.95040000029
2020-09-30,2020-09-30,50110330,74761.15810000112
2020-10-31,2020-10-31,50110330,68827.5194000006
2020-11-30,2020-11-30,50110330,65953.07059999982
2020-12-31,2020-12-31,50110330,145253.43899999853
2021-01-31,2021-01-31,50110330,91128.78329999888
2021-02-28,2021-02-28,50110330,70871.47659999867
2021-03-31,2021-03-31,50110330,110235.76829999991
2021-04-30,2021-04-30,50110330,56885.605299999974
2021-05-31,2021-05-31,50110330,58491.02869999953
2021-06-30,2021-06-30,50110330,66017.83969999864
2018-01-31,2018-01-31,50110510,70634.12330000018
2018-02-28,2018-02-28,50110510,57874.513700000105
2018-03-31,2018-03-31,50110510,61273.9846000002
2018-04-30,2018-04-30,50110510,67588.1236
2018-05-31,2018-05-31,50110510,68677.01489999978
2018-06-30,2018-06-30,50110510,65347.56500000015
2018-07-31,2018-07-31,50110510,67802.85790000013
2018-08-31,2018-08-31,50110510,58425.606399999895
2018-09-30,2018-09-30,50110510,63319.84979999991
2018-10-31,2018-10-31,50110510,63453.06680000007
2018-11-30,2018-11-30,50110510,52083.32849999994
2018-12-31,2018-12-31,50110510,63039.46310000017
2019-01-31,2019-01-31,50110510,52524.36990000006
2019-02-28,2019-02-28,50110510,68447.33500000004
2019-03-31,2019-03-31,50110510,62600.44300000017
2019-04-30,2019-04-30,50110510,68879.57539999993
2019-05-31,2019-05-31,50110510,65264.4997
2019-06-30,2019-06-30,50110510,80363.06170000011
2019-07-31,2019-07-31,50110510,91809.73640000017
2019-08-31,2019-08-31,50110510,73141.96680000002
2019-09-30,2019-09-30,50110510,72649.84909999998
2019-10-31,2019-10-31,50110510,79121.93610000025
2019-11-30,2019-11-30,50110510,78772.09539999973
2019-12-31,2019-12-31,50110510,81712.3830000002
2020-01-31,2020-01-31,50110510,93203.08099999971
2020-02-29,2020-02-29,50110510,31014.227000000265
2020-03-31,2020-03-31,50110510,60883.58580000017
2020-04-30,2020-04-30,50110510,58560.44800000051
2020-05-31,2020-05-31,50110510,52671.53979999991
2020-06-30,2020-06-30,50110510,67440.55520000005
2020-07-31,2020-07-31,50110510,67657.22100000009
2020-08-31,2020-08-31,50110510,52796.67249999999
2020-09-30,2020-09-30,50110510,50362.0719999989
2020-10-31,2020-10-31,50110510,65742.8594999982
2020-11-30,2020-11-30,50110510,57955.190199999815
2020-12-31,2020-12-31,50110510,58122.78430000021
2021-01-31,2021-01-31,50110510,57015.763800001
2021-02-28,2021-02-28,50110510,65113.02820000034
2021-03-31,2021-03-31,50110510,59716.48600000018
2021-04-30,2021-04-30,50110510,65168.21780000006
2021-05-31,2021-05-31,50110510,62330.08869999922
2021-06-30,2021-06-30,50110510,66154.74489999944
2018-01-31,2018-01-31,50110520,73894.59779999976
2018-02-28,2018-02-28,50110520,85534.80550000022
2018-03-31,2018-03-31,50110520,64702.90590000022
2018-04-30,2018-04-30,50110520,62590.742599999925
2018-05-31,2018-05-31,50110520,72019.85419999983
2018-06-30,2018-06-30,50110520,67292.06229999993
2018-07-31,2018-07-31,50110520,86516.34480000015
2018-08-31,2018-08-31,50110520,65257.68899999985
2018-09-30,2018-09-30,50110520,69828.95500000019
2018-10-31,2018-10-31,50110520,57119.948100000125
2018-11-30,2018-11-30,50110520,68674.89510000033
2018-12-31,2018-12-31,50110520,82188.43120000014
2019-01-31,2019-01-31,50110520,106169.90799999947
2019-02-28,2019-02-28,50110520,78670.21799999994
2019-03-31,2019-03-31,50110520,86716.57180000054
2019-04-30,2019-04-30,50110520,87604.5540999996
2019-05-31,2019-05-31,50110520,88686.33519999948
2019-06-30,2019-06-30,50110520,72029.98370000017
2019-07-31,2019-07-31,50110520,102419.89550000036
2019-08-31,2019-08-31,50110520,93911.50110000026
2019-09-30,2019-09-30,50110520,96097.29910000021
2019-10-31,2019-10-31,50110520,81800.41680000022
2019-11-30,2019-11-30,50110520,95456.3255
2019-12-31,2019-12-31,50110520,102546.0726999994
2020-01-31,2020-01-31,50110520,108502.86440000244
2020-02-29,2020-02-29,50110520,92568.63060000062
2020-03-31,2020-03-31,50110520,84822.7931000001
2020-04-30,2020-04-30,50110520,69326.05990000034
2020-05-31,2020-05-31,50110520,77612.61540000021
2020-06-30,2020-06-30,50110520,75129.35940000009
2020-07-31,2020-07-31,50110520,94487.21989999976
2020-08-31,2020-08-31,50110520,87171.34940000054
2020-09-30,2020-09-30,50110520,89813.96560000035
2020-10-31,2020-10-31,50110520,82487.5710000004
2020-11-30,2020-11-30,50110520,75940.43639999989
2020-12-31,2020-12-31,50110520,83367.08059999974
2021-01-31,2021-01-31,50110520,86376.46640000137
2021-02-28,2021-02-28,50110520,75851.40780000103
2021-03-31,2021-03-31,50110520,80950.15870000009
2021-04-30,2021-04-30,50110520,79527.34359999989
2021-05-31,2021-05-31,50110520,75415.82149999989
2021-06-30,2021-06-30,50110520,76380.96230000141
2018-01-31,2018-01-31,50110530,93006.02390000007
2018-02-28,2018-02-28,50110530,71155.80379999983
2018-03-31,2018-03-31,50110530,79427.84709999998
2018-04-30,2018-04-30,50110530,80898.60419999991
2018-05-31,2018-05-31,50110530,82765.29029999985
2018-06-30,2018-06-30,50110530,84722.8487
2018-07-31,2018-07-31,50110530,102162.3444000007
2018-08-31,2018-08-31,50110530,93753.36550000017
2018-09-30,2018-09-30,50110530,96796.94100000011
2018-10-31,2018-10-31,50110530,96461.76269999972
2018-11-30,2018-11-30,50110530,87348.9142000004
2018-12-31,2018-12-31,50110530,98035.99610000003
2019-01-31,2019-01-31,50110530,111318.91180000035
2019-02-28,2019-02-28,50110530,106309.8811000002
2019-03-31,2019-03-31,50110530,106228.41920000035
2019-04-30,2019-04-30,50110530,111736.02480000038
2019-05-31,2019-05-31,50110530,115727.82640000014
2019-06-30,2019-06-30,50110530,121173.09969999944
2019-07-31,2019-07-31,50110530,139385.37639999992
2019-08-31,2019-08-31,50110530,132300.93140000026
2019-09-30,2019-09-30,50110530,110552.01679999998
2019-10-31,2019-10-31,50110530,129899.66030000012
2019-11-30,2019-11-30,50110530,91118.02510000042
2019-12-31,2019-12-31,50110530,91259.94759999968
2020-01-31,2020-01-31,50110530,94801.45960000023
2020-02-29,2020-02-29,50110530,96478.84000000135
2020-03-31,2020-03-31,50110530,86670.62670000116
2020-04-30,2020-04-30,50110530,84063.47750000123
2020-05-31,2020-05-31,50110530,88566.39030000026
2020-06-30,2020-06-30,50110530,99276.90649999992
2020-07-31,2020-07-31,50110530,106071.97310000048
2020-08-31,2020-08-31,50110530,100659.95830000016
2020-09-30,2020-09-30,50110530,101644.3584000006
2020-10-31,2020-10-31,50110530,99606.43210000123
2020-11-30,2020-11-30,50110530,103677.97790000013
2020-12-31,2020-12-31,50110530,104617.91240000205
2021-01-31,2021-01-31,50110530,90923.70390000172
2021-02-28,2021-02-28,50110530,95640.99790000022
2021-03-31,2021-03-31,50110530,107182.9490999996
2021-04-30,2021-04-30,50110530,102690.64159999932
2021-05-31,2021-05-31,50110530,103184.1761000004
2021-06-30,2021-06-30,50110530,95544.27150000026
2018-01-31,2018-01-31,50110540,211534.14220000056
2018-02-28,2018-02-28,50110540,184856.08029999968
2018-03-31,2018-03-31,50110540,185494.3785
2018-04-30,2018-04-30,50110540,187746.43730000002
2018-05-31,2018-05-31,50110540,196964.2830000001
2018-06-30,2018-06-30,50110540,195731.70270000002
2018-07-31,2018-07-31,50110540,204901.33119999972
2018-08-31,2018-08-31,50110540,214606.9070000007
2018-09-30,2018-09-30,50110540,175722.4742000001
2018-10-31,2018-10-31,50110540,182742.03000000038
2018-11-30,2018-11-30,50110540,192747.93709999984
2018-12-31,2018-12-31,50110540,185034.05139999994
2019-01-31,2019-01-31,50110540,236999.33579999924
2019-02-28,2019-02-28,50110540,202048.87100000022
2019-03-31,2019-03-31,50110540,228706.9648000016
2019-04-30,2019-04-30,50110540,195831.55710000073
2019-05-31,2019-05-31,50110540,229946.2458000019
2019-06-30,2019-06-30,50110540,229627.37130000145
2019-07-31,2019-07-31,50110540,282299.456099999
2019-08-31,2019-08-31,50110540,255234.36180000004
2019-09-30,2019-09-30,50110540,244019.2931
2019-10-31,2019-10-31,50110540,246469.18949999847
2019-11-30,2019-11-30,50110540,232955.44880000068
2019-12-31,2019-12-31,50110540,227492.39110000076
2020-01-31,2020-01-31,50110540,233755.41510000473
2020-02-29,2020-02-29,50110540,219395.4597000103
2020-03-31,2020-03-31,50110540,248951.4876000082
2020-04-30,2020-04-30,50110540,233106.2583000099
2020-05-31,2020-05-31,50110540,235492.72590000014
2020-06-30,2020-06-30,50110540,210735.01500000036
2020-07-31,2020-07-31,50110540,241015.65599999987
2020-08-31,2020-08-31,50110540,216136.0976000005
2020-09-30,2020-09-30,50110540,220084.2650999985
2020-10-31,2020-10-31,50110540,219095.1371000025
2020-11-30,2020-11-30,50110540,212189.5622000006
2020-12-31,2020-12-31,50110540,218060.94109999703
2021-01-31,2021-01-31,50110540,201497.67780000617
2021-02-28,2021-02-28,50110540,183131.04520000517
2021-03-31,2021-03-31,50110540,229957.05189999996
2021-04-30,2021-04-30,50110540,202561.1130000004
2021-05-31,2021-05-31,50110540,238226.09749999517
2021-06-30,2021-06-30,50110540,203937.39559999775
2018-01-31,2018-01-31,50110550,52884.990999999856
2018-02-28,2018-02-28,50110550,43180.197100000034
2018-03-31,2018-03-31,50110550,54990.894099999925
2018-04-30,2018-04-30,50110550,45621.86099999996
2018-05-31,2018-05-31,50110550,55028.47089999987
2018-06-30,2018-06-30,50110550,55994.280100000105
2018-07-31,2018-07-31,50110550,55068.600700000046
2018-08-31,2018-08-31,50110550,57106.908599999995
2018-09-30,2018-09-30,50110550,73335.80010000017
2018-10-31,2018-10-31,50110550,60765.44250000017
2018-11-30,2018-11-30,50110550,58119.00220000008
2018-12-31,2018-12-31,50110550,59306.3457
2019-01-31,2019-01-31,50110550,72173.80929999998
2019-02-28,2019-02-28,50110550,58502.26620000012
2019-03-31,2019-03-31,50110550,69327.71830000005
2019-04-30,2019-04-30,50110550,66302.65440000007
2019-05-31,2019-05-31,50110550,76008.48189999998
2019-06-30,2019-06-30,50110550,78625.13079999997
2019-07-31,2019-07-31,50110550,85762.99050000047
2019-08-31,2019-08-31,50110550,87247.89330000005
2019-09-30,2019-09-30,50110550,64457.90599999997
2019-10-31,2019-10-31,50110550,65477.8507
2019-11-30,2019-11-30,50110550,72290.80040000002
2019-12-31,2019-12-31,50110550,73331.14930000003
2020-01-31,2020-01-31,50110550,59472.1145999999
2020-02-29,2020-02-29,50110550,59949.40799999977
2020-03-31,2020-03-31,50110550,52472.274099999915
2020-04-30,2020-04-30,50110550,60589.16659999984
2020-05-31,2020-05-31,50110550,62854.42539999998
2020-06-30,2020-06-30,50110550,65122.35259999999
2020-07-31,2020-07-31,50110550,70119.8398999999
2020-08-31,2020-08-31,50110550,63016.52269999997
2020-09-30,2020-09-30,50110550,61839.217099999245
2020-10-31,2020-10-31,50110550,62790.520800000115
2020-11-30,2020-11-30,50110550,57276.57499999984
2020-12-31,2020-12-31,50110550,57631.42090000004
2021-01-31,2021-01-31,50110550,54015.92900000045
2021-02-28,2021-02-28,50110550,57021.33680000069
2021-03-31,2021-03-31,50110550,66860.47590000024
2021-04-30,2021-04-30,50110550,59664.84719999974
2021-05-31,2021-05-31,50110550,65047.08210000019
2021-06-30,2021-06-30,50110550,59606.7437000006
2018-01-31,2018-01-31,50110560,67806.03100000008
2018-02-28,2018-02-28,50110560,59072.62759999981
2018-03-31,2018-03-31,50110560,62446.03260000004
2018-04-30,2018-04-30,50110560,71982.69450000017
2018-05-31,2018-05-31,50110560,81552.01749999984
2018-06-30,2018-06-30,50110560,87610.9638999999
2018-07-31,2018-07-31,50110560,78444.4680000002
2018-08-31,2018-08-31,50110560,99277.73279999997
2018-09-30,2018-09-30,50110560,97655.42940000027
2018-10-31,2018-10-31,50110560,88180.49489999999
2018-11-30,2018-11-30,50110560,86387.49100000037
2018-12-31,2018-12-31,50110560,90382.79280000008
2019-01-31,2019-01-31,50110560,91758.06229999996
2019-02-28,2019-02-28,50110560,107223.7531
2019-03-31,2019-03-31,50110560,95583.64110000028
2019-04-30,2019-04-30,50110560,93502.03720000043
2019-05-31,2019-05-31,50110560,105363.1372999997
2019-06-30,2019-06-30,50110560,120903.52939999942
2019-07-31,2019-07-31,50110560,118739.0423000005
2019-08-31,2019-08-31,50110560,110673.90680000014
2019-09-30,2019-09-30,50110560,102988.13580000016
2019-10-31,2019-10-31,50110560,106144.22880000049
2019-11-30,2019-11-30,50110560,110392.38780000032
2019-12-31,2019-12-31,50110560,97438.55089999997
2020-01-31,2020-01-31,50110560,101301.6302000018
2020-02-29,2020-02-29,50110560,93058.52240000115
2020-03-31,2020-03-31,50110560,73508.00029999991
2020-04-30,2020-04-30,50110560,81767.87910000037
2020-05-31,2020-05-31,50110560,87628.60680000027
2020-06-30,2020-06-30,50110560,96773.06569999976
2020-07-31,2020-07-31,50110560,113882.2571000004
2020-08-31,2020-08-31,50110560,104325.80570000043
2020-09-30,2020-09-30,50110560,81436.48040000015
2020-10-31,2020-10-31,50110560,88386.22460000105
2020-11-30,2020-11-30,50110560,79971.70909999973
2020-12-31,2020-12-31,50110560,78998.87640000123
2021-01-31,2021-01-31,50110560,59520.052600001196
2021-02-28,2021-02-28,50110560,66585.55180000179
2021-03-31,2021-03-31,50110560,80089.06880000014
2021-04-30,2021-04-30,50110560,74242.65130000007
2021-05-31,2021-05-31,50110560,79004.86049999906
2021-06-30,2021-06-30,50110560,85066.06230000111
2018-01-31,2018-01-31,50110570,39838.10840000003
2018-02-28,2018-02-28,50110570,35433.06630000001
2018-03-31,2018-03-31,50110570,35546.69700000002
2018-04-30,2018-04-30,50110570,39209.07350000003
2018-05-31,2018-05-31,50110570,37356.98959999995
2018-06-30,2018-06-30,50110570,33332.29379999999
2018-07-31,2018-07-31,50110570,43120.47229999994
2018-08-31,2018-08-31,50110570,37425.360300000066
2018-09-30,2018-09-30,50110570,41079.348400000024
2018-10-31,2018-10-31,50110570,36709.72170000014
2018-11-30,2018-11-30,50110570,32020.1
2018-12-31,2018-12-31,50110570,31472.73549999992
2019-01-31,2019-01-31,50110570,45212.92419999999
2019-02-28,2019-02-28,50110570,37886.052600000025
2019-03-31,2019-03-31,50110570,46727.88000000001
2019-04-30,2019-04-30,50110570,38133.67779999991
2019-05-31,2019-05-31,50110570,45692.219899999836
2019-06-30,2019-06-30,50110570,53121.50980000016
2019-07-31,2019-07-31,50110570,50063.30450000005
2019-08-31,2019-08-31,50110570,52130.82789999998
2019-09-30,2019-09-30,50110570,50274.5622000001
2019-10-31,2019-10-31,50110570,46092.82279999989
2019-11-30,2019-11-30,50110570,55255.47030000005
2019-12-31,2019-12-31,50110570,51392.952200000014
2020-01-31,2020-01-31,50110570,50170.924699999705
2020-02-29,2020-02-29,50110570,48834.73589999971
2020-03-31,2020-03-31,50110570,29404.418399999693
2020-04-30,2020-04-30,50110570,32233.841599999625
2020-05-31,2020-05-31,50110570,38505.10810000002
2020-06-30,2020-06-30,50110570,36994.25830000005
2020-07-31,2020-07-31,50110570,34773.63880000003
2020-08-31,2020-08-31,50110570,34104.25459999983
2020-09-30,2020-09-30,50110570,30306.54350000008
2020-10-31,2020-10-31,50110570,32415.252499999544
2020-11-30,2020-11-30,50110570,30670.353599999948
2020-12-31,2020-12-31,50110570,32189.296899999852
2021-01-31,2021-01-31,50110570,29965.279100000596
2021-02-28,2021-02-28,50110570,30824.08220000042
2021-03-31,2021-03-31,50110570,30327.692599999977
2021-04-30,2021-04-30,50110570,30652.060599999924
2021-05-31,2021-05-31,50110570,34131.45239999973
2021-06-30,2021-06-30,50110570,32326.608900000003
2018-01-31,2018-01-31,50110580,149625.14310000016
2018-02-28,2018-02-28,50110580,161857.01679999975
2018-03-31,2018-03-31,50110580,142523.77469999983
2018-04-30,2018-04-30,50110580,166962.15270000085
2018-05-31,2018-05-31,50110580,174388.05620000084
2018-06-30,2018-06-30,50110580,194042.12020000044
2018-07-31,2018-07-31,50110580,219657.3779000002
2018-08-31,2018-08-31,50110580,255084.22980000087
2018-09-30,2018-09-30,50110580,223945.0987000007
2018-10-31,2018-10-31,50110580,197316.93280000103
2018-11-30,2018-11-30,50110580,172126.22919999924
2018-12-31,2018-12-31,50110580,185979.56820000015
2019-01-31,2019-01-31,50110580,227946.29940000077
2019-02-28,2019-02-28,50110580,238171.5833999987
2019-03-31,2019-03-31,50110580,225982.99500000087
2019-04-30,2019-04-30,50110580,252722.7775000008
2019-05-31,2019-05-31,50110580,309635.36340000055
2019-06-30,2019-06-30,50110580,353738.6862000013
2019-07-31,2019-07-31,50110580,324762.19689999917
2019-08-31,2019-08-31,50110580,334003.3370999995
2019-09-30,2019-09-30,50110580,265488.37739999953
2019-10-31,2019-10-31,50110580,271831.1753999992
2019-11-30,2019-11-30,50110580,261006.70009999964
2019-12-31,2019-12-31,50110580,254847.93499999898
2020-01-31,2020-01-31,50110580,262932.7680000092
2020-02-29,2020-02-29,50110580,129832.89390000132
2020-03-31,2020-03-31,50110580,109429.47260000296
2020-04-30,2020-04-30,50110580,120123.7726000005
2020-05-31,2020-05-31,50110580,159612.9494000008
2020-06-30,2020-06-30,50110580,203821.2417000001
2020-07-31,2020-07-31,50110580,285229.4870000001
2020-08-31,2020-08-31,50110580,259260.29800000013
2020-09-30,2020-09-30,50110580,161896.69080000086
2020-10-31,2020-10-31,50110580,185327.66050000346
2020-11-30,2020-11-30,50110580,128251.58680000015
2020-12-31,2020-12-31,50110580,106195.57620000181
2021-01-31,2021-01-31,50110580,88173.55510000138
2021-02-28,2021-02-28,50110580,112268.43620000096
2021-03-31,2021-03-31,50110580,113846.7050999996
2021-04-30,2021-04-30,50110580,124859.84669999982
2021-05-31,2021-05-31,50110580,142354.30509999985
2021-06-30,2021-06-30,50110580,162056.0080000007
2018-01-31,2018-01-31,50110590,132210.7596000003
2018-02-28,2018-02-28,50110590,110256.50179999997
2018-03-31,2018-03-31,50110590,126286.01430000033
2018-04-30,2018-04-30,50110590,161128.00460000054
2018-05-31,2018-05-31,50110590,135308.2614000001
2018-06-30,2018-06-30,50110590,156514.08609999975
2018-07-31,2018-07-31,50110590,177480.19470000014
2018-08-31,2018-08-31,50110590,168527.49270000012
2018-09-30,2018-09-30,50110590,210319.3944999998
2018-10-31,2018-10-31,50110590,150495.30810000014
2018-11-30,2018-11-30,50110590,160436.00029999905
2018-12-31,2018-12-31,50110590,164054.77130000017
2019-01-31,2019-01-31,50110590,175572.33269999997
2019-02-28,2019-02-28,50110590,163244.5104000005
2019-03-31,2019-03-31,50110590,214085.21910000005
2019-04-30,2019-04-30,50110590,161316.62000000023
2019-05-31,2019-05-31,50110590,186379.035500001
2019-06-30,2019-06-30,50110590,177703.1091000002
2019-07-31,2019-07-31,50110590,205842.19579999943
2019-08-31,2019-08-31,50110590,234873.00250000058
2019-09-30,2019-09-30,50110590,218430.80140000003
2019-10-31,2019-10-31,50110590,204594.4159000005
2019-11-30,2019-11-30,50110590,234758.7463000003
2019-12-31,2019-12-31,50110590,293002.40810000076
2020-01-31,2020-01-31,50110590,203853.1370000057
2020-02-29,2020-02-29,50110590,172804.46900000417
2020-03-31,2020-03-31,50110590,183510.17600000818
2020-04-30,2020-04-30,50110590,150007.52650000353
2020-05-31,2020-05-31,50110590,169099.21639999992
2020-06-30,2020-06-30,50110590,212064.2967000001
2020-07-31,2020-07-31,50110590,214155.78269999998
2020-08-31,2020-08-31,50110590,196570.7829000011
2020-09-30,2020-09-30,50110590,140400.68910000304
2020-10-31,2020-10-31,50110590,164257.3890999998
2020-11-30,2020-11-30,50110590,224856.49109999905
2020-12-31,2020-12-31,50110590,184189.4759999999
2021-01-31,2021-01-31,50110590,187566.420100004
2021-02-28,2021-02-28,50110590,131104.00959999984
2021-03-31,2021-03-31,50110590,141642.7653000002
2021-04-30,2021-04-30,50110590,142047.62009999985
2021-05-31,2021-05-31,50110590,165596.10299999735
2021-06-30,2021-06-30,50110590,167607.31309999852
2018-01-31,2018-01-31,50110600,52634.48980000011
2018-02-28,2018-02-28,50110600,59151.21220000004
2018-03-31,2018-03-31,50110600,65994.19400000015
2018-04-30,2018-04-30,50110600,48766.739399999846
2018-05-31,2018-05-31,50110600,46068.352299999824
2018-06-30,2018-06-30,50110600,67194.40860000016
2018-07-31,2018-07-31,50110600,69399.44489999983
2018-08-31,2018-08-31,50110600,73117.77610000088
2018-09-30,2018-09-30,50110600,60981.71350000001
2018-10-31,2018-10-31,50110600,76410.69560000022
2018-11-30,2018-11-30,50110600,79629.5311
2018-12-31,2018-12-31,50110600,62882.14159999985
2019-01-31,2019-01-31,50110600,81601.78519999987
2019-02-28,2019-02-28,50110600,77170.98120000018
2019-03-31,2019-03-31,50110600,82876.19970000038
2019-04-30,2019-04-30,50110600,95555.0093999999
2019-05-31,2019-05-31,50110600,106183.54519999983
2019-06-30,2019-06-30,50110600,106111.24229999949
2019-07-31,2019-07-31,50110600,97820.6775
2019-08-31,2019-08-31,50110600,113886.7093999997
2019-09-30,2019-09-30,50110600,91916.5127
2019-10-31,2019-10-31,50110600,103406.5094000001
2019-11-30,2019-11-30,50110600,101058.27749999978
2019-12-31,2019-12-31,50110600,118946.05089999997
2020-01-31,2020-01-31,50110600,123116.02790000278
2020-02-29,2020-02-29,50110600,108502.75040000072
2020-03-31,2020-03-31,50110600,106206.51530000255
2020-04-30,2020-04-30,50110600,84201.75880000097
2020-05-31,2020-05-31,50110600,81375.54679999975
2020-06-30,2020-06-30,50110600,78683.36319999986
2020-07-31,2020-07-31,50110600,86948.86899999988
2020-08-31,2020-08-31,50110600,86734.42129999999
2020-09-30,2020-09-30,50110600,84173.93269999808
2020-10-31,2020-10-31,50110600,88510.31479999833
2020-11-30,2020-11-30,50110600,77344.53699999975
2020-12-31,2020-12-31,50110600,83475.83379999935
2021-01-31,2021-01-31,50110600,91591.1066999998
2021-02-28,2021-02-28,50110600,78938.7294000019
2021-03-31,2021-03-31,50110600,79397.50330000024
2021-04-30,2021-04-30,50110600,82946.79139999984
2021-05-31,2021-05-31,50110600,86477.14560000006
2021-06-30,2021-06-30,50110600,79065.11709999968
2018-01-31,2018-01-31,50110610,52929.0324000001
2018-02-28,2018-02-28,50110610,36568.06920000002
2018-03-31,2018-03-31,50110610,48765.578700000035
2018-04-30,2018-04-30,50110610,56104.30110000004
2018-05-31,2018-05-31,50110610,51848.30629999985
2018-06-30,2018-06-30,50110610,47259.3437
2018-07-31,2018-07-31,50110610,52554.98019999993
2018-08-31,2018-08-31,50110610,57281.1522000002
2018-09-30,2018-09-30,50110610,42601.019600000145
2018-10-31,2018-10-31,50110610,43637.93040000007
2018-11-30,2018-11-30,50110610,45395.04150000021
2018-12-31,2018-12-31,50110610,44475.7805000001
2019-01-31,2019-01-31,50110610,58062.24080000001
2019-02-28,2019-02-28,50110610,41265.40580000014
2019-03-31,2019-03-31,50110610,45725.542299999965
2019-04-30,2019-04-30,50110610,48037.52119999989
2019-05-31,2019-05-31,50110610,54534.3718
2019-06-30,2019-06-30,50110610,39525.88319999985
2019-07-31,2019-07-31,50110610,48748.447200000184
2019-08-31,2019-08-31,50110610,54112.8722000003
2019-09-30,2019-09-30,50110610,36227.09170000005
2019-10-31,2019-10-31,50110610,52358.54080000008
2019-11-30,2019-11-30,50110610,26873.59510000005
2019-12-31,2019-12-31,50110610,35167.3622
2020-01-31,2020-01-31,50110610,37069.17570000032
2020-02-29,2020-02-29,50110610,48762.34629999999
2020-03-31,2020-03-31,50110610,45258.07890000064
2020-04-30,2020-04-30,50110610,39109.45969999993
2020-05-31,2020-05-31,50110610,35597.49540000007
2020-06-30,2020-06-30,50110610,28156.875200000068
2020-07-31,2020-07-31,50110610,49277.574599999985
2020-08-31,2020-08-31,50110610,52461.10320000008
2020-09-30,2020-09-30,50110610,42330.26279999927
2020-10-31,2020-10-31,50110610,39573.49979999909
2020-11-30,2020-11-30,50110610,37090.54119999995
2020-12-31,2020-12-31,50110610,33901.87969999988
2021-01-31,2021-01-31,50110610,34544.38929999998
2021-02-28,2021-02-28,50110610,39282.9832000009
2021-03-31,2021-03-31,50110610,47319.72269999995
2021-04-30,2021-04-30,50110610,38461.73029999991
2021-05-31,2021-05-31,50110610,39139.23619999968
2021-06-30,2021-06-30,50110610,49175.91720000046
2018-01-31,2018-01-31,50110620,109006.19699999967
2018-02-28,2018-02-28,50110620,77626.20629999986
2018-03-31,2018-03-31,50110620,84364.36189999965
2018-04-30,2018-04-30,50110620,66239.50729999995
2018-05-31,2018-05-31,50110620,57599.38449999998
2018-06-30,2018-06-30,50110620,59147.13680000014
2018-07-31,2018-07-31,50110620,84671.07750000076
2018-08-31,2018-08-31,50110620,103098.12310000008
2018-09-30,2018-09-30,50110620,92804.58740000034
2018-10-31,2018-10-31,50110620,66594.25740000003
2018-11-30,2018-11-30,50110620,78926.60880000016
2018-12-31,2018-12-31,50110620,88899.70500000007
2019-01-31,2019-01-31,50110620,122252.11780000095
2019-02-28,2019-02-28,50110620,96404.70400000026
2019-03-31,2019-03-31,50110620,127894.54300000024
2019-04-30,2019-04-30,50110620,86262.19029999967
2019-05-31,2019-05-31,50110620,73076.75959999993
2019-06-30,2019-06-30,50110620,87439.82469999987
2019-07-31,2019-07-31,50110620,88455.82140000009
2019-08-31,2019-08-31,50110620,164821.16779999994
2019-09-30,2019-09-30,50110620,90221.49620000001
2019-10-31,2019-10-31,50110620,85552.73480000091
2019-11-30,2019-11-30,50110620,105149.02690000027
2019-12-31,2019-12-31,50110620,109657.52799999947
2020-01-31,2020-01-31,50110620,97153.33740000277
2020-02-29,2020-02-29,50110620,100008.70810000409
2020-03-31,2020-03-31,50110620,125808.93030000386
2020-04-30,2020-04-30,50110620,81691.67530000275
2020-05-31,2020-05-31,50110620,69132.56730000001
2020-06-30,2020-06-30,50110620,79382.98540000041
2020-07-31,2020-07-31,50110620,91105.88130000021
2020-08-31,2020-08-31,50110620,134819.55620000057
2020-09-30,2020-09-30,50110620,69720.87420000047
2020-10-31,2020-10-31,50110620,67836.03360000027
2020-11-30,2020-11-30,50110620,71660.94799999981
2020-12-31,2020-12-31,50110620,103726.81150000084
2021-01-31,2021-01-31,50110620,77445.23289999914
2021-02-28,2021-02-28,50110620,67548.12950000097
2021-03-31,2021-03-31,50110620,97200.60819999987
2021-04-30,2021-04-30,50110620,75723.2994999998
2021-05-31,2021-05-31,50110620,67180.75239999946
2021-06-30,2021-06-30,50110620,58281.54069999905
2018-01-31,2018-01-31,50110630,188869.33179999987
2018-02-28,2018-02-28,50110630,150087.6827
2018-03-31,2018-03-31,50110630,313652.4587000031
2018-04-30,2018-04-30,50110630,234184.9217999991
2018-05-31,2018-05-31,50110630,227723.14730000112
2018-06-30,2018-06-30,50110630,245117.88429999969
2018-07-31,2018-07-31,50110630,209520.17300000004
2018-08-31,2018-08-31,50110630,210180.56840000016
2018-09-30,2018-09-30,50110630,254540.97850000014
2018-10-31,2018-10-31,50110630,226399.21140000032
2018-11-30,2018-11-30,50110630,208042.14730000024
2018-12-31,2018-12-31,50110630,208632.4682999993
2019-01-31,2019-01-31,50110630,203305.44390000045
2019-02-28,2019-02-28,50110630,176692.8384000003
2019-03-31,2019-03-31,50110630,312059.7727000009
2019-04-30,2019-04-30,50110630,292091.64290000085
2019-05-31,2019-05-31,50110630,259072.37980000078
2019-06-30,2019-06-30,50110630,253572.81879999978
2019-07-31,2019-07-31,50110630,234290.14099999866
2019-08-31,2019-08-31,50110630,245949.97629999963
2019-09-30,2019-09-30,50110630,257164.62430000064
2019-10-31,2019-10-31,50110630,234505.30700000018
2019-11-30,2019-11-30,50110630,242069.45999999996
2019-12-31,2019-12-31,50110630,255480.9624000008
2020-01-31,2020-01-31,50110630,200521.77740000832
2020-02-29,2020-02-29,50110630,252254.19620001104
2020-03-31,2020-03-31,50110630,234639.7711000085
2020-04-30,2020-04-30,50110630,264439.0647000131
2020-05-31,2020-05-31,50110630,199138.07780000014
2020-06-30,2020-06-30,50110630,188309.00879999844
2020-07-31,2020-07-31,50110630,189297.27969999908
2020-08-31,2020-08-31,50110630,194295.37910000025
2020-09-30,2020-09-30,50110630,173751.89899999966
2020-10-31,2020-10-31,50110630,270165.77329999785
2020-11-30,2020-11-30,50110630,237079.05889999837
2020-12-31,2020-12-31,50110630,205265.929700002
2021-01-31,2021-01-31,50110630,181716.4794000039
2021-02-28,2021-02-28,50110630,171493.0371000021
2021-03-31,2021-03-31,50110630,263017.5232999996
2021-04-30,2021-04-30,50110630,217427.88680000065
2021-05-31,2021-05-31,50110630,175649.3578000005
2021-06-30,2021-06-30,50110630,187892.33950000102
2018-01-31,2018-01-31,50110640,156502.4655000002
2018-02-28,2018-02-28,50110640,123070.76760000046
2018-03-31,2018-03-31,50110640,128927.31100000029
2018-04-30,2018-04-30,50110640,121078.34480000015
2018-05-31,2018-05-31,50110640,119408.6075999997
2018-06-30,2018-06-30,50110640,122454.53159999933
2018-07-31,2018-07-31,50110640,166255.45760000043
2018-08-31,2018-08-31,50110640,156265.69809999972
2018-09-30,2018-09-30,50110640,145615.9810999998
2018-10-31,2018-10-31,50110640,130634.87169999996
2018-11-30,2018-11-30,50110640,138396.08189999976
2018-12-31,2018-12-31,50110640,159311.9487999994
2019-01-31,2019-01-31,50110640,211525.48040000073
2019-02-28,2019-02-28,50110640,159330.84300000026
2019-03-31,2019-03-31,50110640,207181.43310000078
2019-04-30,2019-04-30,50110640,161679.3823000007
2019-05-31,2019-05-31,50110640,168119.4102000004
2019-06-30,2019-06-30,50110640,164454.875
2019-07-31,2019-07-31,50110640,195203.88060000082
2019-08-31,2019-08-31,50110640,190007.42370000033
2019-09-30,2019-09-30,50110640,149453.62230000034
2019-10-31,2019-10-31,50110640,168765.46250000023
2019-11-30,2019-11-30,50110640,158626.17450000116
2019-12-31,2019-12-31,50110640,190723.00420000055
2020-01-31,2020-01-31,50110640,159049.0104000047
2020-02-29,2020-02-29,50110640,143706.685700004
2020-03-31,2020-03-31,50110640,129295.22320000117
2020-04-30,2020-04-30,50110640,141012.13070000216
2020-05-31,2020-05-31,50110640,126854.14399999971
2020-06-30,2020-06-30,50110640,131770.21989999907
2020-07-31,2020-07-31,50110640,143850.75880000045
2020-08-31,2020-08-31,50110640,127930.3161999998
2020-09-30,2020-09-30,50110640,118117.14360000177
2020-10-31,2020-10-31,50110640,142042.92040000082
2020-11-30,2020-11-30,50110640,123298.0098000001
2020-12-31,2020-12-31,50110640,133255.18620000037
2021-01-31,2021-01-31,50110640,121759.98669999992
2021-02-28,2021-02-28,50110640,115272.03070000024
2021-03-31,2021-03-31,50110640,127261.75569999967
2021-04-30,2021-04-30,50110640,128433.42089999962
2021-05-31,2021-05-31,50110640,127526.30140000023
2021-06-30,2021-06-30,50110640,146785.42649999977
2018-01-31,2018-01-31,50110650,791122.6458999988
2018-02-28,2018-02-28,50110650,644780.7117000015
2018-03-31,2018-03-31,50110650,744506.4330999999
2018-04-30,2018-04-30,50110650,740893.0825999968
2018-05-31,2018-05-31,50110650,790844.4486000016
2018-06-30,2018-06-30,50110650,785677.365700001
2018-07-31,2018-07-31,50110650,870137.2623999983
2018-08-31,2018-08-31,50110650,844540.1253999991
2018-09-30,2018-09-30,50110650,772770.7047000008
2018-10-31,2018-10-31,50110650,769552.6413999954
2018-11-30,2018-11-30,50110650,689960.4835999976
2018-12-31,2018-12-31,50110650,754357.7236000024
2019-01-31,2019-01-31,50110650,892088.0469999979
2019-02-28,2019-02-28,50110650,760932.5918999952
2019-03-31,2019-03-31,50110650,910547.4112000029
2019-04-30,2019-04-30,50110650,828491.7760000023
2019-05-31,2019-05-31,50110650,924956.3927999936
2019-06-30,2019-06-30,50110650,1006150.6449000016
2019-07-31,2019-07-31,50110650,1123393.4251999962
2019-08-31,2019-08-31,50110650,1075016.4868000033
2019-09-30,2019-09-30,50110650,839170.5115999993
2019-10-31,2019-10-31,50110650,841297.3661000008
2019-11-30,2019-11-30,50110650,828914.0023999987
2019-12-31,2019-12-31,50110650,844143.0413999981
2020-01-31,2020-01-31,50110650,749833.8471999771
2020-02-29,2020-02-29,50110650,600605.4049999823
2020-03-31,2020-03-31,50110650,601184.8463999857
2020-04-30,2020-04-30,50110650,565378.5493999785
2020-05-31,2020-05-31,50110650,638125.9563000004
2020-06-30,2020-06-30,50110650,575852.2582999999
2020-07-31,2020-07-31,50110650,718534.5423000077
2020-08-31,2020-08-31,50110650,662445.1547000078
2020-09-30,2020-09-30,50110650,519630.8157999994
2020-10-31,2020-10-31,50110650,611836.509500004
2020-11-30,2020-11-30,50110650,568819.4348000026
2020-12-31,2020-12-31,50110650,555760.9924000159
2021-01-31,2021-01-31,50110650,535740.1146999858
2021-02-28,2021-02-28,50110650,498247.0450999883
2021-03-31,2021-03-31,50110650,533037.8762000025
2021-04-30,2021-04-30,50110650,571926.9853000031
2021-05-31,2021-05-31,50110650,619468.7082000182
2021-06-30,2021-06-30,50110650,649734.7806999893
2018-01-31,2018-01-31,50110660,538485.6709999999
2018-02-28,2018-02-28,50110660,426347.81500000204
2018-03-31,2018-03-31,50110660,573962.1489999999
2018-04-30,2018-04-30,50110660,511591.9563999968
2018-05-31,2018-05-31,50110660,575200.0856999943
2018-06-30,2018-06-30,50110660,591935.9387999999
2018-07-31,2018-07-31,50110660,584273.7306000013
2018-08-31,2018-08-31,50110660,652431.359300002
2018-09-30,2018-09-30,50110660,613235.2351000006
2018-10-31,2018-10-31,50110660,577318.0169999986
2018-11-30,2018-11-30,50110660,650874.8638000021
2018-12-31,2018-12-31,50110660,582201.0833000019
2019-01-31,2019-01-31,50110660,637037.9876999956
2019-02-28,2019-02-28,50110660,603841.4397999989
2019-03-31,2019-03-31,50110660,791225.6613000069
2019-04-30,2019-04-30,50110660,690914.8586000006
2019-05-31,2019-05-31,50110660,693489.0327999956
2019-06-30,2019-06-30,50110660,770954.6731999947
2019-07-31,2019-07-31,50110660,692131.6582999951
2019-08-31,2019-08-31,50110660,742642.6121999993
2019-09-30,2019-09-30,50110660,694252.230099998
2019-10-31,2019-10-31,50110660,667143.1520999966
2019-11-30,2019-11-30,50110660,669801.9545000055
2019-12-31,2019-12-31,50110660,688887.6853999997
2020-01-31,2020-01-31,50110660,589050.4791999971
2020-02-29,2020-02-29,50110660,638876.5042999878
2020-03-31,2020-03-31,50110660,568356.2285000024
2020-04-30,2020-04-30,50110660,601752.7210999845
2020-05-31,2020-05-31,50110660,565524.7483999977
2020-06-30,2020-06-30,50110660,573310.5942000056
2020-07-31,2020-07-31,50110660,620232.9131999984
2020-08-31,2020-08-31,50110660,610756.799700002
2020-09-30,2020-09-30,50110660,534566.6716999947
2020-10-31,2020-10-31,50110660,598866.9918000059
2020-11-30,2020-11-30,50110660,661395.6848000038
2020-12-31,2020-12-31,50110660,643912.7437999924
2021-01-31,2021-01-31,50110660,548601.4551000079
2021-02-28,2021-02-28,50110660,549429.2481999991
2021-03-31,2021-03-31,50110660,607396.9215999992
2021-04-30,2021-04-30,50110660,588646.1284999987
2021-05-31,2021-05-31,50110660,608055.3363000004
2021-06-30,2021-06-30,50110660,586097.5601999885
2018-01-31,2018-01-31,50110670,36304.56779999998
2018-02-28,2018-02-28,50110670,35200.203299999965
2018-03-31,2018-03-31,50110670,45773.665600000044
2018-04-30,2018-04-30,50110670,57631.776600000085
2018-05-31,2018-05-31,50110670,59670.266399999884
2018-06-30,2018-06-30,50110670,62321.42450000004
2018-07-31,2018-07-31,50110670,65656.79060000007
2018-08-31,2018-08-31,50110670,61165.02520000015
2018-09-30,2018-09-30,50110670,86757.63880000034
2018-10-31,2018-10-31,50110670,58374.89900000003
2018-11-30,2018-11-30,50110670,52909.800800000055
2018-12-31,2018-12-31,50110670,61591.24919999997
2019-01-31,2019-01-31,50110670,68966.62560000003
2019-02-28,2019-02-28,50110670,66231.44719999997
2019-03-31,2019-03-31,50110670,69955.78680000028
2019-04-30,2019-04-30,50110670,54352.852200000074
2019-05-31,2019-05-31,50110670,67148.24310000011
2019-06-30,2019-06-30,50110670,74292.85330000012
2019-07-31,2019-07-31,50110670,78348.7495
2019-08-31,2019-08-31,50110670,70246.90590000023
2019-09-30,2019-09-30,50110670,67831.77990000017
2019-10-31,2019-10-31,50110670,71242.56610000016
2019-11-30,2019-11-30,50110670,59287.33889999992
2019-12-31,2019-12-31,50110670,59162.819200000005
2020-01-31,2020-01-31,50110670,58301.113600000055
2020-02-29,2020-02-29,50110670,59719.19009999976
2020-03-31,2020-03-31,50110670,63690.542900000546
2020-04-30,2020-04-30,50110670,60883.77749999967
2020-05-31,2020-05-31,50110670,65781.58680000002
2020-06-30,2020-06-30,50110670,70401.00840000008
2020-07-31,2020-07-31,50110670,75752.82860000014
2020-08-31,2020-08-31,50110670,69328.3142000002
2020-09-30,2020-09-30,50110670,64135.625899999315
2020-10-31,2020-10-31,50110670,62397.292599999244
2020-11-30,2020-11-30,50110670,65943.34899999983
2020-12-31,2020-12-31,50110670,65118.15150000041
2021-01-31,2021-01-31,50110670,73613.1067000005
2021-02-28,2021-02-28,50110670,62587.31290000067
2021-03-31,2021-03-31,50110670,65538.3543000001
2021-04-30,2021-04-30,50110670,66012.05179999975
2021-05-31,2021-05-31,50110670,86304.4041000006
2021-06-30,2021-06-30,50110670,58836.75770000045
2018-01-31,2018-01-31,50110680,55169.702800000065
2018-02-28,2018-02-28,50110680,40520.555299999956
2018-03-31,2018-03-31,50110680,47907.81129999998
2018-04-30,2018-04-30,50110680,66748.80230000005
2018-05-31,2018-05-31,50110680,57526.15069999989
2018-06-30,2018-06-30,50110680,62726.4689999999
2018-07-31,2018-07-31,50110680,68325.18620000003
2018-08-31,2018-08-31,50110680,72650.35770000005
2018-09-30,2018-09-30,50110680,53292.07299999997
2018-10-31,2018-10-31,50110680,47242.4218000001
2018-11-30,2018-11-30,50110680,51874.87270000015
2018-12-31,2018-12-31,50110680,46514.66129999989
2019-01-31,2019-01-31,50110680,75285.02809999997
2019-02-28,2019-02-28,50110680,69417.94139999998
2019-03-31,2019-03-31,50110680,84854.47470000011
2019-04-30,2019-04-30,50110680,83852.52620000004
2019-05-31,2019-05-31,50110680,83733.60710000026
2019-06-30,2019-06-30,50110680,86497.11060000016
2019-07-31,2019-07-31,50110680,101502.04850000008
2019-08-31,2019-08-31,50110680,111472.99220000014
2019-09-30,2019-09-30,50110680,88197.58199999994
2019-10-31,2019-10-31,50110680,84040.61310000002
2019-11-30,2019-11-30,50110680,70117.47729999993
2019-12-31,2019-12-31,50110680,85624.72469999992
2020-01-31,2020-01-31,50110680,78374.08240000003
2020-02-29,2020-02-29,50110680,45082.41589999969
2020-03-31,2020-03-31,50110680,59299.58969999905
2020-04-30,2020-04-30,50110680,44676.593499999995
2020-05-31,2020-05-31,50110680,65710.02079999998
2020-06-30,2020-06-30,50110680,61470.89710000014
2020-07-31,2020-07-31,50110680,74460.23819999982
2020-08-31,2020-08-31,50110680,78582.1890000003
2020-09-30,2020-09-30,50110680,75118.52049999993
2020-10-31,2020-10-31,50110680,64801.073099998845
2020-11-30,2020-11-30,50110680,45782.66340000004
2020-12-31,2020-12-31,50110680,57565.509800000626
2021-01-31,2021-01-31,50110680,53429.18860000074
2021-02-28,2021-02-28,50110680,46956.35210000064
2021-03-31,2021-03-31,50110680,70526.79340000007
2021-04-30,2021-04-30,50110680,65489.353199999896
2021-05-31,2021-05-31,50110680,67384.96530000045
2021-06-30,2021-06-30,50110680,66487.61959999974
2018-01-31,2018-01-31,50110690,45050.471199999985
2018-02-28,2018-02-28,50110690,57670.78620000015
2018-03-31,2018-03-31,50110690,49190.8076
2018-04-30,2018-04-30,50110690,58365.55139999996
2018-05-31,2018-05-31,50110690,66429.9521
2018-06-30,2018-06-30,50110690,70163.54379999985
2018-07-31,2018-07-31,50110690,73956.07320000026
2018-08-31,2018-08-31,50110690,90050.16149999993
2018-09-30,2018-09-30,50110690,85143.6079000002
2018-10-31,2018-10-31,50110690,68814.51159999991
2018-11-30,2018-11-30,50110690,60315.42410000017
2018-12-31,2018-12-31,50110690,75957.85869999988
2019-01-31,2019-01-31,50110690,86563.4462999998
2019-02-28,2019-02-28,50110690,87754.34459999975
2019-03-31,2019-03-31,50110690,81855.69190000021
2019-04-30,2019-04-30,50110690,92095.87920000018
2019-05-31,2019-05-31,50110690,99567.82509999994
2019-06-30,2019-06-30,50110690,105996.38569999988
2019-07-31,2019-07-31,50110690,115024.30759999997
2019-08-31,2019-08-31,50110690,97716.69459999974
2019-09-30,2019-09-30,50110690,89719.75109999989
2019-10-31,2019-10-31,50110690,77781.89750000017
2019-11-30,2019-11-30,50110690,75468.27170000006
2019-12-31,2019-12-31,50110690,86960.92369999985
2020-01-31,2020-01-31,50110690,85443.37190000137
2020-02-29,2020-02-29,50110690,46776.170199999666
2020-03-31,2020-03-31,50110690,47747.90149999984
2020-04-30,2020-04-30,50110690,40208.676400000106
2020-05-31,2020-05-31,50110690,45309.503299999895
2020-06-30,2020-06-30,50110690,72558.9856999997
2020-07-31,2020-07-31,50110690,99021.48140000006
2020-08-31,2020-08-31,50110690,80771.42849999997
2020-09-30,2020-09-30,50110690,58291.117599999314
2020-10-31,2020-10-31,50110690,60250.925800000485
2020-11-30,2020-11-30,50110690,46886.15439999983
2020-12-31,2020-12-31,50110690,42846.27999999995
2021-01-31,2021-01-31,50110690,33760.527600000576
2021-02-28,2021-02-28,50110690,43000.35590000055
2021-03-31,2021-03-31,50110690,55993.801900000006
2021-04-30,2021-04-30,50110690,54513.91249999994
2021-05-31,2021-05-31,50110690,60633.297299999795
2021-06-30,2021-06-30,50110690,68327.31100000022
2018-01-31,2018-01-31,50130250,287127.808599999
2018-02-28,2018-02-28,50130250,264529.9658000007
2018-03-31,2018-03-31,50130250,309677.5996000005
2018-04-30,2018-04-30,50130250,326690.3964000008
2018-05-31,2018-05-31,50130250,298018.04740000085
2018-06-30,2018-06-30,50130250,247779.75410000051
2018-07-31,2018-07-31,50130250,194576.6542999999
2018-08-31,2018-08-31,50130250,440089.6184999998
2018-09-30,2018-09-30,50130250,410880.15029999765
2018-10-31,2018-10-31,50130250,353250.6947000003
2018-11-30,2018-11-30,50130250,339220.1524000017
2018-12-31,2018-12-31,50130250,293304.55480000173
2019-01-31,2019-01-31,50130250,456492.0845999981
2019-02-28,2019-02-28,50130250,383855.65429999784
2019-03-31,2019-03-31,50130250,470441.5423999958
2019-04-30,2019-04-30,50130250,435325.636099998
2019-05-31,2019-05-31,50130250,491081.4312999978
2019-06-30,2019-06-30,50130250,369632.68790000153
2019-07-31,2019-07-31,50130250,282652.14680000057
2019-08-31,2019-08-31,50130250,591568.7562
2019-09-30,2019-09-30,50130250,464691.4470999982
2019-10-31,2019-10-31,50130250,473322.3576999985
2019-11-30,2019-11-30,50130250,461246.2650000018
2019-12-31,2019-12-31,50130250,383292.97260000027
2020-01-31,2020-01-31,50130250,454054.24900000624
2020-02-29,2020-02-29,50130250,445784.6368000003
2020-03-31,2020-03-31,50130250,452000.65550000133
2020-04-30,2020-04-30,50130250,492968.14920000336
2020-05-31,2020-05-31,50130250,438869.7803999996
2020-06-30,2020-06-30,50130250,362377.4286000003
2020-07-31,2020-07-31,50130250,374882.75899999833
2020-08-31,2020-08-31,50130250,432066.9450000029
2020-09-30,2020-09-30,50130250,439286.1887000055
2020-10-31,2020-10-31,50130250,449787.0901000028
2020-11-30,2020-11-30,50130250,385702.65559999907
2020-12-31,2020-12-31,50130250,445228.8540000013
2021-01-31,2021-01-31,50130250,475423.6129000159
2021-02-28,2021-02-28,50130250,364229.2085000054
2021-03-31,2021-03-31,50130250,447774.1410999996
2021-04-30,2021-04-30,50130250,439652.13660000503
2021-05-31,2021-05-31,50130250,474976.5542000062
2021-06-30,2021-06-30,50130250,375660.70169999066
2018-01-31,2018-01-31,50130253,193848.46499999936
2018-02-28,2018-02-28,50130253,193762.80190000014
2018-03-31,2018-03-31,50130253,190745.76590000006
2018-04-30,2018-04-30,50130253,140895.1653999993
2018-05-31,2018-05-31,50130253,140122.28060000046
2018-06-30,2018-06-30,50130253,183732.37729999967
2018-07-31,2018-07-31,50130253,183671.72970000064
2018-08-31,2018-08-31,50130253,192108.2829999992
2018-09-30,2018-09-30,50130253,189094.58559999813
2018-10-31,2018-10-31,50130253,219515.1222000011
2018-11-30,2018-11-30,50130253,242745.57429999893
2018-12-31,2018-12-31,50130253,263955.7615999999
2019-01-31,2019-01-31,50130253,340406.46470000007
2019-02-28,2019-02-28,50130253,277475.1405000012
2019-03-31,2019-03-31,50130253,296547.35610000166
2019-04-30,2019-04-30,50130253,298575.3731000004
2019-05-31,2019-05-31,50130253,256096.43769999978
2019-06-30,2019-06-30,50130253,221597.8924000017
2019-07-31,2019-07-31,50130253,252686.99180000037
2019-08-31,2019-08-31,50130253,260578.17449999927
2019-09-30,2019-09-30,50130253,197704.77599999963
2019-10-31,2019-10-31,50130253,246382.6818999993
2019-11-30,2019-11-30,50130253,252363.68680000154
2019-12-31,2019-12-31,50130253,284956.2947000005
2020-01-31,2020-01-31,50130253,258894.24530001194
2020-02-29,2020-02-29,50130253,249530.1207000045
2020-03-31,2020-03-31,50130253,292294.5189000022
2020-04-30,2020-04-30,50130253,279069.5410000076
2020-05-31,2020-05-31,50130253,340929.5074000007
2020-06-30,2020-06-30,50130253,213280.43550000043
2020-07-31,2020-07-31,50130253,234317.16459999874
2020-08-31,2020-08-31,50130253,239644.5971000001
2020-09-30,2020-09-30,50130253,221006.69479999738
2020-10-31,2020-10-31,50130253,247189.39489999754
2020-11-30,2020-11-30,50130253,266623.20310000004
2020-12-31,2020-12-31,50130253,327959.5061999934
2021-01-31,2021-01-31,50130253,286087.5293000049
2021-02-28,2021-02-28,50130253,246560.30170000432
2021-03-31,2021-03-31,50130253,338927.8332999998
2021-04-30,2021-04-30,50130253,205354.7020000005
2021-05-31,2021-05-31,50130253,227681.1849999938
2021-06-30,2021-06-30,50130253,203469.5493999966
2018-01-31,2018-01-31,50130259,201779.6550999993
2018-02-28,2018-02-28,50130259,182328.5481000009
2018-03-31,2018-03-31,50130259,204358.80230000053
2018-04-30,2018-04-30,50130259,221148.6409000005
2018-05-31,2018-05-31,50130259,183450.35519999985
2018-06-30,2018-06-30,50130259,223060.69659999997
2018-07-31,2018-07-31,50130259,278243.54440000077
2018-08-31,2018-08-31,50130259,286227.0195999993
2018-09-30,2018-09-30,50130259,256437.96740000026
2018-10-31,2018-10-31,50130259,206134.52130000055
2018-11-30,2018-11-30,50130259,177161.5667000002
2018-12-31,2018-12-31,50130259,214030.38159999976
2019-01-31,2019-01-31,50130259,228862.14190000008
2019-02-28,2019-02-28,50130259,214574.8246
2019-03-31,2019-03-31,50130259,307503.88460000063
2019-04-30,2019-04-30,50130259,206292.3896999998
2019-05-31,2019-05-31,50130259,240216.31429999962
2019-06-30,2019-06-30,50130259,244797.36210000038
2019-07-31,2019-07-31,50130259,318763.85079999815
2019-08-31,2019-08-31,50130259,434533.5643999998
2019-09-30,2019-09-30,50130259,247170.56289999926
2019-10-31,2019-10-31,50130259,226539.72220000028
2019-11-30,2019-11-30,50130259,206893.53080000012
2019-12-31,2019-12-31,50130259,211849.41749999925
2020-01-31,2020-01-31,50130259,263284.9470000021
2020-02-29,2020-02-29,50130259,178845.58569999892
2020-03-31,2020-03-31,50130259,282394.7938000078
2020-04-30,2020-04-30,50130259,204955.8372000038
2020-05-31,2020-05-31,50130259,197820.81330000062
2020-06-30,2020-06-30,50130259,194740.84359999892
2020-07-31,2020-07-31,50130259,339717.0793999996
2020-08-31,2020-08-31,50130259,359710.74790000066
2020-09-30,2020-09-30,50130259,212122.2631000026
2020-10-31,2020-10-31,50130259,193854.5208999989
2020-11-30,2020-11-30,50130259,216940.91660000017
2020-12-31,2020-12-31,50130259,231428.3790000012
2021-01-31,2021-01-31,50130259,258254.26100000233
2021-02-28,2021-02-28,50130259,199513.2285000052
2021-03-31,2021-03-31,50130259,261205.6452000005
2021-04-30,2021-04-30,50130259,237035.3119000014
2021-05-31,2021-05-31,50130259,215479.52789999658
2021-06-30,2021-06-30,50130259,217482.8020000001
2018-01-31,2018-01-31,50130310,436617.3137999998
2018-02-28,2018-02-28,50130310,456697.3772000017
2018-03-31,2018-03-31,50130310,455876.8510000007
2018-04-30,2018-04-30,50130310,368221.50809999974
2018-05-31,2018-05-31,50130310,367161.22850000043
2018-06-30,2018-06-30,50130310,368520.4841000008
2018-07-31,2018-07-31,50130310,371361.14659999986
2018-08-31,2018-08-31,50130310,681898.1096999991
2018-09-30,2018-09-30,50130310,448512.33330000134
2018-10-31,2018-10-31,50130310,392051.76690000016
2018-11-30,2018-11-30,50130310,357668.7939999995
2018-12-31,2018-12-31,50130310,352197.97670000023
2019-01-31,2019-01-31,50130310,460636.260099999
2019-02-28,2019-02-28,50130310,337108.5759000003
2019-03-31,2019-03-31,50130310,451311.032099998
2019-04-30,2019-04-30,50130310,403901.98830000154
2019-05-31,2019-05-31,50130310,452586.0686999995
2019-06-30,2019-06-30,50130310,394032.09259999945
2019-07-31,2019-07-31,50130310,352706.3504000029
2019-08-31,2019-08-31,50130310,762261.7762999993
2019-09-30,2019-09-30,50130310,427957.7814000007
2019-10-31,2019-10-31,50130310,456351.5587999983
2019-11-30,2019-11-30,50130310,417377.48420000274
2019-12-31,2019-12-31,50130310,374690.8525000011
2020-01-31,2020-01-31,50130310,386177.0943000015
2020-02-29,2020-02-29,50130310,346026.6917000043
2020-03-31,2020-03-31,50130310,422649.5754000051
2020-04-30,2020-04-30,50130310,373785.8608000078
2020-05-31,2020-05-31,50130310,350237.89620000124
2020-06-30,2020-06-30,50130310,343827.7413999978
2020-07-31,2020-07-31,50130310,431939.19729999936
2020-08-31,2020-08-31,50130310,453846.25480000465
2020-09-30,2020-09-30,50130310,443241.5585000036
2020-10-31,2020-10-31,50130310,478496.86279999383
2020-11-30,2020-11-30,50130310,420604.2816999997
2020-12-31,2020-12-31,50130310,397758.8277000057
2021-01-31,2021-01-31,50130310,439548.7454999974
2021-02-28,2021-02-28,50130310,399187.251700003
2021-03-31,2021-03-31,50130310,542744.3495999997
2021-04-30,2021-04-30,50130310,497689.27820000367
2021-05-31,2021-05-31,50130310,484279.40140000696
2021-06-30,2021-06-30,50130310,436456.38250000234
2018-01-31,2018-01-31,50130320,109177.94910000017
2018-02-28,2018-02-28,50130320,114371.26580000004
2018-03-31,2018-03-31,50130320,135405.30739999982
2018-04-30,2018-04-30,50130320,103041.25689999982
2018-05-31,2018-05-31,50130320,111993.85750000007
2018-06-30,2018-06-30,50130320,111011.78189999996
2018-07-31,2018-07-31,50130320,128128.33780000027
2018-08-31,2018-08-31,50130320,123941.46999999949
2018-09-30,2018-09-30,50130320,108679.00229999953
2018-10-31,2018-10-31,50130320,131790.55949999962
2018-11-30,2018-11-30,50130320,117242.43270000035
2018-12-31,2018-12-31,50130320,135823.38639999993
2019-01-31,2019-01-31,50130320,200988.28299999953
2019-02-28,2019-02-28,50130320,152494.99000000046
2019-03-31,2019-03-31,50130320,172389.86050000077
2019-04-30,2019-04-30,50130320,143567.2001999996
2019-05-31,2019-05-31,50130320,148644.26299999966
2019-06-30,2019-06-30,50130320,127440.62430000008
2019-07-31,2019-07-31,50130320,157077.6091000003
2019-08-31,2019-08-31,50130320,165666.89629999961
2019-09-30,2019-09-30,50130320,142218.91749999992
2019-10-31,2019-10-31,50130320,130917.93480000048
2019-11-30,2019-11-30,50130320,123283.5397000007
2019-12-31,2019-12-31,50130320,123219.0519000004
2020-01-31,2020-01-31,50130320,136894.18480000584
2020-02-29,2020-02-29,50130320,112243.64410000159
2020-03-31,2020-03-31,50130320,145688.80330000233
2020-04-30,2020-04-30,50130320,95527.0519000018
2020-05-31,2020-05-31,50130320,108539.65379999993
2020-06-30,2020-06-30,50130320,113982.93750000092
2020-07-31,2020-07-31,50130320,115803.15230000058
2020-08-31,2020-08-31,50130320,108523.2395000005
2020-09-30,2020-09-30,50130320,94686.8497
2020-10-31,2020-10-31,50130320,112330.11430000117
2020-11-30,2020-11-30,50130320,108511.65099999972
2020-12-31,2020-12-31,50130320,101620.23260000338
2021-01-31,2021-01-31,50130320,93275.7678000008
2021-02-28,2021-02-28,50130320,92377.40620000022
2021-03-31,2021-03-31,50130320,114961.72129999951
2021-04-30,2021-04-30,50130320,104813.78120000006
2021-05-31,2021-05-31,50130320,117189.70449999717
2021-06-30,2021-06-30,50130320,108634.899200005
2018-01-31,2018-01-31,50130510,147160.81670000023
2018-02-28,2018-02-28,50130510,118000.30650000021
2018-03-31,2018-03-31,50130510,72253.81470000025
2018-04-30,2018-04-30,50130510,76373.7952
2018-05-31,2018-05-31,50130510,46611.903099999996
2018-06-30,2018-06-30,50130510,62989.80800000019
2018-07-31,2018-07-31,50130510,69270.0312000001
2018-08-31,2018-08-31,50130510,96517.05939999991
2018-09-30,2018-09-30,50130510,93822.00259999985
2018-10-31,2018-10-31,50130510,80603.89120000009
2018-11-30,2018-11-30,50130510,81911.53180000035
2018-12-31,2018-12-31,50130510,161484.14620000028
2019-01-31,2019-01-31,50130510,187297.34660000022
2019-02-28,2019-02-28,50130510,122298.28540000053
2019-03-31,2019-03-31,50130510,175789.1878999996
2019-04-30,2019-04-30,50130510,105262.06320000021
2019-05-31,2019-05-31,50130510,58415.342500000064
2019-06-30,2019-06-30,50130510,78902.77460000006
2019-07-31,2019-07-31,50130510,75325.64900000034
2019-08-31,2019-08-31,50130510,83213.85150000005
2019-09-30,2019-09-30,50130510,69864.9708000001
2019-10-31,2019-10-31,50130510,76088.99780000023
2019-11-30,2019-11-30,50130510,91235.72249999997
2019-12-31,2019-12-31,50130510,98697.59870000013
2020-01-31,2020-01-31,50130510,152927.4603000041
2020-02-29,2020-02-29,50130510,120176.38120000182
2020-03-31,2020-03-31,50130510,213529.12180000247
2020-04-30,2020-04-30,50130510,105668.62780000197
2020-05-31,2020-05-31,50130510,92656.21559999985
2020-06-30,2020-06-30,50130510,86158.45780000027
2020-07-31,2020-07-31,50130510,97255.93190000003
2020-08-31,2020-08-31,50130510,78495.46259999991
2020-09-30,2020-09-30,50130510,87607.64890000099
2020-10-31,2020-10-31,50130510,101397.07820000232
2020-11-30,2020-11-30,50130510,76017.04599999994
2020-12-31,2020-12-31,50130510,129121.4202999994
2021-01-31,2021-01-31,50130510,189850.94080000184
2021-02-28,2021-02-28,50130510,126701.90459999946
2021-03-31,2021-03-31,50130510,130916.77649999998
2021-04-30,2021-04-30,50130510,105807.61889999978
2021-05-31,2021-05-31,50130510,76000.14939999946
2021-06-30,2021-06-30,50130510,87572.22949999939
2018-01-31,2018-01-31,50130520,198785.24690000055
2018-02-28,2018-02-28,50130520,133635.73700000008
2018-03-31,2018-03-31,50130520,120699.43069999988
2018-04-30,2018-04-30,50130520,120586.94319999978
2018-05-31,2018-05-31,50130520,86917.5699999998
2018-06-30,2018-06-30,50130520,98578.5867999999
2018-07-31,2018-07-31,50130520,99136.9986999998
2018-08-31,2018-08-31,50130520,113090.62959999984
2018-09-30,2018-09-30,50130520,104839.57379999988
2018-10-31,2018-10-31,50130520,108492.75730000011
2018-11-30,2018-11-30,50130520,114724.98260000028
2018-12-31,2018-12-31,50130520,216520.89389999924
2019-01-31,2019-01-31,50130520,289733.0966
2019-02-28,2019-02-28,50130520,153710.52549999987
2019-03-31,2019-03-31,50130520,280840.48720000027
2019-04-30,2019-04-30,50130520,148876.16190000033
2019-05-31,2019-05-31,50130520,111006.40650000001
2019-06-30,2019-06-30,50130520,124662.99860000075
2019-07-31,2019-07-31,50130520,121226.78500000061
2019-08-31,2019-08-31,50130520,152653.2824999996
2019-09-30,2019-09-30,50130520,148440.2772000001
2019-10-31,2019-10-31,50130520,155721.39669999975
2019-11-30,2019-11-30,50130520,145886.51520000075
2019-12-31,2019-12-31,50130520,157584.18709999963
2020-01-31,2020-01-31,50130520,167075.1275000002
2020-02-29,2020-02-29,50130520,165859.9964000032
2020-03-31,2020-03-31,50130520,197099.4092000056
2020-04-30,2020-04-30,50130520,135049.58600000117
2020-05-31,2020-05-31,50130520,114652.75059999959
2020-06-30,2020-06-30,50130520,117407.93160000008
2020-07-31,2020-07-31,50130520,153396.58720000062
2020-08-31,2020-08-31,50130520,136469.71230000025
2020-09-30,2020-09-30,50130520,122141.12510000184
2020-10-31,2020-10-31,50130520,165122.1058000009
2020-11-30,2020-11-30,50130520,147578.54939999967
2020-12-31,2020-12-31,50130520,188294.88379999966
2021-01-31,2021-01-31,50130520,279958.9918000037
2021-02-28,2021-02-28,50130520,173807.47480000157
2021-03-31,2021-03-31,50130520,199175.22969999927
2021-04-30,2021-04-30,50130520,153714.48720000012
2021-05-31,2021-05-31,50130520,113185.02810000036
2021-06-30,2021-06-30,50130520,130459.70390000181
2018-01-31,2018-01-31,50130530,50431.24680000006
2018-02-28,2018-02-28,50130530,48326.68320000002
2018-03-31,2018-03-31,50130530,51401.29499999995
2018-04-30,2018-04-30,50130530,50683.52279999988
2018-05-31,2018-05-31,50130530,54235.543700000126
2018-06-30,2018-06-30,50130530,57054.34530000009
2018-07-31,2018-07-31,50130530,58529.80500000002
2018-08-31,2018-08-31,50130530,60604.09920000008
2018-09-30,2018-09-30,50130530,61843.34789999987
2018-10-31,2018-10-31,50130530,52604.0397
2018-11-30,2018-11-30,50130530,52539.30950000033
2018-12-31,2018-12-31,50130530,64581.64279999989
2019-01-31,2019-01-31,50130530,79541.17679999991
2019-02-28,2019-02-28,50130530,64881.12380000009
2019-03-31,2019-03-31,50130530,84945.28680000034
2019-04-30,2019-04-30,50130530,88762.07940000009
2019-05-31,2019-05-31,50130530,65878.55850000023
2019-06-30,2019-06-30,50130530,78493.93150000012
2019-07-31,2019-07-31,50130530,72211.88849999993
2019-08-31,2019-08-31,50130530,75053.34040000002
2019-09-30,2019-09-30,50130530,65632.95670000014
2019-10-31,2019-10-31,50130530,74482.92550000014
2019-11-30,2019-11-30,50130530,70944.06119999994
2019-12-31,2019-12-31,50130530,78382.10610000005
2020-01-31,2020-01-31,50130530,65030.344000000514
2020-02-29,2020-02-29,50130530,58532.34120000036
2020-03-31,2020-03-31,50130530,60165.53680000056
2020-04-30,2020-04-30,50130530,57129.98379999994
2020-05-31,2020-05-31,50130530,60319.085399999996
2020-06-30,2020-06-30,50130530,66423.73320000016
2020-07-31,2020-07-31,50130530,74013.6930000002
2020-08-31,2020-08-31,50130530,69811.71740000011
2020-09-30,2020-09-30,50130530,57091.734099999296
2020-10-31,2020-10-31,50130530,66681.85309999899
2020-11-30,2020-11-30,50130530,68201.20059999998
2020-12-31,2020-12-31,50130530,76461.54060000037
2021-01-31,2021-01-31,50130530,60900.84230000072
2021-02-28,2021-02-28,50130530,73578.38240000057
2021-03-31,2021-03-31,50130530,79686.68170000009
2021-04-30,2021-04-30,50130530,77489.0567999997
2021-05-31,2021-05-31,50130530,83764.03680000054
2021-06-30,2021-06-30,50130530,82599.3107000002
2018-01-31,2018-01-31,50130540,42440.95930000002
2018-02-28,2018-02-28,50130540,41556.74740000004
2018-03-31,2018-03-31,50130540,28889.033099999968
2018-04-30,2018-04-30,50130540,32279.85429999995
2018-05-31,2018-05-31,50130540,28439.328500000003
2018-06-30,2018-06-30,50130540,38390.330500000106
2018-07-31,2018-07-31,50130540,38856.39720000006
2018-08-31,2018-08-31,50130540,42330.18230000006
2018-09-30,2018-09-30,50130540,45899.67059999993
2018-10-31,2018-10-31,50130540,38744.370300000184
2018-11-30,2018-11-30,50130540,37261.861300000266
2018-12-31,2018-12-31,50130540,79366.54880000018
2019-01-31,2019-01-31,50130540,89145.58880000001
2019-02-28,2019-02-28,50130540,60707.22800000008
2019-03-31,2019-03-31,50130540,80195.21590000004
2019-04-30,2019-04-30,50130540,46966.158500000056
2019-05-31,2019-05-31,50130540,35666.94530000004
2019-06-30,2019-06-30,50130540,46334.42969999995
2019-07-31,2019-07-31,50130540,53305.81320000017
2019-08-31,2019-08-31,50130540,50771.11479999983
2019-09-30,2019-09-30,50130540,39621.6876999999
2019-10-31,2019-10-31,50130540,39214.736099999966
2019-11-30,2019-11-30,50130540,34533.12039999996
2019-12-31,2019-12-31,50130540,41993.3462
2020-01-31,2020-01-31,50130540,38960.65110000009
2020-02-29,2020-02-29,50130540,43628.53719999951
2020-03-31,2020-03-31,50130540,43818.90080000027
2020-04-30,2020-04-30,50130540,27574.932199999435
2020-05-31,2020-05-31,50130540,31242.111999999965
2020-06-30,2020-06-30,50130540,34240.684199999974
2020-07-31,2020-07-31,50130540,51476.083199999994
2020-08-31,2020-08-31,50130540,54164.79650000004
2020-09-30,2020-09-30,50130540,46556.52790000025
2020-10-31,2020-10-31,50130540,52334.26119999986
2020-11-30,2020-11-30,50130540,41312.60059999989
2020-12-31,2020-12-31,50130540,35159.603399999876
2021-01-31,2021-01-31,50130540,37032.65460000032
2021-02-28,2021-02-28,50130540,41019.045500000735
2021-03-31,2021-03-31,50130540,40181.53520000002
2021-04-30,2021-04-30,50130540,46953.15399999994
2021-05-31,2021-05-31,50130540,56434.41899999902
2021-06-30,2021-06-30,50130540,59124.110699999714
2018-01-31,2018-01-31,50130550,25446.01099999995
2018-02-28,2018-02-28,50130550,20915.165299999986
2018-03-31,2018-03-31,50130550,24221.06909999998
2018-04-30,2018-04-30,50130550,13096.362600000004
2018-05-31,2018-05-31,50130550,20702.693600000013
2018-06-30,2018-06-30,50130550,25551.83530000004
2018-07-31,2018-07-31,50130550,29471.54190000001
2018-08-31,2018-08-31,50130550,27600.25820000001
2018-09-30,2018-09-30,50130550,21748.09190000001
2018-10-31,2018-10-31,50130550,21664.11189999999
2018-11-30,2018-11-30,50130550,23976.917000000045
2018-12-31,2018-12-31,50130550,31814.51720000004
2019-01-31,2019-01-31,50130550,36594.24090000001
2019-02-28,2019-02-28,50130550,29427.71970000009
2019-03-31,2019-03-31,50130550,32992.88140000002
2019-04-30,2019-04-30,50130550,29592.33790000005
2019-05-31,2019-05-31,50130550,24482.61530000003
2019-06-30,2019-06-30,50130550,37595.06680000011
2019-07-31,2019-07-31,50130550,35539.485999999975
2019-08-31,2019-08-31,50130550,29765.0631
2019-09-30,2019-09-30,50130550,26641.794100000072
2019-10-31,2019-10-31,50130550,28501.520999999993
2019-11-30,2019-11-30,50130550,26657.86910000005
2019-12-31,2019-12-31,50130550,28196.471100000028
2020-01-31,2020-01-31,50130550,25720.437499999796
2020-02-29,2020-02-29,50130550,22386.373799999976
2020-03-31,2020-03-31,50130550,25211.41219999979
2020-04-30,2020-04-30,50130550,30073.60610000002
2020-05-31,2020-05-31,50130550,35683.42599999994
2020-06-30,2020-06-30,50130550,24357.15550000007
2020-07-31,2020-07-31,50130550,37328.28089999992
2020-08-31,2020-08-31,50130550,33434.57639999992
2020-09-30,2020-09-30,50130550,26069.319200000034
2020-10-31,2020-10-31,50130550,31439.17599999926
2020-11-30,2020-11-30,50130550,34803.561999999954
2020-12-31,2020-12-31,50130550,27342.888099999534
2021-01-31,2021-01-31,50130550,29446.943100001045
2021-02-28,2021-02-28,50130550,22673.076299999786
2021-03-31,2021-03-31,50130550,23891.701499999905
2021-04-30,2021-04-30,50130550,23435.845500000003
2021-05-31,2021-05-31,50130550,31704.64399999984
2021-06-30,2021-06-30,50130550,23346.694800000034
2018-01-31,2018-01-31,50130560,113602.23299999992
2018-02-28,2018-02-28,50130560,102083.65980000008
2018-03-31,2018-03-31,50130560,100297.93339999975
2018-04-30,2018-04-30,50130560,80279.09910000006
2018-05-31,2018-05-31,50130560,59155.366899999906
2018-06-30,2018-06-30,50130560,83013.65740000035
2018-07-31,2018-07-31,50130560,64092.690400000094
2018-08-31,2018-08-31,50130560,73820.61310000026
2018-09-30,2018-09-30,50130560,75902.77459999989
2018-10-31,2018-10-31,50130560,88094.9329999999
2018-11-30,2018-11-30,50130560,83595.04600000035
2018-12-31,2018-12-31,50130560,159421.0604999998
2019-01-31,2019-01-31,50130560,266635.2927000013
2019-02-28,2019-02-28,50130560,168004.81650000098
2019-03-31,2019-03-31,50130560,252206.10450000013
2019-04-30,2019-04-30,50130560,223880.1500000016
2019-05-31,2019-05-31,50130560,144384.69590000014
2019-06-30,2019-06-30,50130560,125753.57300000059
2019-07-31,2019-07-31,50130560,116456.49910000028
2019-08-31,2019-08-31,50130560,149114.81339999993
2019-09-30,2019-09-30,50130560,110333.13550000032
2019-10-31,2019-10-31,50130560,155505.91760000045
2019-11-30,2019-11-30,50130560,144700.94480000055
2019-12-31,2019-12-31,50130560,163322.7476999994
2020-01-31,2020-01-31,50130560,150982.09350000622
2020-02-29,2020-02-29,50130560,170110.74940000326
2020-03-31,2020-03-31,50130560,245837.52960000862
2020-04-30,2020-04-30,50130560,209228.30280000987
2020-05-31,2020-05-31,50130560,224606.19949999923
2020-06-30,2020-06-30,50130560,132594.57359999954
2020-07-31,2020-07-31,50130560,142429.48699999988
2020-08-31,2020-08-31,50130560,125193.92840000024
2020-09-30,2020-09-30,50130560,160739.5434000033
2020-10-31,2020-10-31,50130560,179975.55829999977
2020-11-30,2020-11-30,50130560,210528.91190000012
2020-12-31,2020-12-31,50130560,245570.2408999909
2021-01-31,2021-01-31,50130560,218500.4294000083
2021-02-28,2021-02-28,50130560,146693.23680000092
2021-03-31,2021-03-31,50130560,193669.1877999996
2021-04-30,2021-04-30,50130560,140654.91199999984
2021-05-31,2021-05-31,50130560,154824.94190000082
2021-06-30,2021-06-30,50130560,142113.61380000005
2018-01-31,2018-01-31,50130570,118461.40129999992
2018-02-28,2018-02-28,50130570,106045.55849999972
2018-03-31,2018-03-31,50130570,100251.66249999966
2018-04-30,2018-04-30,50130570,102557.35660000006
2018-05-31,2018-05-31,50130570,93698.75039999989
2018-06-30,2018-06-30,50130570,89662.59310000019
2018-07-31,2018-07-31,50130570,93663.94960000017
2018-08-31,2018-08-31,50130570,107978.93389999992
2018-09-30,2018-09-30,50130570,106936.871
2018-10-31,2018-10-31,50130570,96278.5121999999
2018-11-30,2018-11-30,50130570,105941.00450000078
2018-12-31,2018-12-31,50130570,106990.05369999999
2019-01-31,2019-01-31,50130570,139284.5999999999
2019-02-28,2019-02-28,50130570,115583.10139999962
2019-03-31,2019-03-31,50130570,136098.62020000056
2019-04-30,2019-04-30,50130570,124571.52700000015
2019-05-31,2019-05-31,50130570,128867.60200000006
2019-06-30,2019-06-30,50130570,126843.47369999974
2019-07-31,2019-07-31,50130570,129494.44240000057
2019-08-31,2019-08-31,50130570,131648.66419999968
2019-09-30,2019-09-30,50130570,114231.67330000058
2019-10-31,2019-10-31,50130570,114972.36180000036
2019-11-30,2019-11-30,50130570,109860.2387000002
2019-12-31,2019-12-31,50130570,108230.5668999998
2020-01-31,2020-01-31,50130570,113784.87730000267
2020-02-29,2020-02-29,50130570,100887.35830000247
2020-03-31,2020-03-31,50130570,154885.5721000029
2020-04-30,2020-04-30,50130570,117226.29860000081
2020-05-31,2020-05-31,50130570,121199.33719999973
2020-06-30,2020-06-30,50130570,134622.52069999947
2020-07-31,2020-07-31,50130570,124926.64129999964
2020-08-31,2020-08-31,50130570,127780.64990000043
2020-09-30,2020-09-30,50130570,105939.00850000019
2020-10-31,2020-10-31,50130570,131605.94130000044
2020-11-30,2020-11-30,50130570,135700.43430000043
2020-12-31,2020-12-31,50130570,145291.31070000108
2021-01-31,2021-01-31,50130570,170244.91920000588
2021-02-28,2021-02-28,50130570,134281.97750000047
2021-03-31,2021-03-31,50130570,154990.1288000007
2021-04-30,2021-04-30,50130570,141074.88349999936
2021-05-31,2021-05-31,50130570,123167.69259999946
2021-06-30,2021-06-30,50130570,114326.96990000166
2018-01-31,2018-01-31,50130580,63793.397899999945
2018-02-28,2018-02-28,50130580,59906.84940000002
2018-03-31,2018-03-31,50130580,101924.93129999957
2018-04-30,2018-04-30,50130580,59501.20489999984
2018-05-31,2018-05-31,50130580,51772.388399999916
2018-06-30,2018-06-30,50130580,38234.6491000001
2018-07-31,2018-07-31,50130580,22187.416400000035
2018-08-31,2018-08-31,50130580,34174.03810000012
2018-09-30,2018-09-30,50130580,24796.171800000007
2018-10-31,2018-10-31,50130580,33444.95200000007
2018-11-30,2018-11-30,50130580,30170.42570000004
2018-12-31,2018-12-31,50130580,86990.89900000022
2019-01-31,2019-01-31,50130580,149960.3142000018
2019-02-28,2019-02-28,50130580,144307.8812000003
2019-03-31,2019-03-31,50130580,182928.74930000099
2019-04-30,2019-04-30,50130580,122137.67210000045
2019-05-31,2019-05-31,50130580,146705.7161000003
2019-06-30,2019-06-30,50130580,115500.31860000026
2019-07-31,2019-07-31,50130580,70125.66800000031
2019-08-31,2019-08-31,50130580,144397.46990000037
2019-09-30,2019-09-30,50130580,100686.5100000004
2019-10-31,2019-10-31,50130580,124541.29080000077
2019-11-30,2019-11-30,50130580,141613.82250000013
2019-12-31,2019-12-31,50130580,146984.89579999985
2020-01-31,2020-01-31,50130580,241451.65290000613
2020-02-29,2020-02-29,50130580,184158.8423000012
2020-03-31,2020-03-31,50130580,204377.5891000112
2020-04-30,2020-04-30,50130580,149205.4634000028
2020-05-31,2020-05-31,50130580,205516.38999999952
2020-06-30,2020-06-30,50130580,116760.3476999997
2020-07-31,2020-07-31,50130580,72890.22829999973
2020-08-31,2020-08-31,50130580,101124.78820000033
2020-09-30,2020-09-30,50130580,199939.54000000106
2020-10-31,2020-10-31,50130580,104933.65430000024
2020-11-30,2020-11-30,50130580,86258.87549999995
2020-12-31,2020-12-31,50130580,223686.06549999834
2021-01-31,2021-01-31,50130580,202310.11810000494
2021-02-28,2021-02-28,50130580,137921.45499999862
2021-03-31,2021-03-31,50130580,218965.40359999856
2021-04-30,2021-04-30,50130580,150901.52119999976
2021-05-31,2021-05-31,50130580,102236.72359999952
2021-06-30,2021-06-30,50130580,86775.30779999949
2018-01-31,2018-01-31,50130590,141390.6845000003
2018-02-28,2018-02-28,50130590,134485.36900000033
2018-03-31,2018-03-31,50130590,133044.59310000006
2018-04-30,2018-04-30,50130590,127430.71739999982
2018-05-31,2018-05-31,50130590,109233.86179999987
2018-06-30,2018-06-30,50130590,125105.22799999936
2018-07-31,2018-07-31,50130590,137620.0141999994
2018-08-31,2018-08-31,50130590,167992.01489999966
2018-09-30,2018-09-30,50130590,159848.54139999935
2018-10-31,2018-10-31,50130590,136267.15820000035
2018-11-30,2018-11-30,50130590,155239.2289
2018-12-31,2018-12-31,50130590,138466.69879999995
2019-01-31,2019-01-31,50130590,199537.2905
2019-02-28,2019-02-28,50130590,154880.91060000018
2019-03-31,2019-03-31,50130590,155737.76150000072
2019-04-30,2019-04-30,50130590,158858.9819000009
2019-05-31,2019-05-31,50130590,141339.41749999954
2019-06-30,2019-06-30,50130590,147280.5701999991
2019-07-31,2019-07-31,50130590,135109.8506000005
2019-08-31,2019-08-31,50130590,167554.2007999998
2019-09-30,2019-09-30,50130590,122931.98090000049
2019-10-31,2019-10-31,50130590,148764.64400000015
2019-11-30,2019-11-30,50130590,130562.32510000112
2019-12-31,2019-12-31,50130590,123500.41319999986
2020-01-31,2020-01-31,50130590,117979.83270000122
2020-02-29,2020-02-29,50130590,122278.4237000009
2020-03-31,2020-03-31,50130590,132518.81860000352
2020-04-30,2020-04-30,50130590,104679.52289999963
2020-05-31,2020-05-31,50130590,94323.70220000001
2020-06-30,2020-06-30,50130590,92185.07170000004
2020-07-31,2020-07-31,50130590,142645.46669999976
2020-08-31,2020-08-31,50130590,133315.7889999995
2020-09-30,2020-09-30,50130590,114676.66280000209
2020-10-31,2020-10-31,50130590,135777.06100000167
2020-11-30,2020-11-30,50130590,125162.33310000037
2020-12-31,2020-12-31,50130590,118850.90879999942
2021-01-31,2021-01-31,50130590,113532.38720000221
2021-02-28,2021-02-28,50130590,105312.83770000054
2021-03-31,2021-03-31,50130590,130781.70749999995
2021-04-30,2021-04-30,50130590,126676.0587999995
2021-05-31,2021-05-31,50130590,137670.93950000024
2021-06-30,2021-06-30,50130590,150483.9568000004
2018-01-31,2018-01-31,50130600,61230.984499999926
2018-02-28,2018-02-28,50130600,71520.82969999993
2018-03-31,2018-03-31,50130600,68813.98290000013
2018-04-30,2018-04-30,50130600,71727.44629999975
2018-05-31,2018-05-31,50130600,67620.3940000001
2018-06-30,2018-06-30,50130600,70960.35479999986
2018-07-31,2018-07-31,50130600,74484.52940000013
2018-08-31,2018-08-31,50130600,103328.7805000001
2018-09-30,2018-09-30,50130600,86772.34100000036
2018-10-31,2018-10-31,50130600,85694.31399999975
2018-11-30,2018-11-30,50130600,76487.54700000036
2018-12-31,2018-12-31,50130600,74136.4325000001
2019-01-31,2019-01-31,50130600,101050.6215999998
2019-02-28,2019-02-28,50130600,77143.9978999998
2019-03-31,2019-03-31,50130600,81787.53590000074
2019-04-30,2019-04-30,50130600,89497.86310000041
2019-05-31,2019-05-31,50130600,92341.32960000006
2019-06-30,2019-06-30,50130600,89753.99739999957
2019-07-31,2019-07-31,50130600,85678.00409999999
2019-08-31,2019-08-31,50130600,90350.47869999992
2019-09-30,2019-09-30,50130600,72920.94470000049
2019-10-31,2019-10-31,50130600,88767.53960000069
2019-11-30,2019-11-30,50130600,86581.54340000008
2019-12-31,2019-12-31,50130600,71940.9695000001
2020-01-31,2020-01-31,50130600,75657.53830000233
2020-02-29,2020-02-29,50130600,77090.34060000215
2020-03-31,2020-03-31,50130600,72275.47480000145
2020-04-30,2020-04-30,50130600,57056.01920000074
2020-05-31,2020-05-31,50130600,62448.01770000006
2020-06-30,2020-06-30,50130600,66410.08190000041
2020-07-31,2020-07-31,50130600,90787.48020000035
2020-08-31,2020-08-31,50130600,83713.56390000068
2020-09-30,2020-09-30,50130600,79463.96539999936
2020-10-31,2020-10-31,50130600,130241.36750000143
2020-11-30,2020-11-30,50130600,171862.7317999997
2020-12-31,2020-12-31,50130600,199667.8573999975
2021-01-31,2021-01-31,50130600,145112.5184000024
2021-02-28,2021-02-28,50130600,103919.3999000008
2021-03-31,2021-03-31,50130600,150706.49119999912
2021-04-30,2021-04-30,50130600,117147.6560999999
2021-05-31,2021-05-31,50130600,113500.8588000003
2021-06-30,2021-06-30,50130600,105810.46270000226
2018-01-31,2018-01-31,50130610,185949.47439999942
2018-02-28,2018-02-28,50130610,184035.01490000013
2018-03-31,2018-03-31,50130610,153547.63960000034
2018-04-30,2018-04-30,50130610,109978.64000000051
2018-05-31,2018-05-31,50130610,104834.40660000013
2018-06-30,2018-06-30,50130610,121046.49559999947
2018-07-31,2018-07-31,50130610,111731.16060000044
2018-08-31,2018-08-31,50130610,122624.10739999967
2018-09-30,2018-09-30,50130610,124158.9274000001
2018-10-31,2018-10-31,50130610,122963.44190000009
2018-11-30,2018-11-30,50130610,204651.7395999997
2018-12-31,2018-12-31,50130610,135666.67539999975
2019-01-31,2019-01-31,50130610,256900.63880000095
2019-02-28,2019-02-28,50130610,173348.16969999977
2019-03-31,2019-03-31,50130610,226191.7071000017
2019-04-30,2019-04-30,50130610,203889.98550000018
2019-05-31,2019-05-31,50130610,153699.72460000057
2019-06-30,2019-06-30,50130610,162650.24919999964
2019-07-31,2019-07-31,50130610,150613.72630000033
2019-08-31,2019-08-31,50130610,197885.20940000046
2019-09-30,2019-09-30,50130610,132891.10600000023
2019-10-31,2019-10-31,50130610,167309.82880000016
2019-11-30,2019-11-30,50130610,193524.4987000006
2019-12-31,2019-12-31,50130610,174283.78620000003
2020-01-31,2020-01-31,50130610,194606.59070000725
2020-02-29,2020-02-29,50130610,176063.30150000233
2020-03-31,2020-03-31,50130610,224862.36860000642
2020-04-30,2020-04-30,50130610,193962.62060000055
2020-05-31,2020-05-31,50130610,202345.48789999966
2020-06-30,2020-06-30,50130610,256591.9026999986
2020-07-31,2020-07-31,50130610,275751.011199999
2020-08-31,2020-08-31,50130610,297525.1328000004
2020-09-30,2020-09-30,50130610,314746.4939999996
2020-10-31,2020-10-31,50130610,347349.91019999573
2020-11-30,2020-11-30,50130610,337906.5298999999
2020-12-31,2020-12-31,50130610,313853.85089999955
2021-01-31,2021-01-31,50130610,215798.0829000051
2021-02-28,2021-02-28,50130610,175565.53450000248
2021-03-31,2021-03-31,50130610,226495.0422
2021-04-30,2021-04-30,50130610,163823.90680000102
2021-05-31,2021-05-31,50130610,175578.21719999923
2021-06-30,2021-06-30,50130610,180726.237099997
2018-01-31,2018-01-31,50130620,118878.26049999992
2018-02-28,2018-02-28,50130620,134731.85609999992
2018-03-31,2018-03-31,50130620,126297.60119999998
2018-04-30,2018-04-30,50130620,153567.49319999962
2018-05-31,2018-05-31,50130620,143512.10510000068
2018-06-30,2018-06-30,50130620,150574.5185999998
2018-07-31,2018-07-31,50130620,155707.02519999997
2018-08-31,2018-08-31,50130620,178688.0313000003
2018-09-30,2018-09-30,50130620,150642.97239999956
2018-10-31,2018-10-31,50130620,147635.7864000004
2018-11-30,2018-11-30,50130620,123834.96590000059
2018-12-31,2018-12-31,50130620,134139.4874000003
2019-01-31,2019-01-31,50130620,154159.97570000024
2019-02-28,2019-02-28,50130620,172908.04220000064
2019-03-31,2019-03-31,50130620,176478.47370000038
2019-04-30,2019-04-30,50130620,173818.62950000018
2019-05-31,2019-05-31,50130620,183571.22939999987
2019-06-30,2019-06-30,50130620,188873.86230000036
2019-07-31,2019-07-31,50130620,168079.79680000024
2019-08-31,2019-08-31,50130620,202524.5248999991
2019-09-30,2019-09-30,50130620,156683.9436000006
2019-10-31,2019-10-31,50130620,161999.09650000036
2019-11-30,2019-11-30,50130620,158866.3514000008
2019-12-31,2019-12-31,50130620,131606.39059999972
2020-01-31,2020-01-31,50130620,139282.13730000125
2020-02-29,2020-02-29,50130620,95481.74570000186
2020-03-31,2020-03-31,50130620,106772.24630000071
2020-04-30,2020-04-30,50130620,84518.11740000006
2020-05-31,2020-05-31,50130620,107403.60170000003
2020-06-30,2020-06-30,50130620,99382.19960000002
2020-07-31,2020-07-31,50130620,157628.76790000036
2020-08-31,2020-08-31,50130620,142502.5867000003
2020-09-30,2020-09-30,50130620,107737.88320000091
2020-10-31,2020-10-31,50130620,135939.76010000068
2020-11-30,2020-11-30,50130620,126060.4240999999
2020-12-31,2020-12-31,50130620,103974.6034000002
2021-01-31,2021-01-31,50130620,84147.57220000167
2021-02-28,2021-02-28,50130620,109325.48660000028
2021-03-31,2021-03-31,50130620,118258.88909999988
2021-04-30,2021-04-30,50130620,129227.74800000004
2021-05-31,2021-05-31,50130620,144213.26500000033
2021-06-30,2021-06-30,50130620,146956.68480000144
