base_date,emd_cd,visit_pop_cnt,total_pop
0,2018-01-31,50110250,58090.59600000098,24419
1,2018-02-28,50110250,69710.8393999996,24427
2,2018-03-31,50110250,98026.63810000045,24532
3,2018-04-30,50110250,103289.7891,24606
4,2018-05-31,50110250,115255.97499999947,24715
5,2018-06-30,50110250,135786.77769999756,24768
6,2018-07-31,50110250,186016.61560000136,24789
7,2018-08-31,50110250,224510.2384999991,24885
8,2018-09-30,50110250,156305.63460000092,24913
9,2018-10-31,50110250,191003.29270000188,24933
10,2018-11-30,50110250,151597.65689999805,24983
11,2018-12-31,50110250,145598.3060000024,25003
12,2019-01-31,50110250,152325.06529999935,25028
13,2019-02-28,50110250,133151.84030000117,25026
14,2019-03-31,50110250,130637.26370000027,25025
15,2019-04-30,50110250,127514.46290000089,25061
16,2019-05-31,50110250,158323.2802999985,25109
17,2019-06-30,50110250,164321.7361999985,25117
18,2019-07-31,50110250,207632.75400000106,25075
19,2019-08-31,50110250,198998.69139999794,25113
20,2019-09-30,50110250,118452.45669999998,25084
21,2019-10-31,50110250,170692.30730000354,25110
22,2019-11-30,50110250,129161.40060000098,25149
23,2019-12-31,50110250,122124.66090000009,25080
24,2020-01-31,50110250,112758.3034000022,25076
25,2020-02-29,50110250,60252.798900000955,25021
26,2020-03-31,50110250,29661.442900000275,24942
27,2020-04-30,50110250,26899.76680000066,24898
28,2020-05-31,50110250,3158.5182000000045,24816
29,2020-06-30,50110250,3443.558899999957,24802
30,2020-07-31,50110250,4834.557300000051,24781
31,2020-08-31,50110250,5358.734000000046,24747
32,2020-09-30,50110250,4222.502299999987,24711
33,2020-10-31,50110250,1553.558799999993,24667
34,2020-11-30,50110250,2126.8682999999733,24627
35,2020-12-31,50110250,1681.4957999999908,24609
36,2021-01-31,50110250,1345.4774999999997,24616
37,2021-02-28,50110250,1379.530799999992,24571
38,2021-03-31,50110250,2876.3322999999473,24494
39,2021-04-30,50110250,1844.038800000025,24487
40,2021-05-31,50110250,1327.8782999999885,24435
41,2021-06-30,50110250,1761.807200000013,24462
42,2018-01-31,50110253,178483.41199999646,35206
43,2018-02-28,50110253,178746.20109999983,35426
44,2018-03-31,50110253,238145.94580000232,35520
45,2018-04-30,50110253,249621.91289999665,35641
46,2018-05-31,50110253,292828.1900000006,35743
47,2018-06-30,50110253,422526.0174000014,35862
48,2018-07-31,50110253,465595.51310000324,35978
49,2018-08-31,50110253,528309.2726999947,36059
50,2018-09-30,50110253,571870.0110999992,36182
51,2018-10-31,50110253,581161.9944000021,36394
52,2018-11-30,50110253,491485.1055999941,36496
53,2018-12-31,50110253,445648.0831000035,36550
54,2019-01-31,50110253,465023.4271,36646
55,2019-02-28,50110253,488870.10109999625,36744
56,2019-03-31,50110253,561388.9039000041,36849
57,2019-04-30,50110253,605716.8636999942,36902
58,2019-05-31,50110253,580525.8862000088,37019
59,2019-06-30,50110253,628504.6011000007,37116
60,2019-07-31,50110253,625662.0700000029,37119
61,2019-08-31,50110253,685914.5362999989,37127
62,2019-09-30,50110253,600771.3899999871,37194
63,2019-10-31,50110253,712349.7328999827,37247
64,2019-11-30,50110253,633132.4811999899,37299
65,2019-12-31,50110253,658145.0506999912,37345
66,2020-01-31,50110253,564525.8722999863,37310
67,2020-02-29,50110253,133738.68970000072,37446
68,2020-03-31,50110253,136194.7322000025,37433
69,2020-04-30,50110253,90465.07320000102,37444
70,2020-05-31,50110253,9523.290599999822,37551
71,2020-06-30,50110253,12520.869699999965,37646
72,2020-07-31,50110253,16157.141599999753,37740
73,2020-08-31,50110253,23282.392499999958,37847
74,2020-09-30,50110253,30376.54930000025,37788
75,2020-10-31,50110253,37342.72850000019,37787
76,2020-11-30,50110253,25939.636199999917,37831
77,2020-12-31,50110253,34312.86880000019,37898
78,2021-01-31,50110253,15045.263800000223,37904
79,2021-02-28,50110253,11231.388800000052,37956
80,2021-03-31,50110253,28620.388800000244,38015
81,2021-04-30,50110253,28652.636400000356,38080
82,2021-05-31,50110253,27273.026500000175,38197
83,2021-06-30,50110253,27754.831499999807,38298
84,2018-01-31,50110256,46564.75140000115,16126
85,2018-02-28,50110256,37196.64269999981,16163
86,2018-03-31,50110256,80636.83389999994,16148
87,2018-04-30,50110256,78623.24339999969,16158
88,2018-05-31,50110256,77166.83079999994,16204
89,2018-06-30,50110256,80320.61619999878,16261
90,2018-07-31,50110256,81814.02529999967,16316
91,2018-08-31,50110256,100694.6007999995,16285
92,2018-09-30,50110256,87390.99900000081,16296
93,2018-10-31,50110256,116079.26080000338,16286
94,2018-11-30,50110256,77588.41130000114,16274
95,2018-12-31,50110256,72022.27160000053,16283
96,2019-01-31,50110256,81056.34749999977,16184
97,2019-02-28,50110256,82434.27010000127,16239
98,2019-03-31,50110256,95425.59500000047,16225
99,2019-04-30,50110256,107314.70690000008,16289
100,2019-05-31,50110256,144463.6433999986,16306
101,2019-06-30,50110256,110985.76460000113,16311
102,2019-07-31,50110256,106635.87299999995,16311
103,2019-08-31,50110256,124166.56300000208,16331
104,2019-09-30,50110256,87315.6747000004,16323
105,2019-10-31,50110256,118181.6953000012,16274
106,2019-11-30,50110256,71072.25310000076,16214
107,2019-12-31,50110256,66745.93620000084,16232
108,2020-01-31,50110256,62958.29529999957,16203
109,2020-02-29,50110256,24419.239300000085,16202
110,2020-03-31,50110256,8923.353799999884,16139
111,2020-04-30,50110256,6556.734099999929,16051
112,2020-05-31,50110256,447.55930000000063,16066
113,2020-06-30,50110256,1260.7750999999905,16077
114,2020-07-31,50110256,1645.1137000000097,16101
115,2020-08-31,50110256,791.3201999999967,16118
116,2020-09-30,50110256,756.6694999999993,16128
117,2020-10-31,50110256,1047.427699999997,16141
118,2020-11-30,50110256,1704.3385999999698,16153
119,2020-12-31,50110256,852.1112000000018,16129
120,2021-01-31,50110256,184.01960000000037,16099
121,2021-02-28,50110256,338.9737999999974,16113
122,2021-03-31,50110256,1217.7156999999754,15985
123,2021-04-30,50110256,1150.540299999985,15991
124,2021-05-31,50110256,1338.922100000011,15963
125,2021-06-30,50110256,1146.1990000000064,15955
126,2018-01-31,50110259,46284.93120000091,23982
127,2018-02-28,50110259,43088.17260000017,24031
128,2018-03-31,50110259,69731.1881999999,24111
129,2018-04-30,50110259,111219.30319999995,24197
130,2018-05-31,50110259,97604.22459999968,24276
131,2018-06-30,50110259,113030.69259999729,24350
132,2018-07-31,50110259,178471.02850000287,24480
133,2018-08-31,50110259,234213.0329999965,24529
134,2018-09-30,50110259,157843.73300000175,24594
135,2018-10-31,50110259,194356.9994000002,24625
136,2018-11-30,50110259,139851.95129999923,24682
137,2018-12-31,50110259,110988.35600000134,24718
138,2019-01-31,50110259,131199.74909999815,24744
139,2019-02-28,50110259,108964.87680000118,24842
140,2019-03-31,50110259,126382.55230000013,24920
141,2019-04-30,50110259,181312.04140000106,24949
142,2019-05-31,50110259,223672.5716999972,24975
143,2019-06-30,50110259,256782.4653999971,25010
144,2019-07-31,50110259,247393.47290000127,25063
145,2019-08-31,50110259,303706.3977999965,25043
146,2019-09-30,50110259,174083.35180000224,25114
147,2019-10-31,50110259,217585.3907000021,25155
148,2019-11-30,50110259,130799.19839999978,25238
149,2019-12-31,50110259,154290.40520000193,25313
150,2020-01-31,50110259,145122.62300000232,25454
151,2020-02-29,50110259,37937.26540000031,25589
152,2020-03-31,50110259,17798.381000000023,25608
153,2020-04-30,50110259,12225.361099999922,25646
154,2020-05-31,50110259,1714.1487999999881,25575
155,2020-06-30,50110259,1677.3001000000068,25644
156,2020-07-31,50110259,3073.003900000034,25732
157,2020-08-31,50110259,4245.768700000006,25742
158,2020-09-30,50110259,4808.190799999997,25815
159,2020-10-31,50110259,4661.347800000021,25863
160,2020-11-30,50110259,3710.4753999999525,25903
161,2020-12-31,50110259,5811.553099999972,25905
162,2021-01-31,50110259,1741.2512000000163,25919
163,2021-02-28,50110259,1306.9415000000029,25952
164,2021-03-31,50110259,2700.6723999999867,25858
165,2021-04-30,50110259,3559.957199999979,25906
166,2021-05-31,50110259,3448.6048999999384,25950
167,2021-06-30,50110259,3476.50980000003,25960
168,2018-01-31,50110310,14496.337600000097,9269
169,2018-02-28,50110310,9869.649300000041,9276
170,2018-03-31,50110310,28177.2511000005,9307
171,2018-04-30,50110310,27559.27189999957,9337
172,2018-05-31,50110310,23580.180300000025,9406
173,2018-06-30,50110310,19584.11889999997,9437
174,2018-07-31,50110310,34130.72390000005,9439
175,2018-08-31,50110310,31953.842600000127,9416
176,2018-09-30,50110310,50243.96959999929,9416
177,2018-10-31,50110310,47528.3933,9437
178,2018-11-30,50110310,30053.146700000492,9428
179,2018-12-31,50110310,27018.878599999614,9447
180,2019-01-31,50110310,26027.27409999934,9446
181,2019-02-28,50110310,24589.464500000056,9455
182,2019-03-31,50110310,37596.731100000026,9484
183,2019-04-30,50110310,42177.90379999983,9501
184,2019-05-31,50110310,51444.697400001096,9461
185,2019-06-30,50110310,44780.04599999928,9476
186,2019-07-31,50110310,39605.240999999565,9478
187,2019-08-31,50110310,42242.45590000045,9458
188,2019-09-30,50110310,35416.99740000021,9423
189,2019-10-31,50110310,44091.76810000055,9432
190,2019-11-30,50110310,28626.871100000037,9427
191,2019-12-31,50110310,30752.697000000237,9405
192,2020-01-31,50110310,29922.4020000002,9414
193,2020-02-29,50110310,11261.614899999802,9416
194,2020-03-31,50110310,8421.370499999948,9409
195,2020-04-30,50110310,4457.990499999977,9377
196,2020-05-31,50110310,496.5260000000036,9403
197,2020-06-30,50110310,790.4038000000044,9467
198,2020-07-31,50110310,786.6218999999992,9487
199,2020-08-31,50110310,827.9992999999978,9488
200,2020-09-30,50110310,1087.928400000004,9457
201,2020-10-31,50110310,1294.7579999999934,9453
202,2020-11-30,50110310,777.3997999999984,9414
203,2020-12-31,50110310,2420.3957999999816,9422
204,2021-01-31,50110310,410.4584999999963,9430
205,2021-02-28,50110310,625.2486999999921,9463
206,2021-03-31,50110310,905.036500000002,9436
207,2021-04-30,50110310,1179.8103999999985,9465
208,2021-05-31,50110310,1158.8751999999965,9486
209,2021-06-30,50110310,743.6470000000033,9495
210,2018-01-31,50110320,12110.423700000032,2225
211,2018-02-28,50110320,19907.344899999964,2244
212,2018-03-31,50110320,27644.94819999999,2208
213,2018-04-30,50110320,42882.980899999624,2189
214,2018-05-31,50110320,75592.11879999994,2160
215,2018-06-30,50110320,91200.68649999979,2176
216,2018-07-31,50110320,137528.8796000008,2161
217,2018-08-31,50110320,112640.93670000092,2170
218,2018-09-30,50110320,88663.44259999975,2167
219,2018-10-31,50110320,63336.00960000118,2152
220,2018-11-30,50110320,60367.30040000028,2143
221,2018-12-31,50110320,55610.44220000063,2149
222,2019-01-31,50110320,47281.67830000006,2124
223,2019-02-28,50110320,40014.203300000096,2097
224,2019-03-31,50110320,81723.35079999955,2081
225,2019-04-30,50110320,58039.7742999988,2076
226,2019-05-31,50110320,91672.68480000044,2068
227,2019-06-30,50110320,77254.59259999971,2069
228,2019-07-31,50110320,76764.15730000008,2065
229,2019-08-31,50110320,108078.57140000054,2062
230,2019-09-30,50110320,81507.82310000097,2079
231,2019-10-31,50110320,56951.525000000045,2067
232,2019-11-30,50110320,50145.656100000306,2081
233,2019-12-31,50110320,61091.634300000005,2057
234,2020-01-31,50110320,30706.848800000116,2044
235,2020-02-29,50110320,17434.855499999845,2045
236,2020-03-31,50110320,15307.874799999914,2008
237,2020-04-30,50110320,15310.031799999904,1994
238,2020-05-31,50110320,2884.980999999976,1988
239,2020-06-30,50110320,3347.739899999975,1979
240,2020-07-31,50110320,4555.61290000003,1966
241,2020-08-31,50110320,6207.595200000021,1958
242,2020-09-30,50110320,7008.6730999999445,1950
243,2020-10-31,50110320,6448.631399999978,1947
244,2020-11-30,50110320,5136.312899999976,1947
245,2020-12-31,50110320,5452.014199999985,1963
246,2021-01-31,50110320,2113.9469999999897,1936
247,2021-02-28,50110320,1683.7860000000037,1920
248,2021-03-31,50110320,3316.590999999975,1901
249,2021-04-30,50110320,4323.168299999954,1894
250,2021-05-31,50110320,3517.883199999963,1878
251,2021-06-30,50110320,4227.648900000038,1877
252,2018-01-31,50110330,7638.627200000001,1888
253,2018-02-28,50110330,11669.994099999978,1889
254,2018-03-31,50110330,14176.246899999864,1897
255,2018-04-30,50110330,29702.825799999922,1907
256,2018-05-31,50110330,28914.43839999995,1911
257,2018-06-30,50110330,53934.4876999995,1919
258,2018-07-31,50110330,62755.71859999929,1923
259,2018-08-31,50110330,64607.18139999948,1915
260,2018-09-30,50110330,53487.57959999977,1918
261,2018-10-31,50110330,79385.19930000098,1910
262,2018-11-30,50110330,50508.08390000033,1907
263,2018-12-31,50110330,35255.19179999988,1892
264,2019-01-31,50110330,37836.25569999988,1894
265,2019-02-28,50110330,54313.28390000076,1898
266,2019-03-31,50110330,58465.214100000034,1892
267,2019-04-30,50110330,66479.84619999937,1905
268,2019-05-31,50110330,123566.8600000008,1912
269,2019-06-30,50110330,84115.27369999973,1906
270,2019-07-31,50110330,86833.05800000035,1905
271,2019-08-31,50110330,122209.44240000084,1924
272,2019-09-30,50110330,66031.09989999981,1915
273,2019-10-31,50110330,81552.54250000027,1915
274,2019-11-30,50110330,57852.265199999725,1894
275,2019-12-31,50110330,48968.40030000044,1892
276,2020-01-31,50110330,42487.7325000002,1890
277,2020-02-29,50110330,16317.435399999818,1872
278,2020-03-31,50110330,12345.597499999792,1854
279,2020-04-30,50110330,8163.343199999924,1838
280,2020-05-31,50110330,1375.021799999985,1818
281,2020-06-30,50110330,1490.6040000000132,1805
282,2020-07-31,50110330,1876.407100000009,1802
283,2020-08-31,50110330,2558.5671999999945,1792
284,2020-09-30,50110330,11186.81450000003,1776
285,2020-10-31,50110330,4595.111699999999,1773
286,2020-11-30,50110330,4087.230199999982,1776
287,2020-12-31,50110330,3568.6570999999867,1766
288,2021-01-31,50110330,1369.3895000000045,1767
289,2021-02-28,50110330,974.2226999999929,1772
290,2021-03-31,50110330,2321.846399999978,1761
291,2021-04-30,50110330,2463.23029999996,1749
292,2021-05-31,50110330,3373.958699999992,1746
293,2021-06-30,50110330,4150.654600000036,1751
294,2018-01-31,50110510,14081.089500000036,3127
295,2018-02-28,50110510,14072.053799999916,3084
296,2018-03-31,50110510,17708.97769999986,3063
297,2018-04-30,50110510,19598.51919999995,3069
298,2018-05-31,50110510,17945.344800000003,3081
299,2018-06-30,50110510,18559.885500000037,3072
300,2018-07-31,50110510,16985.238700000038,3073
301,2018-08-31,50110510,22234.666500000094,3072
302,2018-09-30,50110510,19192.230500000118,3046
303,2018-10-31,50110510,28421.46819999998,3037
304,2018-11-30,50110510,20482.838699999957,3019
305,2018-12-31,50110510,19478.052199999973,2993
306,2019-01-31,50110510,23861.959100000036,2974
307,2019-02-28,50110510,23961.77740000034,2970
308,2019-03-31,50110510,22009.473299999918,2968
309,2019-04-30,50110510,26107.132300000474,2945
310,2019-05-31,50110510,28150.980999999887,2928
311,2019-06-30,50110510,25072.6873999997,2913
312,2019-07-31,50110510,26276.63509999993,2897
313,2019-08-31,50110510,30703.430999999786,2864
314,2019-09-30,50110510,25700.9191999999,2868
315,2019-10-31,50110510,31853.441200000114,2837
316,2019-11-30,50110510,22190.836899999973,2819
317,2019-12-31,50110510,22892.326499999854,2809
318,2020-01-31,50110510,24215.20629999992,2785
319,2020-02-29,50110510,2815.1214999999975,2752
320,2020-03-31,50110510,1116.535100000005,2753
321,2020-04-30,50110510,268.2410000000003,2752
322,2020-05-31,50110510,95.60329999999973,2744
323,2020-06-30,50110510,150.47329999999815,2743
324,2020-07-31,50110510,275.46709999999774,2733
325,2020-08-31,50110510,77.5933999999998,2719
326,2020-09-30,50110510,74.40489999999996,2711
327,2020-10-31,50110510,335.7192999999993,2694
328,2020-11-30,50110510,95.69320000000012,2695
329,2020-12-31,50110510,75.95430000000025,2664
330,2021-01-31,50110510,6.700699999999996,2640
331,2021-02-28,50110510,33.10320000000003,2625
332,2021-03-31,50110510,188.49820000000037,2565
333,2021-04-30,50110510,158.56250000000028,2544
334,2021-05-31,50110510,74.29609999999963,2533
335,2021-06-30,50110510,66.83410000000026,2542
336,2018-01-31,50110520,15563.193800000015,35261
337,2018-02-28,50110520,15649.965499999858,35231
338,2018-03-31,50110520,24269.357200000093,35234
339,2018-04-30,50110520,22415.351099999767,35213
340,2018-05-31,50110520,15454.718900000202,35141
341,2018-06-30,50110520,13598.33750000014,35061
342,2018-07-31,50110520,22514.266500000103,34973
343,2018-08-31,50110520,42137.17810000014,34999
344,2018-09-30,50110520,40265.74659999995,34975
345,2018-10-31,50110520,69995.14289999915,34963
346,2018-11-30,50110520,78135.33939999963,34885
347,2018-12-31,50110520,72706.54470000118,34684
348,2019-01-31,50110520,87076.49289999997,34498
349,2019-02-28,50110520,68248.17090000036,34422
350,2019-03-31,50110520,80104.52979999955,34368
351,2019-04-30,50110520,59723.712899999184,34340
352,2019-05-31,50110520,62871.54400000129,34312
353,2019-06-30,50110520,47927.12789999983,34283
354,2019-07-31,50110520,56600.37689999962,34273
355,2019-08-31,50110520,61602.486700001005,34193
356,2019-09-30,50110520,59140.964700000804,34208
357,2019-10-31,50110520,58030.085999999836,34177
358,2019-11-30,50110520,50177.245700000414,34114
359,2019-12-31,50110520,57112.210400000884,33998
360,2020-01-31,50110520,62202.90610000014,33926
361,2020-02-29,50110520,12140.880099999638,33892
362,2020-03-31,50110520,3409.1600999999855,33806
363,2020-04-30,50110520,5434.056300000001,33717
364,2020-05-31,50110520,740.1943999999972,33676
365,2020-06-30,50110520,430.7360000000004,33652
366,2020-07-31,50110520,331.8620999999975,33616
367,2020-08-31,50110520,364.57899999999523,33548
368,2020-09-30,50110520,527.6446999999968,33508
369,2020-10-31,50110520,528.1492999999929,33493
370,2020-11-30,50110520,1328.9892999999863,33413
371,2020-12-31,50110520,537.7203999999999,33353
372,2021-01-31,50110520,208.99049999999826,33175
373,2021-02-28,50110520,180.5065999999984,33172
374,2021-03-31,50110520,616.7546000000002,32993
375,2021-04-30,50110520,926.4403999999766,32960
376,2021-05-31,50110520,298.5637000000004,32948
377,2021-06-30,50110520,335.0198000000034,32921
378,2018-01-31,50110530,26280.02680000026,8087
379,2018-02-28,50110530,25530.088600000196,8050
380,2018-03-31,50110530,34619.96250000002,8051
381,2018-04-30,50110530,36933.304299999785,8034
382,2018-05-31,50110530,43120.99670000061,8025
383,2018-06-30,50110530,40167.27309999989,8001
384,2018-07-31,50110530,45669.27569999917,8000
385,2018-08-31,50110530,56861.37739999945,8009
386,2018-09-30,50110530,44307.90140000017,8000
387,2018-10-31,50110530,77374.24580000086,7994
388,2018-11-30,50110530,57774.32670000092,8002
389,2018-12-31,50110530,58206.6541000011,7989
390,2019-01-31,50110530,60262.37659999989,7965
391,2019-02-28,50110530,69050.40860000032,7960
392,2019-03-31,50110530,58529.86199999973,7899
393,2019-04-30,50110530,56504.902199999626,7855
394,2019-05-31,50110530,63037.36200000159,7840
395,2019-06-30,50110530,56311.09669999905,7832
396,2019-07-31,50110530,56874.61129999985,7834
397,2019-08-31,50110530,61525.09950000095,7799
398,2019-09-30,50110530,56319.64990000048,7815
399,2019-10-31,50110530,70983.87600000105,7805
400,2019-11-30,50110530,48292.52140000026,7759
401,2019-12-31,50110530,48045.16790000084,7796
402,2020-01-31,50110530,41500.552600000105,7834
403,2020-02-29,50110530,17666.95449999973,7845
404,2020-03-31,50110530,3131.1988000000024,7825
405,2020-04-30,50110530,4114.281699999922,7822
406,2020-05-31,50110530,481.46760000000245,7811
407,2020-06-30,50110530,485.15339999999867,7806
408,2020-07-31,50110530,475.3973999999951,7798
409,2020-08-31,50110530,628.7500999999861,7775
410,2020-09-30,50110530,711.2614999999992,7811
411,2020-10-31,50110530,928.0397000000037,7799
412,2020-11-30,50110530,935.8909000000018,7795
413,2020-12-31,50110530,732.3414999999986,7808
414,2021-01-31,50110530,191.82159999999777,7758
415,2021-02-28,50110530,89.9349999999994,7697
416,2021-03-31,50110530,844.7463999999991,7661
417,2021-04-30,50110530,743.4506999999887,7670
418,2021-05-31,50110530,455.9336000000017,7636
419,2021-06-30,50110530,258.6904000000016,7667
420,2018-01-31,50110540,42010.224200000936,50661
421,2018-02-28,50110540,49233.251600000054,50453
422,2018-03-31,50110540,82502.04919999943,50388
423,2018-04-30,50110540,80570.82869999968,50385
424,2018-05-31,50110540,66657.10519999993,50577
425,2018-06-30,50110540,69890.57759999915,50577
426,2018-07-31,50110540,83425.33669999994,50482
427,2018-08-31,50110540,118376.56060000065,50464
428,2018-09-30,50110540,78578.47129999984,50455
429,2018-10-31,50110540,99618.81750000078,50416
430,2018-11-30,50110540,97133.03300000037,50332
431,2018-12-31,50110540,73025.56010000105,50137
432,2019-01-31,50110540,80270.56469999984,50328
433,2019-02-28,50110540,88989.79410000151,50397
434,2019-03-31,50110540,101574.87110000035,50456
435,2019-04-30,50110540,99069.17580000032,50526
436,2019-05-31,50110540,83912.33340000061,50612
437,2019-06-30,50110540,88074.8134999997,50655
438,2019-07-31,50110540,81143.06249999968,50696
439,2019-08-31,50110540,105469.94150000102,50734
440,2019-09-30,50110540,89355.67690000132,50764
441,2019-10-31,50110540,101093.54100000074,50767
442,2019-11-30,50110540,77519.76599999952,50721
443,2019-12-31,50110540,86923.09580000171,50655
444,2020-01-31,50110540,78604.25740000051,50645
445,2020-02-29,50110540,35606.91909999988,50642
446,2020-03-31,50110540,13886.695399999764,50694
447,2020-04-30,50110540,10743.181799999906,50716
448,2020-05-31,50110540,946.8658999999855,50740
449,2020-06-30,50110540,1544.6339999999675,50782
450,2020-07-31,50110540,1234.5727999999908,50785
451,2020-08-31,50110540,2565.964400000042,50746
452,2020-09-30,50110540,3607.2327000000064,50609
453,2020-10-31,50110540,1787.2472999999898,50620
454,2020-11-30,50110540,2386.7544999999523,50549
455,2020-12-31,50110540,2889.476100000033,50423
456,2021-01-31,50110540,479.1147999999928,50382
457,2021-02-28,50110540,761.208499999981,50215
458,2021-03-31,50110540,2367.852299999996,50119
459,2021-04-30,50110540,1614.64069999997,50133
460,2021-05-31,50110540,1584.6645999999885,50134
461,2021-06-30,50110540,1577.5813999999925,50116
462,2018-01-31,50110550,16543.609699999943,14546
463,2018-02-28,50110550,11588.171000000026,14557
464,2018-03-31,50110550,18513.05489999985,14534
465,2018-04-30,50110550,23359.423299999933,14513
466,2018-05-31,50110550,33481.1927999999,14742
467,2018-06-30,50110550,29908.154099999825,14566
468,2018-07-31,50110550,45652.41829999985,14517
469,2018-08-31,50110550,55192.004099999096,14501
470,2018-09-30,50110550,37914.761900000005,14510
471,2018-10-31,50110550,51258.56770000037,14468
472,2018-11-30,50110550,42380.35970000007,14420
473,2018-12-31,50110550,39784.80280000064,14345
474,2019-01-31,50110550,45155.31109999948,14274
475,2019-02-28,50110550,45740.515200000526,14190
476,2019-03-31,50110550,55182.2577999993,14173
477,2019-04-30,50110550,52752.25089999948,14160
478,2019-05-31,50110550,49940.648000000634,14127
479,2019-06-30,50110550,40690.12099999925,14096
480,2019-07-31,50110550,50926.052899999915,14130
481,2019-08-31,50110550,78984.08089999986,14100
482,2019-09-30,50110550,58401.39410000065,14076
483,2019-10-31,50110550,80081.27900000024,14042
484,2019-11-30,50110550,45071.81830000036,14021
485,2019-12-31,50110550,74591.73290000143,14005
486,2020-01-31,50110550,61313.00370000004,13920
487,2020-02-29,50110550,32405.54109999989,13892
488,2020-03-31,50110550,2956.3893999999636,13858
489,2020-04-30,50110550,1402.391500000005,13851
490,2020-05-31,50110550,241.8113000000002,13826
491,2020-06-30,50110550,108.84819999999922,13842
492,2020-07-31,50110550,177.7141999999982,13819
493,2020-08-31,50110550,535.5075999999964,13797
494,2020-09-30,50110550,1068.0408000000036,13756
495,2020-10-31,50110550,558.2010999999947,13724
496,2020-11-30,50110550,263.9186999999999,13728
497,2020-12-31,50110550,579.4114000000006,13719
498,2021-01-31,50110550,34.84910000000017,13715
499,2021-02-28,50110550,300.4778999999983,13706
500,2021-03-31,50110550,417.3059000000008,13658
501,2021-04-30,50110550,504.63830000000235,13637
502,2021-05-31,50110550,220.7000000000019,13663
503,2021-06-30,50110550,140.90100000000058,13651
504,2018-01-31,50110560,107137.67519999898,8910
505,2018-02-28,50110560,91596.42570000044,8921
506,2018-03-31,50110560,125505.0684999993,8891
507,2018-04-30,50110560,146261.7197999977,8884
508,2018-05-31,50110560,179287.45990000016,8871
509,2018-06-30,50110560,196149.6725999991,8867
510,2018-07-31,50110560,174912.88019999952,8837
511,2018-08-31,50110560,194848.54509999813,8783
512,2018-09-30,50110560,185981.8524000011,8746
513,2018-10-31,50110560,314002.7256999963,8715
514,2018-11-30,50110560,217829.5312999984,8677
515,2018-12-31,50110560,187610.7195000031,8662
516,2019-01-31,50110560,193334.12950000013,8676
517,2019-02-28,50110560,199326.394299998,8618
518,2019-03-31,50110560,207756.24330000216,8586
519,2019-04-30,50110560,300534.4491000033,8545
520,2019-05-31,50110560,282860.20629999635,8529
521,2019-06-30,50110560,244808.9899000019,8510
522,2019-07-31,50110560,245390.67650000105,8491
523,2019-08-31,50110560,290964.41209999914,8462
524,2019-09-30,50110560,197608.06210000374,8470
525,2019-10-31,50110560,277759.7544000022,8441
526,2019-11-30,50110560,212768.50740000184,8449
527,2019-12-31,50110560,203030.17120000115,8433
528,2020-01-31,50110560,173494.84720000232,8402
529,2020-02-29,50110560,56557.638900000115,8383
530,2020-03-31,50110560,6602.462100000073,8346
531,2020-04-30,50110560,2657.7980000000143,8377
532,2020-05-31,50110560,232.43439999999958,8362
533,2020-06-30,50110560,219.08799999999968,8327
534,2020-07-31,50110560,508.856899999993,8335
535,2020-08-31,50110560,271.0384999999988,8327
536,2020-09-30,50110560,503.32979999999657,8345
537,2020-10-31,50110560,718.160599999992,8338
538,2020-11-30,50110560,426.0836999999994,8308
539,2020-12-31,50110560,753.3537999999975,8275
540,2021-01-31,50110560,358.34199999999294,8213
541,2021-02-28,50110560,142.35299999999896,8206
542,2021-03-31,50110560,244.63140000000215,8201
543,2021-04-30,50110560,586.6716999999968,8171
544,2021-05-31,50110560,466.2600000000034,8194
545,2021-06-30,50110560,805.297000000005,8189
546,2018-01-31,50110570,10829.488300000054,7887
547,2018-02-28,50110570,9970.810300000032,7836
548,2018-03-31,50110570,14113.707699999932,7827
549,2018-04-30,50110570,15759.645500000035,7801
550,2018-05-31,50110570,15144.832500000082,7788
551,2018-06-30,50110570,13954.157199999952,7737
552,2018-07-31,50110570,23671.927099999873,7703
553,2018-08-31,50110570,19556.714000000182,7681
554,2018-09-30,50110570,18785.76410000012,7663
555,2018-10-31,50110570,28288.25139999997,7661
556,2018-11-30,50110570,21550.814599999907,7645
557,2018-12-31,50110570,21564.888499999815,7610
558,2019-01-31,50110570,18320.66420000014,7563
559,2019-02-28,50110570,24880.93690000023,7512
560,2019-03-31,50110570,25879.131199999953,7500
561,2019-04-30,50110570,22073.58240000008,7488
562,2019-05-31,50110570,29085.87680000018,7448
563,2019-06-30,50110570,26174.793199999847,7423
564,2019-07-31,50110570,33231.50509999991,7419
565,2019-08-31,50110570,33044.42829999954,7406
566,2019-09-30,50110570,27948.36070000007,7398
567,2019-10-31,50110570,31775.3409999999,7388
568,2019-11-30,50110570,30404.651400000235,7345
569,2019-12-31,50110570,28457.70660000003,7315
570,2020-01-31,50110570,27678.28400000033,7353
571,2020-02-29,50110570,7966.016300000032,7338
572,2020-03-31,50110570,3822.5218999999397,7318
573,2020-04-30,50110570,1255.2031000000065,7304
574,2020-05-31,50110570,46.5583,7293
575,2020-06-30,50110570,367.88239999999763,7263
576,2020-07-31,50110570,394.3084999999951,7265
577,2020-08-31,50110570,371.98199999999747,7251
578,2020-09-30,50110570,480.11959999999743,7190
579,2020-10-31,50110570,196.17170000000013,7175
580,2020-11-30,50110570,107.54270000000042,7163
581,2020-12-31,50110570,545.4853000000039,7140
582,2021-01-31,50110570,17.85210000000003,7078
583,2021-02-28,50110570,17.81330000000002,7080
584,2021-03-31,50110570,222.4830000000002,7024
585,2021-04-30,50110570,41.513299999999965,7047
586,2021-05-31,50110570,298.69780000000327,7037
587,2021-06-30,50110570,151.41080000000096,7025
588,2018-01-31,50110580,578045.3209999964,15916
589,2018-02-28,50110580,568083.7208000027,15843
590,2018-03-31,50110580,784111.9682999944,15791
591,2018-04-30,50110580,824314.7886000015,15813
592,2018-05-31,50110580,901957.553900001,15833
593,2018-06-30,50110580,875382.2766000025,15802
594,2018-07-31,50110580,1038483.5302999966,15806
595,2018-08-31,50110580,1356688.8466999887,15783
596,2018-09-30,50110580,920013.9907999943,15772
597,2018-10-31,50110580,1240575.5288999977,15774
598,2018-11-30,50110580,1001192.1969999931,15697
599,2018-12-31,50110580,971386.4447999893,15673
600,2019-01-31,50110580,1036293.7758000025,15620
601,2019-02-28,50110580,1007191.4652999964,15606
602,2019-03-31,50110580,956900.9652000096,15565
603,2019-04-30,50110580,1048393.0788999915,15543
604,2019-05-31,50110580,1190762.573099999,15543
605,2019-06-30,50110580,1113339.5123000054,15523
606,2019-07-31,50110580,1098405.6191000112,15513
607,2019-08-31,50110580,1224635.177199989,15497
608,2019-09-30,50110580,1086063.6050999938,15454
609,2019-10-31,50110580,1222612.8912999916,15387
610,2019-11-30,50110580,991910.5453999852,15343
611,2019-12-31,50110580,1094589.7571999913,15328
612,2020-01-31,50110580,996965.8199999807,15309
613,2020-02-29,50110580,162267.99520000315,15304
614,2020-03-31,50110580,14374.56439999975,15289
615,2020-04-30,50110580,3465.6615999999767,15258
616,2020-05-31,50110580,427.318300000002,15228
617,2020-06-30,50110580,579.396399999999,15204
618,2020-07-31,50110580,1366.3442000000073,15188
619,2020-08-31,50110580,2246.2032000000136,15148
620,2020-09-30,50110580,1402.1680999999842,15075
621,2020-10-31,50110580,1591.773799999996,15035
622,2020-11-30,50110580,771.5977999999994,15010
623,2020-12-31,50110580,1141.880099999999,15014
624,2021-01-31,50110580,301.1368999999972,14957
625,2021-02-28,50110580,382.7560999999961,14911
626,2021-03-31,50110580,786.6354999999995,14830
627,2021-04-30,50110580,699.2233999999878,14831
628,2021-05-31,50110580,431.5063000000025,14796
629,2021-06-30,50110580,1013.0971000000002,14772
630,2018-01-31,50110590,78223.07960000046,10028
631,2018-02-28,50110590,83742.48949999991,10038
632,2018-03-31,50110590,112258.85439999937,10005
633,2018-04-30,50110590,151971.77359999705,10017
634,2018-05-31,50110590,148825.12159999833,10038
635,2018-06-30,50110590,189059.59619999822,10031
636,2018-07-31,50110590,139404.6412000024,10033
637,2018-08-31,50110590,192700.78859999962,10020
638,2018-09-30,50110590,218343.76960000006,9992
639,2018-10-31,50110590,263845.4196000019,9953
640,2018-11-30,50110590,188237.1283999977,9906
641,2018-12-31,50110590,177013.88940000182,9857
642,2019-01-31,50110590,146051.71960000036,9760
643,2019-02-28,50110590,182875.78510000042,9713
644,2019-03-31,50110590,171055.89730000062,9711
645,2019-04-30,50110590,223433.48850000248,9717
646,2019-05-31,50110590,229049.59469999518,9673
647,2019-06-30,50110590,225132.5986999998,9676
648,2019-07-31,50110590,234677.97980000073,9668
649,2019-08-31,50110590,259322.69090000095,9640
650,2019-09-30,50110590,198286.63470000404,9643
651,2019-10-31,50110590,226610.73720000128,9620
652,2019-11-30,50110590,153858.61960000164,9587
653,2019-12-31,50110590,163726.81970000247,9571
654,2020-01-31,50110590,159082.96760000227,9496
655,2020-02-29,50110590,35544.70160000053,9482
656,2020-03-31,50110590,5275.327099999976,9465
657,2020-04-30,50110590,5146.694299999904,9420
658,2020-05-31,50110590,714.0262999999932,9409
659,2020-06-30,50110590,979.6173000000141,9396
660,2020-07-31,50110590,1655.8007000000212,9380
661,2020-08-31,50110590,2260.576400000004,9356
662,2020-09-30,50110590,3134.089900000038,9336
663,2020-10-31,50110590,2295.890100000006,9349
664,2020-11-30,50110590,1511.646599999981,9337
665,2020-12-31,50110590,2083.2764999999927,9325
666,2021-01-31,50110590,507.1044999999961,9279
667,2021-02-28,50110590,686.2704999999966,9215
668,2021-03-31,50110590,1460.9462000000046,9148
669,2021-04-30,50110590,1175.079800000002,9148
670,2021-05-31,50110590,1206.5513999999957,9127
671,2021-06-30,50110590,1079.3994000000048,9110
672,2018-01-31,50110600,8625.800899999962,25516
673,2018-02-28,50110600,4024.3313000000094,25429
674,2018-03-31,50110600,17238.999700000004,25466
675,2018-04-30,50110600,12149.814000000057,25430
676,2018-05-31,50110600,13191.296800000071,25451
677,2018-06-30,50110600,10294.35520000002,25465
678,2018-07-31,50110600,8313.63519999999,25459
679,2018-08-31,50110600,19526.97289999999,25404
680,2018-09-30,50110600,12795.149300000016,25410
681,2018-10-31,50110600,24555.737800000083,25366
682,2018-11-30,50110600,25433.452100000246,25369
683,2018-12-31,50110600,14728.048299999831,25391
684,2019-01-31,50110600,10317.162800000102,25348
685,2019-02-28,50110600,10626.08420000001,25315
686,2019-03-31,50110600,22211.676599999926,25340
687,2019-04-30,50110600,30638.482900000316,25310
688,2019-05-31,50110600,22866.598700000122,25368
689,2019-06-30,50110600,16191.632399999808,25369
690,2019-07-31,50110600,14644.10300000001,25379
691,2019-08-31,50110600,19738.46839999985,25321
692,2019-09-30,50110600,13882.284099999913,25293
693,2019-10-31,50110600,17524.928499999733,25303
694,2019-11-30,50110600,8606.767400000004,25323
695,2019-12-31,50110600,11514.850799999718,25271
696,2020-01-31,50110600,13557.931499999619,25268
697,2020-02-29,50110600,5260.080699999944,25213
698,2020-03-31,50110600,4516.1202999999305,25142
699,2020-04-30,50110600,1549.4342000000117,25153
700,2020-05-31,50110600,169.43650000000045,25101
701,2020-06-30,50110600,417.3807999999994,25064
702,2020-07-31,50110600,1522.7730000000138,25069
703,2020-08-31,50110600,388.01219999999233,25024
704,2020-09-30,50110600,904.3702,24969
705,2020-10-31,50110600,896.6122999999985,24922
706,2020-11-30,50110600,873.5654000000012,24870
707,2020-12-31,50110600,374.3854000000012,24819
708,2021-01-31,50110600,176.2881999999975,24799
709,2021-02-28,50110600,131.6062000000001,24791
710,2021-03-31,50110600,1817.2016999999898,24765
711,2021-04-30,50110600,829.0337999999882,24716
712,2021-05-31,50110600,185.99420000000157,24639
713,2021-06-30,50110600,324.87980000000243,24630
714,2018-01-31,50110610,9167.726399999972,24080
715,2018-02-28,50110610,10574.701599999922,24313
716,2018-03-31,50110610,11136.649299999883,24355
717,2018-04-30,50110610,13082.734500000088,24392
718,2018-05-31,50110610,17218.096000000274,24455
719,2018-06-30,50110610,20224.021799999864,24546
720,2018-07-31,50110610,18864.215999999942,24706
721,2018-08-31,50110610,13681.614400000082,24808
722,2018-09-30,50110610,14393.412700000032,24870
723,2018-10-31,50110610,18256.957799999927,25030
724,2018-11-30,50110610,19141.426400000197,25157
725,2018-12-31,50110610,14553.324999999957,25153
726,2019-01-31,50110610,17024.806400000016,25282
727,2019-02-28,50110610,18016.32740000004,25295
728,2019-03-31,50110610,26202.80929999994,25362
729,2019-04-30,50110610,39623.86360000005,25415
730,2019-05-31,50110610,56826.31160000148,25459
731,2019-06-30,50110610,43280.14159999985,25580
732,2019-07-31,50110610,43762.17099999977,25646
733,2019-08-31,50110610,41346.015100000266,25703
734,2019-09-30,50110610,27700.27970000026,25720
735,2019-10-31,50110610,25256.65000000012,25801
736,2019-11-30,50110610,30974.29449999994,25873
737,2019-12-31,50110610,27812.22090000046,25965
738,2020-01-31,50110610,18344.633099999675,25972
739,2020-02-29,50110610,5536.027899999983,25989
740,2020-03-31,50110610,3574.415799999935,26013
741,2020-04-30,50110610,3622.9871999999864,25980
742,2020-05-31,50110610,216.33419999999836,25993
743,2020-06-30,50110610,478.14099999999286,25976
744,2020-07-31,50110610,1261.8835000000133,25992
745,2020-08-31,50110610,937.1330999999972,26039
746,2020-09-30,50110610,801.8659999999956,26022
747,2020-10-31,50110610,853.1418000000069,26020
748,2020-11-30,50110610,412.64000000000095,26002
749,2020-12-31,50110610,1260.681499999995,26079
750,2021-01-31,50110610,242.16820000000058,26079
751,2021-02-28,50110610,68.49299999999988,26084
752,2021-03-31,50110610,244.4038000000011,25994
753,2021-04-30,50110610,559.8949999999938,25993
754,2021-05-31,50110610,387.02890000000133,26028
755,2021-06-30,50110610,283.5824000000011,26021
756,2018-01-31,50110620,15134.504200000069,4003
757,2018-02-28,50110620,18190.421300000027,4037
758,2018-03-31,50110620,29082.836999999956,4052
759,2018-04-30,50110620,39378.26709999974,4057
760,2018-05-31,50110620,55713.01089999963,4056
761,2018-06-30,50110620,42904.15710000025,4054
762,2018-07-31,50110620,60035.40289999929,4086
763,2018-08-31,50110620,80972.44110000039,4101
764,2018-09-30,50110620,69952.8884999996,4127
765,2018-10-31,50110620,73343.81520000078,4146
766,2018-11-30,50110620,75792.24440000068,4365
767,2018-12-31,50110620,60154.21980000082,4936
768,2019-01-31,50110620,51945.28169999964,5093
769,2019-02-28,50110620,47214.949100000464,5191
770,2019-03-31,50110620,70946.02159999998,5257
771,2019-04-30,50110620,63234.69869999936,5283
772,2019-05-31,50110620,50610.771400000565,5306
773,2019-06-30,50110620,60317.60169999903,5322
774,2019-07-31,50110620,66609.99060000044,5303
775,2019-08-31,50110620,92720.19320000098,5306
776,2019-09-30,50110620,91592.444400001,5328
777,2019-10-31,50110620,57765.0264000003,5325
778,2019-11-30,50110620,47746.704300000194,5347
779,2019-12-31,50110620,44989.037900000476,5363
780,2020-01-31,50110620,30543.01900000009,5366
781,2020-02-29,50110620,16835.841899999945,5361
782,2020-03-31,50110620,13951.033799999828,5353
783,2020-04-30,50110620,11398.762699999883,5364
784,2020-05-31,50110620,1364.9765999999886,5337
785,2020-06-30,50110620,1799.4518999999962,5354
786,2020-07-31,50110620,2826.9035000000194,5364
787,2020-08-31,50110620,3859.3250000000053,5361
788,2020-09-30,50110620,6400.507900000028,5328
789,2020-10-31,50110620,5647.868100000026,5330
790,2020-11-30,50110620,4712.119599999978,5320
791,2020-12-31,50110620,5352.692599999958,5372
792,2021-01-31,50110620,2186.1283999999996,5372
793,2021-02-28,50110620,2009.8022000000221,5389
794,2021-03-31,50110620,3411.7536999999597,5362
795,2021-04-30,50110620,3564.8941999999606,5353
796,2021-05-31,50110620,2788.9420999999475,5337
797,2021-06-30,50110620,3436.308000000065,5327
798,2018-01-31,50110630,29959.18520000052,31467
799,2018-02-28,50110630,30298.922600000016,31973
800,2018-03-31,50110630,59371.670000000726,32551
801,2018-04-30,50110630,41206.741399999584,32881
802,2018-05-31,50110630,41761.07769999989,33097
803,2018-06-30,50110630,58670.10030000003,33341
804,2018-07-31,50110630,60226.6712999988,33649
805,2018-08-31,50110630,75553.21439999969,33811
806,2018-09-30,50110630,76632.08329999993,34103
807,2018-10-31,50110630,63811.824500000104,34211
808,2018-11-30,50110630,75325.73270000123,34325
809,2018-12-31,50110630,60870.26200000093,34321
810,2019-01-31,50110630,48145.42189999947,34554
811,2019-02-28,50110630,68537.83740000031,34667
812,2019-03-31,50110630,87191.80220000038,34872
813,2019-04-30,50110630,70803.39699999917,34963
814,2019-05-31,50110630,59199.07230000097,35059
815,2019-06-30,50110630,65849.75779999915,35133
816,2019-07-31,50110630,62712.580699999766,35276
817,2019-08-31,50110630,84223.95150000075,35427
818,2019-09-30,50110630,66090.94710000072,35637
819,2019-10-31,50110630,74397.66519999946,35854
820,2019-11-30,50110630,58594.93680000013,35997
821,2019-12-31,50110630,56784.20310000145,36024
822,2020-01-31,50110630,46608.73510000014,36097
823,2020-02-29,50110630,21031.771100000187,36141
824,2020-03-31,50110630,11423.88989999985,36167
825,2020-04-30,50110630,6895.870000000002,36227
826,2020-05-31,50110630,957.9901999999897,36350
827,2020-06-30,50110630,819.4759000000112,36521
828,2020-07-31,50110630,1644.5603000000044,36554
829,2020-08-31,50110630,7024.559199999971,36954
830,2020-09-30,50110630,4350.124299999997,37708
831,2020-10-31,50110630,3086.713299999981,37869
832,2020-11-30,50110630,3285.3116000000045,38007
833,2020-12-31,50110630,2406.811199999993,38137
834,2021-01-31,50110630,505.7502999999928,38461
835,2021-02-28,50110630,1816.4797999999855,38849
836,2021-03-31,50110630,2679.6958999999392,39101
837,2021-04-30,50110630,1949.0788999999904,39213
838,2021-05-31,50110630,1462.8638999999926,39285
839,2021-06-30,50110630,4168.940299999966,39396
840,2018-01-31,50110640,23681.90010000025,13829
841,2018-02-28,50110640,18324.05289999994,13921
842,2018-03-31,50110640,39148.30000000004,14026
843,2018-04-30,50110640,41981.532599999424,14123
844,2018-05-31,50110640,41632.494999999806,14192
845,2018-06-30,50110640,41869.9789999995,14423
846,2018-07-31,50110640,71522.08929999979,14504
847,2018-08-31,50110640,69810.20550000021,14587
848,2018-09-30,50110640,44499.76609999978,14648
849,2018-10-31,50110640,63509.98370000015,14749
850,2018-11-30,50110640,57716.14650000016,14821
851,2018-12-31,50110640,53103.89830000069,14906
852,2019-01-31,50110640,48274.52629999963,15020
853,2019-02-28,50110640,56365.86660000052,15064
854,2019-03-31,50110640,63063.40219999944,15139
855,2019-04-30,50110640,81296.52529999985,15282
856,2019-05-31,50110640,100033.39640000058,15385
857,2019-06-30,50110640,75534.28679999997,15436
858,2019-07-31,50110640,84461.42720000002,15439
859,2019-08-31,50110640,117804.80649999989,15487
860,2019-09-30,50110640,81695.39859999978,15515
861,2019-10-31,50110640,91076.08199999969,15535
862,2019-11-30,50110640,76561.63800000057,15550
863,2019-12-31,50110640,83019.50330000019,15588
864,2020-01-31,50110640,84703.65340000129,15654
865,2020-02-29,50110640,37383.57830000022,15683
866,2020-03-31,50110640,6261.841199999998,15769
867,2020-04-30,50110640,1931.4313000000127,15859
868,2020-05-31,50110640,645.3640999999988,15953
869,2020-06-30,50110640,2637.876800000035,15987
870,2020-07-31,50110640,1708.8841000000143,15996
871,2020-08-31,50110640,1874.1633000000097,16038
872,2020-09-30,50110640,1267.4669999999971,15992
873,2020-10-31,50110640,1412.495799999994,15988
874,2020-11-30,50110640,2527.905699999998,15962
875,2020-12-31,50110640,2152.5696000000025,15966
876,2021-01-31,50110640,245.57489999999726,15941
877,2021-02-28,50110640,111.92089999999995,15979
878,2021-03-31,50110640,478.31600000000196,15986
879,2021-04-30,50110640,903.3037999999951,16007
880,2021-05-31,50110640,671.2004999999866,16020
881,2021-06-30,50110640,609.4127000000007,15964
882,2018-01-31,50110650,829435.4618999887,43238
883,2018-02-28,50110650,822859.3176999965,43132
884,2018-03-31,50110650,1229356.8001999888,43104
885,2018-04-30,50110650,1173260.8453000018,43115
886,2018-05-31,50110650,1128432.5712999948,43163
887,2018-06-30,50110650,1214603.3462000103,43114
888,2018-07-31,50110650,1458260.7278000084,43183
889,2018-08-31,50110650,1852132.4909999934,43241
890,2018-09-30,50110650,1459932.8087999912,43219
891,2018-10-31,50110650,2017345.5662999952,43199
892,2018-11-30,50110650,1705942.2756000124,43220
893,2018-12-31,50110650,1721029.03519999,43217
894,2019-01-31,50110650,1698053.1232999929,43317
895,2019-02-28,50110650,1955998.1510999827,43295
896,2019-03-31,50110650,1820686.6835999964,43432
897,2019-04-30,50110650,1708541.2589000007,43437
898,2019-05-31,50110650,1880428.0507000121,43480
899,2019-06-30,50110650,1612020.0433000168,43482
900,2019-07-31,50110650,1862081.2907000221,43626
901,2019-08-31,50110650,2146021.2803999735,43685
902,2019-09-30,50110650,1919405.197200013,43693
903,2019-10-31,50110650,2056098.8803999894,43662
904,2019-11-30,50110650,1839666.5634999797,43682
905,2019-12-31,50110650,1936332.3105999897,43708
906,2020-01-31,50110650,1854597.8215000045,43711
907,2020-02-29,50110650,275416.9151000048,43735
908,2020-03-31,50110650,60334.905600000624,43648
909,2020-04-30,50110650,28472.840500000348,43651
910,2020-05-31,50110650,2155.201999999998,43657
911,2020-06-30,50110650,3353.72409999995,43772
912,2020-07-31,50110650,5839.179300000033,43860
913,2020-08-31,50110650,5011.652499999934,43756
914,2020-09-30,50110650,4933.451600000003,43800
915,2020-10-31,50110650,5598.834000000006,43858
916,2020-11-30,50110650,5193.671499999893,43846
917,2020-12-31,50110650,5575.801700000034,43916
918,2021-01-31,50110650,1955.3208000000136,43899
919,2021-02-28,50110650,1008.9297999999942,43908
920,2021-03-31,50110650,4922.372200000055,43901
921,2021-04-30,50110650,5900.511400000077,43883
922,2021-05-31,50110650,4841.826699999975,43864
923,2021-06-30,50110650,5263.160700000047,43785
924,2018-01-31,50110660,199557.9399999979,54958
925,2018-02-28,50110660,241704.10169999997,55033
926,2018-03-31,50110660,318642.44500000484,55000
927,2018-04-30,50110660,275911.47479999834,55138
928,2018-05-31,50110660,278876.70730000146,55445
929,2018-06-30,50110660,289286.4255000005,55580
930,2018-07-31,50110660,313681.3607000027,55618
931,2018-08-31,50110660,484110.44099999435,55695
932,2018-09-30,50110660,350172.6166999961,55759
933,2018-10-31,50110660,518686.68749999895,56008
934,2018-11-30,50110660,385166.84659999586,56099
935,2018-12-31,50110660,414260.0906000022,56223
936,2019-01-31,50110660,449902.0946999985,56213
937,2019-02-28,50110660,571739.2697999886,56106
938,2019-03-31,50110660,500013.9146000088,56105
939,2019-04-30,50110660,491115.9029999987,56276
940,2019-05-31,50110660,574207.8548000022,56319
941,2019-06-30,50110660,491718.80220000545,56310
942,2019-07-31,50110660,556160.982100013,56268
943,2019-08-31,50110660,718787.4653000054,56333
944,2019-09-30,50110660,614572.4184999925,56416
945,2019-10-31,50110660,682897.8579999922,56527
946,2019-11-30,50110660,617075.2741999893,56632
947,2019-12-31,50110660,685454.7350999903,56611
948,2020-01-31,50110660,657902.6525999898,56548
949,2020-02-29,50110660,115799.81809999942,56636
950,2020-03-31,50110660,23980.351500000183,56546
951,2020-04-30,50110660,16389.712699999796,56585
952,2020-05-31,50110660,1471.6965000000084,56615
953,2020-06-30,50110660,1831.3208999999802,56635
954,2020-07-31,50110660,3037.099800000056,56680
955,2020-08-31,50110660,4201.391000000011,56746
956,2020-09-30,50110660,4424.71250000001,56684
957,2020-10-31,50110660,5059.806100000004,56900
958,2020-11-30,50110660,4665.042499999968,57033
959,2020-12-31,50110660,3590.0627999999438,57190
960,2021-01-31,50110660,1206.8708000000017,57183
961,2021-02-28,50110660,1486.2332000000104,57203
962,2021-03-31,50110660,2979.887200000009,57155
963,2021-04-30,50110660,3319.9753999999803,57312
964,2021-05-31,50110660,2974.2631999999694,57395
965,2021-06-30,50110660,3330.2381999999643,57473
966,2018-01-31,50110670,32162.661700000317,21105
967,2018-02-28,50110670,12428.520499999915,21142
968,2018-03-31,50110670,25193.124500000155,21264
969,2018-04-30,50110670,39080.828899999586,21318
970,2018-05-31,50110670,47180.41370000017,21355
971,2018-06-30,50110670,57676.8945999995,21436
972,2018-07-31,50110670,24790.761099999952,21523
973,2018-08-31,50110670,30897.383600000056,21655
974,2018-09-30,50110670,37830.08469999969,21703
975,2018-10-31,50110670,65113.420200000684,21729
976,2018-11-30,50110670,63973.65609999992,21729
977,2018-12-31,50110670,63442.17330000181,21741
978,2019-01-31,50110670,57603.283099999666,21742
979,2019-02-28,50110670,71177.87540000064,21755
980,2019-03-31,50110670,51326.57149999956,21778
981,2019-04-30,50110670,52092.50949999948,21794
982,2019-05-31,50110670,54335.14150000032,21826
983,2019-06-30,50110670,42461.35739999952,21863
984,2019-07-31,50110670,66105.35220000052,21923
985,2019-08-31,50110670,63208.158299999785,21959
986,2019-09-30,50110670,55057.22219999997,21955
987,2019-10-31,50110670,52471.82990000036,21995
988,2019-11-30,50110670,46966.26370000017,22020
989,2019-12-31,50110670,53922.89210000027,22108
990,2020-01-31,50110670,60637.2991999995,22058
991,2020-02-29,50110670,26081.972599999965,22066
992,2020-03-31,50110670,2755.4732999999765,22076
993,2020-04-30,50110670,2351.8788999999956,22110
994,2020-05-31,50110670,345.59309999999994,22167
995,2020-06-30,50110670,231.50619999999975,22164
996,2020-07-31,50110670,984.2434999999912,22233
997,2020-08-31,50110670,1036.5701999999856,22224
998,2020-09-30,50110670,1416.871599999992,22243
999,2020-10-31,50110670,482.89799999999684,22255
1000,2020-11-30,50110670,364.60350000000216,22313
1001,2020-12-31,50110670,745.8687999999904,22353
1002,2021-01-31,50110670,35.41170000000017,22383
1003,2021-02-28,50110670,291.59059999999727,22345
1004,2021-03-31,50110670,841.8561999999968,22290
1005,2021-04-30,50110670,314.27469999999795,22253
1006,2021-05-31,50110670,126.48009999999984,22307
1007,2021-06-30,50110670,264.8095000000004,22360
1008,2018-01-31,50110680,40426.20660000052,4305
1009,2018-02-28,50110680,35059.34970000006,4316
1010,2018-03-31,50110680,61700.7245999998,4402
1011,2018-04-30,50110680,50025.0709999993,4430
1012,2018-05-31,50110680,56628.477899999925,4459
1013,2018-06-30,50110680,36420.16919999954,4501
1014,2018-07-31,50110680,33263.68799999994,4539
1015,2018-08-31,50110680,41517.804900000105,4590
1016,2018-09-30,50110680,43397.73329999991,4638
1017,2018-10-31,50110680,43393.11420000026,4620
1018,2018-11-30,50110680,57838.942900000315,4629
1019,2018-12-31,50110680,63002.618700001294,4654
1020,2019-01-31,50110680,65376.25540000004,4683
1021,2019-02-28,50110680,81551.3826000015,4679
1022,2019-03-31,50110680,61055.62619999988,4698
1023,2019-04-30,50110680,57802.88719999948,4715
1024,2019-05-31,50110680,67044.57670000053,4737
1025,2019-06-30,50110680,65630.77699999952,4724
1026,2019-07-31,50110680,75762.80029999983,4737
1027,2019-08-31,50110680,86026.00389999915,4751
1028,2019-09-30,50110680,58798.253000000135,4720
1029,2019-10-31,50110680,64230.22150000018,4749
1030,2019-11-30,50110680,64290.35000000018,4731
1031,2019-12-31,50110680,71511.46500000046,4764
1032,2020-01-31,50110680,65220.675900000475,4770
1033,2020-02-29,50110680,17812.52999999993,4746
1034,2020-03-31,50110680,3202.3984999999884,4752
1035,2020-04-30,50110680,706.2325000000042,4767
1036,2020-05-31,50110680,167.10389999999728,4767
1037,2020-06-30,50110680,192.64219999999833,4789
1038,2020-07-31,50110680,429.16769999999485,4780
1039,2020-08-31,50110680,287.10619999999835,4765
1040,2020-09-30,50110680,227.11529999999777,4776
1041,2020-10-31,50110680,351.7408999999984,4780
1042,2020-11-30,50110680,316.77149999999466,4758
1043,2020-12-31,50110680,239.0646000000004,4746
1044,2021-01-31,50110680,96.2807,4740
1045,2021-02-28,50110680,139.73849999999925,4723
1046,2021-03-31,50110680,88.2539,4730
1047,2021-04-30,50110680,343.3449000000008,4732
1048,2021-05-31,50110680,133.7641000000003,4692
1049,2021-06-30,50110680,123.77410000000008,4675
1050,2018-01-31,50110690,103325.56859999977,3124
1051,2018-02-28,50110690,94725.42270000023,3134
1052,2018-03-31,50110690,118383.54620000128,3150
1053,2018-04-30,50110690,143119.20779999928,3133
1054,2018-05-31,50110690,160577.52120000144,3131
1055,2018-06-30,50110690,163720.17300000048,3150
1056,2018-07-31,50110690,218824.98600000166,3201
1057,2018-08-31,50110690,293229.61059999967,3210
1058,2018-09-30,50110690,246910.7216000022,3213
1059,2018-10-31,50110690,380033.55989999505,3253
1060,2018-11-30,50110690,354609.83250000066,3265
1061,2018-12-31,50110690,350728.41469999973,3257
1062,2019-01-31,50110690,364390.4902999998,3231
1063,2019-02-28,50110690,470769.9123999985,3240
1064,2019-03-31,50110690,405639.96459999774,3273
1065,2019-04-30,50110690,442873.48309999774,3279
1066,2019-05-31,50110690,489079.3428000009,3279
1067,2019-06-30,50110690,422785.95090000296,3298
1068,2019-07-31,50110690,475954.81540000485,3277
1069,2019-08-31,50110690,524794.355400004,3303
1070,2019-09-30,50110690,386215.0439000025,3296
1071,2019-10-31,50110690,410635.72809999797,3315
1072,2019-11-30,50110690,390059.27939999907,3307
1073,2019-12-31,50110690,406861.5581000009,3314
1074,2020-01-31,50110690,375997.9116999996,3330
1075,2020-02-29,50110690,52420.65210000058,3351
1076,2020-03-31,50110690,5387.049399999933,3327
1077,2020-04-30,50110690,2220.6320000000023,3336
1078,2020-05-31,50110690,127.82779999999923,3333
1079,2020-06-30,50110690,291.2793999999984,3352
1080,2020-07-31,50110690,757.2043999999939,3364
1081,2020-08-31,50110690,418.3602999999959,3350
1082,2020-09-30,50110690,305.06789999999745,3355
1083,2020-10-31,50110690,514.0392999999941,3355
1084,2020-11-30,50110690,865.4973000000033,3365
1085,2020-12-31,50110690,900.1336999999955,3367
1086,2021-01-31,50110690,74.90010000000008,3370
1087,2021-02-28,50110690,150.5692999999994,3362
1088,2021-03-31,50110690,490.59460000000684,3367
1089,2021-04-30,50110690,340.7604000000012,3381
1090,2021-05-31,50110690,83.54699999999995,3385
1091,2021-06-30,50110690,58.37160000000014,3403
1092,2018-01-31,50130250,41087.25770000101,22603
1093,2018-02-28,50130250,30702.342700000136,22630
1094,2018-03-31,50130250,77385.70570000076,22670
1095,2018-04-30,50130250,90099.65979999934,22720
1096,2018-05-31,50130250,69000.56410000005,22816
1097,2018-06-30,50130250,61410.48209999934,22772
1098,2018-07-31,50130250,29305.126599999898,22794
1099,2018-08-31,50130250,61669.174699999414,23187
1100,2018-09-30,50130250,36343.84610000027,23157
1101,2018-10-31,50130250,46791.43480000005,23131
1102,2018-11-30,50130250,59734.08080000062,23119
1103,2018-12-31,50130250,69836.15820000188,23094
1104,2019-01-31,50130250,50163.78289999999,23083
1105,2019-02-28,50130250,55913.64600000054,23084
1106,2019-03-31,50130250,74495.0986000003,23115
1107,2019-04-30,50130250,69379.46409999888,23155
1108,2019-05-31,50130250,82275.87280000135,23136
1109,2019-06-30,50130250,41371.65869999952,22964
1110,2019-07-31,50130250,43389.78109999949,22944
1111,2019-08-31,50130250,57993.44690000081,23221
1112,2019-09-30,50130250,46199.30620000068,23162
1113,2019-10-31,50130250,48992.597100000414,23132
1114,2019-11-30,50130250,38607.63500000045,23151
1115,2019-12-31,50130250,39740.99980000009,23105
1116,2020-01-31,50130250,46314.7951000003,23138
1117,2020-02-29,50130250,18775.85649999998,23112
1118,2020-03-31,50130250,12464.81269999984,23106
1119,2020-04-30,50130250,8853.288099999876,23078
1120,2020-05-31,50130250,1070.8794999999993,23053
1121,2020-06-30,50130250,823.1514000000107,22970
1122,2020-07-31,50130250,2155.032299999998,22959
1123,2020-08-31,50130250,3529.973200000017,23162
1124,2020-09-30,50130250,1825.435699999987,23263
1125,2020-10-31,50130250,709.3900999999938,23336
1126,2020-11-30,50130250,2558.335699999962,23428
1127,2020-12-31,50130250,2256.163199999981,23451
1128,2021-01-31,50130250,238.16389999999905,23503
1129,2021-02-28,50130250,230.41739999999925,23643
1130,2021-03-31,50130250,1293.4048999999836,23570
1131,2021-04-30,50130250,2144.6517000000104,23541
1132,2021-05-31,50130250,583.4409999999962,23597
1133,2021-06-30,50130250,1268.9939999999935,23530
1134,2018-01-31,50130253,255565.15989999857,19740
1135,2018-02-28,50130253,160098.5424999995,19777
1136,2018-03-31,50130253,167708.2054000022,19806
1137,2018-04-30,50130253,194940.54459999525,19836
1138,2018-05-31,50130253,222367.74300000028,19890
1139,2018-06-30,50130253,409692.21949999663,19930
1140,2018-07-31,50130253,293531.7650000009,19890
1141,2018-08-31,50130253,263867.1323000034,19877
1142,2018-09-30,50130253,452093.2837999959,19874
1143,2018-10-31,50130253,245423.27479999914,19831
1144,2018-11-30,50130253,187729.11449999863,19822
1145,2018-12-31,50130253,135609.04860000225,19778
1146,2019-01-31,50130253,145043.72419999805,19793
1147,2019-02-28,50130253,113166.03130000104,19782
1148,2019-03-31,50130253,112023.58470000092,19797
1149,2019-04-30,50130253,140697.21060000075,19856
1150,2019-05-31,50130253,131525.0270999997,19896
1151,2019-06-30,50130253,191646.4278999964,19915
1152,2019-07-31,50130253,201771.52610000008,19898
1153,2019-08-31,50130253,262651.5901000021,19908
1154,2019-09-30,50130253,274982.6139000036,19860
1155,2019-10-31,50130253,256645.67870000805,19801
1156,2019-11-30,50130253,349935.76959999726,19751
1157,2019-12-31,50130253,258049.90650000758,19707
1158,2020-01-31,50130253,169564.490200004,19662
1159,2020-02-29,50130253,78011.47800000093,19652
1160,2020-03-31,50130253,66315.92499999978,19615
1161,2020-04-30,50130253,51331.30460000038,19584
1162,2020-05-31,50130253,9718.20769999996,19515
1163,2020-06-30,50130253,12446.052900000059,19506
1164,2020-07-31,50130253,17790.22499999994,19505
1165,2020-08-31,50130253,21888.234500000162,19489
1166,2020-09-30,50130253,27327.206000000315,19463
1167,2020-10-31,50130253,31807.85860000026,19459
1168,2020-11-30,50130253,19014.52350000003,19472
1169,2020-12-31,50130253,28746.866299999863,19469
1170,2021-01-31,50130253,13940.488600000228,19452
1171,2021-02-28,50130253,10770.743300000098,19437
1172,2021-03-31,50130253,27479.690700000057,19384
1173,2021-04-30,50130253,27391.732699999997,19390
1174,2021-05-31,50130253,27889.318299999897,19356
1175,2021-06-30,50130253,30967.301999999854,19354
1176,2018-01-31,50130259,121699.65500000009,16913
1177,2018-02-28,50130259,114259.28259999967,16945
1178,2018-03-31,50130259,184019.24430000182,16951
1179,2018-04-30,50130259,204012.64229999768,16994
1180,2018-05-31,50130259,174966.80170000184,17024
1181,2018-06-30,50130259,219104.13779999968,17133
1182,2018-07-31,50130259,218702.0516999997,17150
1183,2018-08-31,50130259,260821.80569999813,17195
1184,2018-09-30,50130259,209129.17740000083,17250
1185,2018-10-31,50130259,280550.1250000002,17294
1186,2018-11-30,50130259,208562.96319999825,17251
1187,2018-12-31,50130259,209952.99950000303,17180
1188,2019-01-31,50130259,226104.38890000156,17162
1189,2019-02-28,50130259,242013.3973999981,17193
1190,2019-03-31,50130259,258110.85470000267,17201
1191,2019-04-30,50130259,294655.80060000176,17228
1192,2019-05-31,50130259,330434.0914999976,17237
1193,2019-06-30,50130259,287908.408499998,17266
1194,2019-07-31,50130259,306964.7792000029,17327
1195,2019-08-31,50130259,338727.0673999963,17369
1196,2019-09-30,50130259,263067.6124000016,17396
1197,2019-10-31,50130259,332298.40089999756,17388
1198,2019-11-30,50130259,222801.07310000173,17414
1199,2019-12-31,50130259,215772.73510000287,17338
1200,2020-01-31,50130259,198737.8798000054,17291
1201,2020-02-29,50130259,60748.69470000043,17225
1202,2020-03-31,50130259,17149.702299999804,17107
1203,2020-04-30,50130259,5816.140799999887,17042
1204,2020-05-31,50130259,1055.4803999999858,17023
1205,2020-06-30,50130259,1292.0571000000016,17026
1206,2020-07-31,50130259,2054.8672000000083,17000
1207,2020-08-31,50130259,3021.2897999999855,17014
1208,2020-09-30,50130259,3105.8313999999978,16989
1209,2020-10-31,50130259,1686.6775000000084,16968
1210,2020-11-30,50130259,1891.8291000000102,16975
1211,2020-12-31,50130259,4543.416999999946,17072
1212,2021-01-31,50130259,805.4831000000048,17053
1213,2021-02-28,50130259,660.825399999993,17053
1214,2021-03-31,50130259,1213.5639999999953,17046
1215,2021-04-30,50130259,2011.8816000000036,16999
1216,2021-05-31,50130259,1936.604100000014,16973
1217,2021-06-30,50130259,1795.5842999999902,16972
1218,2018-01-31,50130310,110446.49949999986,11984
1219,2018-02-28,50130310,109912.2990999999,12078
1220,2018-03-31,50130310,390327.1631000016,12128
1221,2018-04-30,50130310,274568.5758999975,12226
1222,2018-05-31,50130310,303846.7355999998,12279
1223,2018-06-30,50130310,274051.2358999984,12307
1224,2018-07-31,50130310,394717.23179999774,12392
1225,2018-08-31,50130310,566628.4966999952,12473
1226,2018-09-30,50130310,234018.93170000098,12564
1227,2018-10-31,50130310,313005.2815999999,12564
1228,2018-11-30,50130310,247104.65369999822,12564
1229,2018-12-31,50130310,349656.26719999587,12537
1230,2019-01-31,50130310,183637.5108,12523
1231,2019-02-28,50130310,232870.32190000077,12509
1232,2019-03-31,50130310,245742.0245000014,12488
1233,2019-04-30,50130310,285762.4284000024,12531
1234,2019-05-31,50130310,392833.6350999931,12567
1235,2019-06-30,50130310,434399.43140000047,12613
1236,2019-07-31,50130310,456072.20089999965,12653
1237,2019-08-31,50130310,567228.9067999993,12698
1238,2019-09-30,50130310,319119.60900000035,12749
1239,2019-10-31,50130310,473865.14319999336,12702
1240,2019-11-30,50130310,351179.5685999955,12714
1241,2019-12-31,50130310,376156.12979999656,12711
1242,2020-01-31,50130310,286205.37110000156,12758
1243,2020-02-29,50130310,86329.55080000062,12738
1244,2020-03-31,50130310,18346.22910000024,12674
1245,2020-04-30,50130310,6574.103999999966,12622
1246,2020-05-31,50130310,707.3056999999934,12616
1247,2020-06-30,50130310,1102.0395000000121,12549
1248,2020-07-31,50130310,5343.721400000014,12563
1249,2020-08-31,50130310,5322.927000000024,12566
1250,2020-09-30,50130310,4452.140899999983,12581
1251,2020-10-31,50130310,4314.907300000024,12513
1252,2020-11-30,50130310,2785.761699999971,12518
1253,2020-12-31,50130310,4047.352199999947,12523
1254,2021-01-31,50130310,1434.8843999999908,12568
1255,2021-02-28,50130310,1645.0648999999983,12578
1256,2021-03-31,50130310,2976.3806999999324,12620
1257,2021-04-30,50130310,2653.3532999999643,12640
1258,2021-05-31,50130310,2327.555199999998,12674
1259,2021-06-30,50130310,2470.5642000000325,12714
1260,2018-01-31,50130320,45499.38170000136,12662
1261,2018-02-28,50130320,41273.55529999952,12683
1262,2018-03-31,50130320,68725.71309999966,12681
1263,2018-04-30,50130320,85377.67669999944,12716
1264,2018-05-31,50130320,83519.09789999963,12735
1265,2018-06-30,50130320,109730.14659999801,12753
1266,2018-07-31,50130320,116736.61560000172,12800
1267,2018-08-31,50130320,110484.15129999975,12786
1268,2018-09-30,50130320,117763.26540000051,12799
1269,2018-10-31,50130320,142824.0300000012,12856
1270,2018-11-30,50130320,124561.39540000084,12836
1271,2018-12-31,50130320,126133.99150000217,12824
1272,2019-01-31,50130320,108150.15339999895,12777
1273,2019-02-28,50130320,88025.75020000094,12766
1274,2019-03-31,50130320,123577.03010000047,12769
1275,2019-04-30,50130320,135932.90259999962,12781
1276,2019-05-31,50130320,133919.1146999989,12797
1277,2019-06-30,50130320,125768.73090000103,12808
1278,2019-07-31,50130320,120000.56549999976,12799
1279,2019-08-31,50130320,123917.054400001,12763
1280,2019-09-30,50130320,116924.28400000093,12775
1281,2019-10-31,50130320,137358.75160000045,12753
1282,2019-11-30,50130320,117591.7589000007,12761
1283,2019-12-31,50130320,129852.82550000104,12722
1284,2020-01-31,50130320,90362.26379999986,12685
1285,2020-02-29,50130320,26968.94470000033,12689
1286,2020-03-31,50130320,11846.994399999681,12687
1287,2020-04-30,50130320,9262.182999999824,12706
1288,2020-05-31,50130320,948.5377999999909,12677
1289,2020-06-30,50130320,809.9267000000068,12671
1290,2020-07-31,50130320,1256.8717999999978,12681
1291,2020-08-31,50130320,1716.2594000000038,12695
1292,2020-09-30,50130320,1545.734299999998,12727
1293,2020-10-31,50130320,1707.788199999988,12722
1294,2020-11-30,50130320,2060.2052999999837,12707
1295,2020-12-31,50130320,2253.749699999978,12691
1296,2021-01-31,50130320,958.7424999999874,12700
1297,2021-02-28,50130320,622.8605999999975,12719
1298,2021-03-31,50130320,1745.427899999996,12663
1299,2021-04-30,50130320,2157.8419000000044,12684
1300,2021-05-31,50130320,2108.58769999999,12676
1301,2021-06-30,50130320,2578.970800000013,12681
1302,2018-01-31,50130510,6866.782700000086,4978
1303,2018-02-28,50130510,9147.409500000058,4995
1304,2018-03-31,50130510,11104.555599999821,4988
1305,2018-04-30,50130510,18847.868299999944,4966
1306,2018-05-31,50130510,20190.478799999873,4949
1307,2018-06-30,50130510,24745.891499999852,4951
1308,2018-07-31,50130510,29259.629699999885,4958
1309,2018-08-31,50130510,29778.44090000009,4973
1310,2018-09-30,50130510,35064.039099999914,5003
1311,2018-10-31,50130510,35455.55480000022,5012
1312,2018-11-30,50130510,24943.903400000043,5026
1313,2018-12-31,50130510,21761.321499999805,5027
1314,2019-01-31,50130510,12989.192500000176,4979
1315,2019-02-28,50130510,13727.140700000042,4966
1316,2019-03-31,50130510,14902.639399999865,4920
1317,2019-04-30,50130510,25145.83540000037,4915
1318,2019-05-31,50130510,35278.30830000017,4896
1319,2019-06-30,50130510,26289.172399999694,4901
1320,2019-07-31,50130510,30350.907999999952,4885
1321,2019-08-31,50130510,34777.12809999983,4897
1322,2019-09-30,50130510,27645.122099999975,4876
1323,2019-10-31,50130510,31690.52909999966,4874
1324,2019-11-30,50130510,20679.64229999998,4868
1325,2019-12-31,50130510,15429.229499999776,4893
1326,2020-01-31,50130510,17739.791399999795,4871
1327,2020-02-29,50130510,6596.456600000021,4868
1328,2020-03-31,50130510,2883.8391000000083,4841
1329,2020-04-30,50130510,1653.8224000000125,4813
1330,2020-05-31,50130510,233.7968000000009,4778
1331,2020-06-30,50130510,270.6491000000007,4778
1332,2020-07-31,50130510,413.3049999999955,4727
1333,2020-08-31,50130510,64.10559999999991,4724
1334,2020-09-30,50130510,185.97080000000003,4721
1335,2020-10-31,50130510,314.0294999999964,4665
1336,2020-11-30,50130510,208.28060000000062,4658
1337,2020-12-31,50130510,765.0859999999952,4658
1338,2021-01-31,50130510,100.92480000000181,4623
1339,2021-02-28,50130510,17.94790000000003,4583
1340,2021-03-31,50130510,458.1988000000031,4523
1341,2021-04-30,50130510,131.59239999999937,4518
1342,2021-05-31,50130510,223.52969999999988,4505
1343,2021-06-30,50130510,534.899600000008,4510
1344,2018-01-31,50130520,38030.06650000078,2557
1345,2018-02-28,50130520,57265.794900000066,2543
1346,2018-03-31,50130520,55250.316899999634,2530
1347,2018-04-30,50130520,72810.5055999994,2522
1348,2018-05-31,50130520,60732.70110000019,2536
1349,2018-06-30,50130520,93105.26719999974,2525
1350,2018-07-31,50130520,101447.40830000184,2504
1351,2018-08-31,50130520,121740.28169999995,2488
1352,2018-09-30,50130520,88156.43629999972,2467
1353,2018-10-31,50130520,163356.2828000018,2456
1354,2018-11-30,50130520,75861.75710000019,2444
1355,2018-12-31,50130520,68379.13470000065,2444
1356,2019-01-31,50130520,65417.188199999524,2458
1357,2019-02-28,50130520,81537.85370000027,2441
1358,2019-03-31,50130520,67606.34229999973,2443
1359,2019-04-30,50130520,91993.58560000027,2436
1360,2019-05-31,50130520,95682.12649999965,2443
1361,2019-06-30,50130520,137983.60299999968,2448
1362,2019-07-31,50130520,100496.81180000014,2439
1363,2019-08-31,50130520,98653.78710000172,2424
1364,2019-09-30,50130520,93159.0177000001,2406
1365,2019-10-31,50130520,120644.01560000019,2419
1366,2019-11-30,50130520,88602.01990000013,2417
1367,2019-12-31,50130520,82607.2548000014,2399
1368,2020-01-31,50130520,72658.94580000009,2381
1369,2020-02-29,50130520,21303.511499999586,2385
1370,2020-03-31,50130520,7412.08949999995,2366
1371,2020-04-30,50130520,3775.8239999999473,2362
1372,2020-05-31,50130520,70.95419999999955,2352
1373,2020-06-30,50130520,263.6694999999989,2364
1374,2020-07-31,50130520,254.9431999999955,2358
1375,2020-08-31,50130520,121.8145999999994,2337
1376,2020-09-30,50130520,503.00419999999417,2336
1377,2020-10-31,50130520,300.86929999999967,2330
1378,2020-11-30,50130520,175.7927000000006,2322
1379,2020-12-31,50130520,453.660400000003,2315
1380,2021-01-31,50130520,215.7082999999971,2302
1381,2021-02-28,50130520,114.7145000000001,2277
1382,2021-03-31,50130520,480.1349000000023,2239
1383,2021-04-30,50130520,551.1558999999971,2240
1384,2021-05-31,50130520,117.64629999999966,2249
1385,2021-06-30,50130520,848.5977999999973,2244
1386,2018-01-31,50130530,13393.754000000059,4106
1387,2018-02-28,50130530,13934.852300000053,4070
1388,2018-03-31,50130530,20653.22449999997,4046
1389,2018-04-30,50130530,19609.867299999743,4048
1390,2018-05-31,50130530,18791.408000000123,4044
1391,2018-06-30,50130530,23742.635300000104,4044
1392,2018-07-31,50130530,27270.664699999776,4046
1393,2018-08-31,50130530,28648.308300000153,4020
1394,2018-09-30,50130530,30175.97220000026,4032
1395,2018-10-31,50130530,46075.79169999992,4024
1396,2018-11-30,50130530,30250.797200000074,4007
1397,2018-12-31,50130530,30736.599899999772,3984
1398,2019-01-31,50130530,26226.645399999466,3951
1399,2019-02-28,50130530,27251.655500000044,3949
1400,2019-03-31,50130530,30000.04770000015,3944
1401,2019-04-30,50130530,23173.340600000123,3947
1402,2019-05-31,50130530,30692.88069999977,3916
1403,2019-06-30,50130530,31823.04369999985,3905
1404,2019-07-31,50130530,30628.93090000004,3902
1405,2019-08-31,50130530,22916.154999999613,3881
1406,2019-09-30,50130530,21688.33179999982,3851
1407,2019-10-31,50130530,28408.73710000008,3850
1408,2019-11-30,50130530,23607.696899999995,3822
1409,2019-12-31,50130530,19405.74119999986,3798
1410,2020-01-31,50130530,19929.83969999978,3770
1411,2020-02-29,50130530,8569.759999999864,3760
1412,2020-03-31,50130530,6321.6480999999885,3730
1413,2020-04-30,50130530,3772.4718999999814,3727
1414,2020-05-31,50130530,214.6267000000005,3730
1415,2020-06-30,50130530,283.2987999999999,3710
1416,2020-07-31,50130530,305.68569999999715,3691
1417,2020-08-31,50130530,150.60750000000118,3676
1418,2020-09-30,50130530,103.5193000000002,3665
1419,2020-10-31,50130530,169.93530000000015,3642
1420,2020-11-30,50130530,288.69439999999923,3610
1421,2020-12-31,50130530,118.73980000000063,3592
1422,2021-01-31,50130530,29.572500000000066,3576
1423,2021-02-28,50130530,58.23130000000021,3538
1424,2021-03-31,50130530,234.1883000000007,3476
1425,2021-04-30,50130530,197.0727000000005,3456
1426,2021-05-31,50130530,221.54430000000175,3445
1427,2021-06-30,50130530,237.0342000000016,3430
1428,2018-01-31,50130540,17593.71150000003,3643
1429,2018-02-28,50130540,23397.24949999997,3634
1430,2018-03-31,50130540,25318.228399999865,3629
1431,2018-04-30,50130540,30389.47439999971,3626
1432,2018-05-31,50130540,31210.028400000174,3671
1433,2018-06-30,50130540,42911.30629999967,3665
1434,2018-07-31,50130540,52288.63619999868,3665
1435,2018-08-31,50130540,54319.27429999971,3676
1436,2018-09-30,50130540,46242.76249999969,3680
1437,2018-10-31,50130540,58457.944100000124,3682
1438,2018-11-30,50130540,39623.09510000051,3679
1439,2018-12-31,50130540,34860.07230000024,3688
1440,2019-01-31,50130540,36039.08579999907,3669
1441,2019-02-28,50130540,44248.11660000041,3687
1442,2019-03-31,50130540,36273.33109999987,3706
1443,2019-04-30,50130540,55688.6534999994,3738
1444,2019-05-31,50130540,51251.359000001175,3730
1445,2019-06-30,50130540,53072.56219999916,3721
1446,2019-07-31,50130540,48455.7912999998,3719
1447,2019-08-31,50130540,49490.46730000015,3700
1448,2019-09-30,50130540,40788.1321000002,3677
1449,2019-10-31,50130540,59005.84060000015,3678
1450,2019-11-30,50130540,46830.02990000052,3665
1451,2019-12-31,50130540,41052.07850000002,3656
1452,2020-01-31,50130540,36488.41490000012,3669
1453,2020-02-29,50130540,11674.16539999986,3645
1454,2020-03-31,50130540,3624.9967999999467,3652
1455,2020-04-30,50130540,1663.00360000001,3652
1456,2020-05-31,50130540,101.09089999999986,3661
1457,2020-06-30,50130540,50.01160000000012,3674
1458,2020-07-31,50130540,120.79050000000021,3666
1459,2020-08-31,50130540,26.455899999999968,3669
1460,2020-09-30,50130540,245.83870000000093,3645
1461,2020-10-31,50130540,350.92999999999444,3636
1462,2020-11-30,50130540,81.82720000000039,3633
1463,2020-12-31,50130540,104.00430000000028,3636
1464,2021-01-31,50130540,52.59940000000027,3625
1465,2021-02-28,50130540,14.1003,3612
1466,2021-03-31,50130540,212.49850000000123,3571
1467,2021-04-30,50130540,203.6758000000004,3562
1468,2021-05-31,50130540,91.28709999999987,3591
1469,2021-06-30,50130540,145.63250000000062,3581
1470,2018-01-31,50130550,6418.45450000006,5407
1471,2018-02-28,50130550,3211.0124999999903,5401
1472,2018-03-31,50130550,3483.7754000000446,5399
1473,2018-04-30,50130550,6585.726899999926,5394
1474,2018-05-31,50130550,2775.7892999999835,5402
1475,2018-06-30,50130550,3209.699399999997,5403
1476,2018-07-31,50130550,4296.469600000005,5417
1477,2018-08-31,50130550,7990.357300000048,5424
1478,2018-09-30,50130550,8867.314500000062,5417
1479,2018-10-31,50130550,11321.092299999902,5386
1480,2018-11-30,50130550,9571.11980000004,5372
1481,2018-12-31,50130550,13009.412400000052,5365
1482,2019-01-31,50130550,10683.795100000136,5365
1483,2019-02-28,50130550,6398.325300000101,5377
1484,2019-03-31,50130550,6127.422599999984,5390
1485,2019-04-30,50130550,6431.648900000033,5370
1486,2019-05-31,50130550,10192.455899999866,5367
1487,2019-06-30,50130550,4828.707200000055,5370
1488,2019-07-31,50130550,8654.107600000012,5373
1489,2019-08-31,50130550,10954.131499999996,5382
1490,2019-09-30,50130550,8836.744499999932,5380
1491,2019-10-31,50130550,16977.52999999978,5386
1492,2019-11-30,50130550,11408.24599999978,5377
1493,2019-12-31,50130550,6363.9909999999345,5366
1494,2020-01-31,50130550,6431.310099999989,5359
1495,2020-02-29,50130550,2645.346200000008,5344
1496,2020-03-31,50130550,2085.2764000000166,5361
1497,2020-04-30,50130550,1553.4959000000113,5346
1498,2020-05-31,50130550,85.53679999999989,5325
1499,2020-06-30,50130550,22.817299999999985,5328
1500,2020-07-31,50130550,49.86870000000004,5335
1501,2020-08-31,50130550,136.1116000000005,5328
1502,2020-09-30,50130550,72.23970000000004,5325
1503,2020-10-31,50130550,36.655699999999946,5318
1504,2020-11-30,50130550,47.14540000000006,5308
1505,2020-12-31,50130550,73.69730000000033,5324
1506,2021-01-31,50130550,10.27059999999999,5339
1507,2021-02-28,50130550,81.34380000000007,5354
1508,2021-03-31,50130550,213.10289999999958,5323
1509,2021-04-30,50130550,193.82680000000022,5326
1510,2021-05-31,50130550,371.9670000000007,5326
1511,2021-06-30,50130550,204.75020000000117,5314
1512,2018-01-31,50130560,19949.843,5337
1513,2018-02-28,50130560,17927.432599999982,5342
1514,2018-03-31,50130560,12093.584399999838,5338
1515,2018-04-30,50130560,23082.65590000002,5361
1516,2018-05-31,50130560,15325.039800000193,5381
1517,2018-06-30,50130560,24265.43340000014,5377
1518,2018-07-31,50130560,19129.300700000145,5410
1519,2018-08-31,50130560,18605.329299999994,5431
1520,2018-09-30,50130560,21946.33970000004,5431
1521,2018-10-31,50130560,51635.674400000455,5448
1522,2018-11-30,50130560,31715.568699999836,5454
1523,2018-12-31,50130560,66673.9985000008,5478
1524,2019-01-31,50130560,79887.99369999948,5477
1525,2019-02-28,50130560,60691.75720000026,5505
1526,2019-03-31,50130560,54307.43829999953,5513
1527,2019-04-30,50130560,85391.33800000016,5513
1528,2019-05-31,50130560,90659.5851999998,5526
1529,2019-06-30,50130560,110843.45569999996,5565
1530,2019-07-31,50130560,68716.26589999952,5574
1531,2019-08-31,50130560,63294.88269999967,5575
1532,2019-09-30,50130560,63206.93370000009,5556
1533,2019-10-31,50130560,86132.85900000126,5545
1534,2019-11-30,50130560,57787.974299999885,5543
1535,2019-12-31,50130560,43467.09380000023,5485
1536,2020-01-31,50130560,40575.3463,5495
1537,2020-02-29,50130560,18902.809300000063,5471
1538,2020-03-31,50130560,14045.672599999825,5481
1539,2020-04-30,50130560,16149.534999999792,5469
1540,2020-05-31,50130560,1994.159499999985,5439
1541,2020-06-30,50130560,3602.030899999975,5414
1542,2020-07-31,50130560,3529.796000000064,5403
1543,2020-08-31,50130560,4742.315100000006,5381
1544,2020-09-30,50130560,6715.255999999975,5367
1545,2020-10-31,50130560,8450.770700000026,5363
1546,2020-11-30,50130560,6221.237700000072,5380
1547,2020-12-31,50130560,7500.124299999977,5371
1548,2021-01-31,50130560,3270.546699999966,5346
1549,2021-02-28,50130560,2212.49410000001,5348
1550,2021-03-31,50130560,3687.381299999955,5329
1551,2021-04-30,50130560,5207.930999999954,5314
1552,2021-05-31,50130560,7102.90209999996,5293
1553,2021-06-30,50130560,3376.089700000035,5301
1554,2018-01-31,50130570,29677.550000000294,23959
1555,2018-02-28,50130570,47740.01940000008,23982
1556,2018-03-31,50130570,27105.826999999885,23963
1557,2018-04-30,50130570,37781.09229999962,23960
1558,2018-05-31,50130570,31175.412900000345,23948
1559,2018-06-30,50130570,42993.70199999988,23994
1560,2018-07-31,50130570,61023.67009999952,24033
1561,2018-08-31,50130570,79994.19039999979,24053
1562,2018-09-30,50130570,60394.567499999066,24110
1563,2018-10-31,50130570,95262.22890000175,24124
1564,2018-11-30,50130570,69669.40820000038,24164
1565,2018-12-31,50130570,76494.92400000199,24163
1566,2019-01-31,50130570,64525.82140000069,24170
1567,2019-02-28,50130570,75704.9960000004,24165
1568,2019-03-31,50130570,52449.157399999625,24138
1569,2019-04-30,50130570,54136.93009999941,24121
1570,2019-05-31,50130570,75253.41670000124,24151
1571,2019-06-30,50130570,73151.51159999918,24185
1572,2019-07-31,50130570,93833.59599999979,24159
1573,2019-08-31,50130570,101545.02120000009,24227
1574,2019-09-30,50130570,76157.29370000015,24301
1575,2019-10-31,50130570,82439.9491999995,24334
1576,2019-11-30,50130570,75146.56890000039,24380
1577,2019-12-31,50130570,99354.42179999963,24389
1578,2020-01-31,50130570,63260.9117000002,24408
1579,2020-02-29,50130570,36758.50720000029,24406
1580,2020-03-31,50130570,8594.893199999951,24432
1581,2020-04-30,50130570,6157.272300000065,24418
1582,2020-05-31,50130570,380.8584000000024,24400
1583,2020-06-30,50130570,634.3792000000057,24368
1584,2020-07-31,50130570,1003.6019999999913,24389
1585,2020-08-31,50130570,1321.5439000000003,24352
1586,2020-09-30,50130570,1415.3836999999767,24365
1587,2020-10-31,50130570,1931.467699999992,24280
1588,2020-11-30,50130570,962.9188000000045,24237
1589,2020-12-31,50130570,1191.6483999999864,24222
1590,2021-01-31,50130570,314.56469999999774,24166
1591,2021-02-28,50130570,437.83749999999594,24170
1592,2021-03-31,50130570,869.6610999999923,24145
1593,2021-04-30,50130570,665.9662999999891,24104
1594,2021-05-31,50130570,1084.3049999999994,24111
1595,2021-06-30,50130570,1918.93400000001,24097
1596,2018-01-31,50130580,132827.07229999977,10764
1597,2018-02-28,50130580,108938.8103000002,10789
1598,2018-03-31,50130580,168196.63130000271,10794
1599,2018-04-30,50130580,105402.01640000043,10767
1600,2018-05-31,50130580,101567.16479999936,10769
1601,2018-06-30,50130580,102068.16209999975,10766
1602,2018-07-31,50130580,5544.102200000032,10759
1603,2018-08-31,50130580,10095.34380000011,10744
1604,2018-09-30,50130580,27284.584400000338,10755
1605,2018-10-31,50130580,29610.134699999864,10751
1606,2018-11-30,50130580,21812.42060000011,10721
1607,2018-12-31,50130580,184114.23750000075,10697
1608,2019-01-31,50130580,177326.62120000154,10647
1609,2019-02-28,50130580,128448.13540000141,10616
1610,2019-03-31,50130580,256301.7073999965,10588
1611,2019-04-30,50130580,223596.74790000293,10590
1612,2019-05-31,50130580,91507.75809999941,10605
1613,2019-06-30,50130580,367882.7077999977,10624
1614,2019-07-31,50130580,321148.96210000274,10626
1615,2019-08-31,50130580,354266.2761000047,10607
1616,2019-09-30,50130580,462391.46940000076,10572
1617,2019-10-31,50130580,663203.498599985,10546
1618,2019-11-30,50130580,606364.5881999856,10562
1619,2019-12-31,50130580,516051.6289999879,10559
1620,2020-01-31,50130580,301023.4512999981,10606
1621,2020-02-29,50130580,111535.23530000108,10590
1622,2020-03-31,50130580,198806.41080000345,10570
1623,2020-04-30,50130580,170575.26250000327,10539
1624,2020-05-31,50130580,11984.469099999935,10555
1625,2020-06-30,50130580,10022.262400000003,10535
1626,2020-07-31,50130580,14475.346699999825,10532
1627,2020-08-31,50130580,31980.76380000021,10555
1628,2020-09-30,50130580,44458.811100000225,10556
1629,2020-10-31,50130580,46842.82400000003,10675
1630,2020-11-30,50130580,29849.301299999737,10710
1631,2020-12-31,50130580,17140.88830000001,10746
1632,2021-01-31,50130580,4392.756599999978,10874
1633,2021-02-28,50130580,2948.2726999999973,10900
1634,2021-03-31,50130580,6916.0741999999,10878
1635,2021-04-30,50130580,3433.7090999999696,10937
1636,2021-05-31,50130580,3283.581299999924,10973
1637,2021-06-30,50130580,2814.09870000001,11054
1638,2018-01-31,50130590,42826.87630000108,13651
1639,2018-02-28,50130590,46550.894999999924,13699
1640,2018-03-31,50130590,59130.63469999996,13851
1641,2018-04-30,50130590,65424.711299999435,13870
1642,2018-05-31,50130590,62244.40960000004,13920
1643,2018-06-30,50130590,87537.70719999885,13957
1644,2018-07-31,50130590,69828.72219999894,14038
1645,2018-08-31,50130590,98367.86229999996,14058
1646,2018-09-30,50130590,71894.49909999954,14101
1647,2018-10-31,50130590,238230.99129999714,14127
1648,2018-11-30,50130590,63362.81080000051,14148
1649,2018-12-31,50130590,63447.3966000006,14156
1650,2019-01-31,50130590,58875.46179999979,14353
1651,2019-02-28,50130590,70496.32600000063,14480
1652,2019-03-31,50130590,80047.02519999981,14540
1653,2019-04-30,50130590,84202.82599999972,14556
1654,2019-05-31,50130590,102205.31240000091,14574
1655,2019-06-30,50130590,114391.73249999966,14552
1656,2019-07-31,50130590,115760.39759999963,14569
1657,2019-08-31,50130590,120733.88310000043,14560
1658,2019-09-30,50130590,103243.88160000129,14579
1659,2019-10-31,50130590,173237.46180000124,14595
1660,2019-11-30,50130590,131549.79110000053,14611
1661,2019-12-31,50130590,148867.37830000144,14657
1662,2020-01-31,50130590,78985.59980000003,14692
1663,2020-02-29,50130590,24952.748300000298,14713
1664,2020-03-31,50130590,8672.842499999948,14678
1665,2020-04-30,50130590,5041.536199999953,14674
1666,2020-05-31,50130590,484.4176000000024,14675
1667,2020-06-30,50130590,613.0609000000023,14725
1668,2020-07-31,50130590,1609.2437000000298,14750
1669,2020-08-31,50130590,1469.0133000000062,14770
1670,2020-09-30,50130590,1189.1597999999935,14780
1671,2020-10-31,50130590,721.511499999991,14831
1672,2020-11-30,50130590,747.8573999999991,14854
1673,2020-12-31,50130590,2122.3407999999686,14963
1674,2021-01-31,50130590,539.9404999999948,15022
1675,2021-02-28,50130590,829.3087000000017,15097
1676,2021-03-31,50130590,1289.621499999985,15146
1677,2021-04-30,50130590,1126.547400000003,15223
1678,2021-05-31,50130590,1558.57819999999,15239
1679,2021-06-30,50130590,1913.3591000000058,15277
1680,2018-01-31,50130600,16351.909900000051,13404
1681,2018-02-28,50130600,15406.970099999957,13496
1682,2018-03-31,50130600,32541.65509999995,13592
1683,2018-04-30,50130600,32733.707400000018,13596
1684,2018-05-31,50130600,23578.449500000104,13597
1685,2018-06-30,50130600,29548.368699999854,13597
1686,2018-07-31,50130600,26921.321400000077,13754
1687,2018-08-31,50130600,41966.02849999986,13767
1688,2018-09-30,50130600,28358.84540000012,13811
1689,2018-10-31,50130600,267808.53819999826,13877
1690,2018-11-30,50130600,36183.58029999999,13872
1691,2018-12-31,50130600,31336.124199999875,13930
1692,2019-01-31,50130600,27045.511199999608,13916
1693,2019-02-28,50130600,24482.30320000033,13864
1694,2019-03-31,50130600,59728.77659999924,13891
1695,2019-04-30,50130600,50215.216199999726,13883
1696,2019-05-31,50130600,56759.47500000131,13886
1697,2019-06-30,50130600,50181.722899998254,13950
1698,2019-07-31,50130600,36727.01270000005,13956
1699,2019-08-31,50130600,38507.715,13992
1700,2019-09-30,50130600,29611.825999999895,14034
1701,2019-10-31,50130600,44622.9974999995,14032
1702,2019-11-30,50130600,37592.761400000156,13996
1703,2019-12-31,50130600,49037.509300000536,14010
1704,2020-01-31,50130600,35213.903899999976,13980
1705,2020-02-29,50130600,12668.060599999813,14014
1706,2020-03-31,50130600,4183.251200000002,13974
1707,2020-04-30,50130600,4009.6552999999817,14054
1708,2020-05-31,50130600,327.65460000000434,14027
1709,2020-06-30,50130600,367.19459999999646,14022
1710,2020-07-31,50130600,394.37519999999625,14020
1711,2020-08-31,50130600,860.5772999999905,14027
1712,2020-09-30,50130600,938.8464999999995,14014
1713,2020-10-31,50130600,767.807499999994,14088
1714,2020-11-30,50130600,1142.8725999999901,14183
1715,2020-12-31,50130600,789.4688000000001,14110
1716,2021-01-31,50130600,263.89769999999817,14083
1717,2021-02-28,50130600,261.6408999999965,14090
1718,2021-03-31,50130600,774.6289999999987,14048
1719,2021-04-30,50130600,630.323799999992,14065
1720,2021-05-31,50130600,3240.863000000008,14092
1721,2021-06-30,50130600,644.6276000000022,14046
1722,2018-01-31,50130610,34315.62810000058,10975
1723,2018-02-28,50130610,28757.232900000014,11036
1724,2018-03-31,50130610,72655.49409999969,11085
1725,2018-04-30,50130610,51933.62409999892,11145
1726,2018-05-31,50130610,49558.76859999987,11193
1727,2018-06-30,50130610,61344.6695999991,11275
1728,2018-07-31,50130610,79648.51110000013,11369
1729,2018-08-31,50130610,111374.31880000018,11397
1730,2018-09-30,50130610,67709.00229999902,11446
1731,2018-10-31,50130610,102965.05710000194,11437
1732,2018-11-30,50130610,217433.2726999984,11456
1733,2018-12-31,50130610,153810.99360000077,11482
1734,2019-01-31,50130610,128810.79809999892,11470
1735,2019-02-28,50130610,116328.79770000068,11453
1736,2019-03-31,50130610,147611.03119999944,11473
1737,2019-04-30,50130610,173039.17310000252,11499
1738,2019-05-31,50130610,178167.13709999688,11555
1739,2019-06-30,50130610,267278.345299999,11583
1740,2019-07-31,50130610,182318.5807999996,11609
1741,2019-08-31,50130610,212688.93830000143,11594
1742,2019-09-30,50130610,144893.27350000135,11579
1743,2019-10-31,50130610,145555.25590000104,11567
1744,2019-11-30,50130610,150389.9267000018,11623
1745,2019-12-31,50130610,151733.3122000024,11665
1746,2020-01-31,50130610,135012.94620000094,11693
1747,2020-02-29,50130610,40374.54689999997,11697
1748,2020-03-31,50130610,32275.183400000107,11701
1749,2020-04-30,50130610,26157.83580000011,11713
1750,2020-05-31,50130610,3396.530900000044,11780
1751,2020-06-30,50130610,4424.327399999946,11824
1752,2020-07-31,50130610,7469.139200000094,11841
1753,2020-08-31,50130610,8407.494600000018,11879
1754,2020-09-30,50130610,9358.318700000027,11895
1755,2020-10-31,50130610,12525.327300000208,11858
1756,2020-11-30,50130610,6811.898099999983,11848
1757,2020-12-31,50130610,8038.933199999971,11877
1758,2021-01-31,50130610,3133.3264999999938,11830
1759,2021-02-28,50130610,2335.6206999999913,11829
1760,2021-03-31,50130610,3800.89579999995,11834
1761,2021-04-30,50130610,5416.054199999936,11876
1762,2021-05-31,50130610,4546.601799999962,11865
1763,2021-06-30,50130610,4019.039900000048,11868
1764,2018-01-31,50130620,112686.92799999852,4076
1765,2018-02-28,50130620,186458.2482999989,4096
1766,2018-03-31,50130620,173117.49859999973,4123
1767,2018-04-30,50130620,211606.9275999971,4167
1768,2018-05-31,50130620,199257.67120000068,4193
1769,2018-06-30,50130620,235714.60289999662,4234
1770,2018-07-31,50130620,368921.31879999966,4254
1771,2018-08-31,50130620,499581.9302000008,4302
1772,2018-09-30,50130620,267309.93859999994,4333
1773,2018-10-31,50130620,456168.31769999745,4368
1774,2018-11-30,50130620,272172.0308000018,4397
1775,2018-12-31,50130620,144677.94710000037,4414
1776,2019-01-31,50130620,148938.34139999852,4421
1777,2019-02-28,50130620,235985.97139999934,4401
1778,2019-03-31,50130620,188038.41820000185,4406
1779,2019-04-30,50130620,280060.69380000175,4382
1780,2019-05-31,50130620,341486.6910999946,4364
1781,2019-06-30,50130620,342307.36490000127,4342
1782,2019-07-31,50130620,358818.1574999969,4352
1783,2019-08-31,50130620,422029.319,4331
1784,2019-09-30,50130620,245119.89890000212,4324
1785,2019-10-31,50130620,287764.11060000054,4295
1786,2019-11-30,50130620,167242.19660000148,4280
1787,2019-12-31,50130620,148444.62750000274,4247
1788,2020-01-31,50130620,145413.90120000183,4260
1789,2020-02-29,50130620,35945.336700000225,4259
1790,2020-03-31,50130620,4367.332499999983,4235
1791,2020-04-30,50130620,3809.6002999999437,4223
1792,2020-05-31,50130620,470.870600000001,4197
1793,2020-06-30,50130620,959.7448000000127,4208
1794,2020-07-31,50130620,1312.91599999999,4212
1795,2020-08-31,50130620,1591.5189999999936,4203
1796,2020-09-30,50130620,1053.2234000000037,4199
1797,2020-10-31,50130620,1641.3893000000028,4197
1798,2020-11-30,50130620,1294.4399999999944,4201
1799,2020-12-31,50130620,1719.3915,4200
1800,2021-01-31,50130620,375.10249999999695,4192
1801,2021-02-28,50130620,280.6159000000012,4173
1802,2021-03-31,50130620,1475.8403999999794,4178
1803,2021-04-30,50130620,1283.0997000000127,4161
1804,2021-05-31,50130620,1212.2651999999985,4178
1805,2021-06-30,50130620,1194.0626999999838,4152
