base_date,emd_cd,detached,apt,town,multiplex,commercial_building
0,2018-01-31,50110250,59279,56760,17641,27893,3647
1,2018-01-31,50110253,59279,56760,17641,27893,3647
2,2018-01-31,50110256,59279,56760,17641,27893,3647
3,2018-01-31,50110259,59279,56760,17641,27893,3647
4,2018-01-31,50110310,59279,56760,17641,27893,3647
5,2018-01-31,50110320,59279,56760,17641,27893,3647
6,2018-01-31,50110330,59279,56760,17641,27893,3647
7,2018-01-31,50110510,59279,56760,17641,27893,3647
8,2018-01-31,50110520,59279,56760,17641,27893,3647
9,2018-01-31,50110530,59279,56760,17641,27893,3647
10,2018-01-31,50110540,59279,56760,17641,27893,3647
11,2018-01-31,50110550,59279,56760,17641,27893,3647
12,2018-01-31,50110560,59279,56760,17641,27893,3647
13,2018-01-31,50110570,59279,56760,17641,27893,3647
14,2018-01-31,50110580,59279,56760,17641,27893,3647
15,2018-01-31,50110590,59279,56760,17641,27893,3647
16,2018-01-31,50110600,59279,56760,17641,27893,3647
17,2018-01-31,50110610,59279,56760,17641,27893,3647
18,2018-01-31,50110620,59279,56760,17641,27893,3647
19,2018-01-31,50110630,59279,56760,17641,27893,3647
20,2018-01-31,50110640,59279,56760,17641,27893,3647
21,2018-01-31,50110650,59279,56760,17641,27893,3647
22,2018-01-31,50110660,59279,56760,17641,27893,3647
23,2018-01-31,50110670,59279,56760,17641,27893,3647
24,2018-01-31,50110680,59279,56760,17641,27893,3647
25,2018-01-31,50110690,59279,56760,17641,27893,3647
26,2018-01-31,50130250,33440,17439,9305,5947,1717
27,2018-01-31,50130253,33440,17439,9305,5947,1717
28,2018-01-31,50130259,33440,17439,9305,5947,1717
29,2018-01-31,50130310,33440,17439,9305,5947,1717
30,2018-01-31,50130320,33440,17439,9305,5947,1717
31,2018-01-31,50130510,33440,17439,9305,5947,1717
32,2018-01-31,50130520,33440,17439,9305,5947,1717
33,2018-01-31,50130530,33440,17439,9305,5947,1717
34,2018-01-31,50130540,33440,17439,9305,5947,1717
35,2018-01-31,50130550,33440,17439,9305,5947,1717
36,2018-01-31,50130560,33440,17439,9305,5947,1717
37,2018-01-31,50130570,33440,17439,9305,5947,1717
38,2018-01-31,50130580,33440,17439,9305,5947,1717
39,2018-01-31,50130590,33440,17439,9305,5947,1717
40,2018-01-31,50130600,33440,17439,9305,5947,1717
41,2018-01-31,50130610,33440,17439,9305,5947,1717
42,2018-01-31,50130620,33440,17439,9305,5947,1717
43,2018-02-28,50110250,59279,56760,17641,27893,3647
44,2018-02-28,50110253,59279,56760,17641,27893,3647
45,2018-02-28,50110256,59279,56760,17641,27893,3647
46,2018-02-28,50110259,59279,56760,17641,27893,3647
47,2018-02-28,50110310,59279,56760,17641,27893,3647
48,2018-02-28,50110320,59279,56760,17641,27893,3647
49,2018-02-28,50110330,59279,56760,17641,27893,3647
50,2018-02-28,50110510,59279,56760,17641,27893,3647
51,2018-02-28,50110520,59279,56760,17641,27893,3647
52,2018-02-28,50110530,59279,56760,17641,27893,3647
53,2018-02-28,50110540,59279,56760,17641,27893,3647
54,2018-02-28,50110550,59279,56760,17641,27893,3647
55,2018-02-28,50110560,59279,56760,17641,27893,3647
56,2018-02-28,50110570,59279,56760,17641,27893,3647
57,2018-02-28,50110580,59279,56760,17641,27893,3647
58,2018-02-28,50110590,59279,56760,17641,27893,3647
59,2018-02-28,50110600,59279,56760,17641,27893,3647
60,2018-02-28,50110610,59279,56760,17641,27893,3647
61,2018-02-28,50110620,59279,56760,17641,27893,3647
62,2018-02-28,50110630,59279,56760,17641,27893,3647
63,2018-02-28,50110640,59279,56760,17641,27893,3647
64,2018-02-28,50110650,59279,56760,17641,27893,3647
65,2018-02-28,50110660,59279,56760,17641,27893,3647
66,2018-02-28,50110670,59279,56760,17641,27893,3647
67,2018-02-28,50110680,59279,56760,17641,27893,3647
68,2018-02-28,50110690,59279,56760,17641,27893,3647
69,2018-02-28,50130250,33440,17439,9305,5947,1717
70,2018-02-28,50130253,33440,17439,9305,5947,1717
71,2018-02-28,50130259,33440,17439,9305,5947,1717
72,2018-02-28,50130310,33440,17439,9305,5947,1717
73,2018-02-28,50130320,33440,17439,9305,5947,1717
74,2018-02-28,50130510,33440,17439,9305,5947,1717
75,2018-02-28,50130520,33440,17439,9305,5947,1717
76,2018-02-28,50130530,33440,17439,9305,5947,1717
77,2018-02-28,50130540,33440,17439,9305,5947,1717
78,2018-02-28,50130550,33440,17439,9305,5947,1717
79,2018-02-28,50130560,33440,17439,9305,5947,1717
80,2018-02-28,50130570,33440,17439,9305,5947,1717
81,2018-02-28,50130580,33440,17439,9305,5947,1717
82,2018-02-28,50130590,33440,17439,9305,5947,1717
83,2018-02-28,50130600,33440,17439,9305,5947,1717
84,2018-02-28,50130610,33440,17439,9305,5947,1717
85,2018-02-28,50130620,33440,17439,9305,5947,1717
86,2018-03-31,50110250,59279,56760,17641,27893,3647
87,2018-03-31,50110253,59279,56760,17641,27893,3647
88,2018-03-31,50110256,59279,56760,17641,27893,3647
89,2018-03-31,50110259,59279,56760,17641,27893,3647
90,2018-03-31,50110310,59279,56760,17641,27893,3647
91,2018-03-31,50110320,59279,56760,17641,27893,3647
92,2018-03-31,50110330,59279,56760,17641,27893,3647
93,2018-03-31,50110510,59279,56760,17641,27893,3647
94,2018-03-31,50110520,59279,56760,17641,27893,3647
95,2018-03-31,50110530,59279,56760,17641,27893,3647
96,2018-03-31,50110540,59279,56760,17641,27893,3647
97,2018-03-31,50110550,59279,56760,17641,27893,3647
98,2018-03-31,50110560,59279,56760,17641,27893,3647
99,2018-03-31,50110570,59279,56760,17641,27893,3647
100,2018-03-31,50110580,59279,56760,17641,27893,3647
101,2018-03-31,50110590,59279,56760,17641,27893,3647
102,2018-03-31,50110600,59279,56760,17641,27893,3647
103,2018-03-31,50110610,59279,56760,17641,27893,3647
104,2018-03-31,50110620,59279,56760,17641,27893,3647
105,2018-03-31,50110630,59279,56760,17641,27893,3647
106,2018-03-31,50110640,59279,56760,17641,27893,3647
107,2018-03-31,50110650,59279,56760,17641,27893,3647
108,2018-03-31,50110660,59279,56760,17641,27893,3647
109,2018-03-31,50110670,59279,56760,17641,27893,3647
110,2018-03-31,50110680,59279,56760,17641,27893,3647
111,2018-03-31,50110690,59279,56760,17641,27893,3647
112,2018-03-31,50130250,33440,17439,9305,5947,1717
113,2018-03-31,50130253,33440,17439,9305,5947,1717
114,2018-03-31,50130259,33440,17439,9305,5947,1717
115,2018-03-31,50130310,33440,17439,9305,5947,1717
116,2018-03-31,50130320,33440,17439,9305,5947,1717
117,2018-03-31,50130510,33440,17439,9305,5947,1717
118,2018-03-31,50130520,33440,17439,9305,5947,1717
119,2018-03-31,50130530,33440,17439,9305,5947,1717
120,2018-03-31,50130540,33440,17439,9305,5947,1717
121,2018-03-31,50130550,33440,17439,9305,5947,1717
122,2018-03-31,50130560,33440,17439,9305,5947,1717
123,2018-03-31,50130570,33440,17439,9305,5947,1717
124,2018-03-31,50130580,33440,17439,9305,5947,1717
125,2018-03-31,50130590,33440,17439,9305,5947,1717
126,2018-03-31,50130600,33440,17439,9305,5947,1717
127,2018-03-31,50130610,33440,17439,9305,5947,1717
128,2018-03-31,50130620,33440,17439,9305,5947,1717
129,2018-04-30,50110250,59279,56760,17641,27893,3647
130,2018-04-30,50110253,59279,56760,17641,27893,3647
131,2018-04-30,50110256,59279,56760,17641,27893,3647
132,2018-04-30,50110259,59279,56760,17641,27893,3647
133,2018-04-30,50110310,59279,56760,17641,27893,3647
134,2018-04-30,50110320,59279,56760,17641,27893,3647
135,2018-04-30,50110330,59279,56760,17641,27893,3647
136,2018-04-30,50110510,59279,56760,17641,27893,3647
137,2018-04-30,50110520,59279,56760,17641,27893,3647
138,2018-04-30,50110530,59279,56760,17641,27893,3647
139,2018-04-30,50110540,59279,56760,17641,27893,3647
140,2018-04-30,50110550,59279,56760,17641,27893,3647
141,2018-04-30,50110560,59279,56760,17641,27893,3647
142,2018-04-30,50110570,59279,56760,17641,27893,3647
143,2018-04-30,50110580,59279,56760,17641,27893,3647
144,2018-04-30,50110590,59279,56760,17641,27893,3647
145,2018-04-30,50110600,59279,56760,17641,27893,3647
146,2018-04-30,50110610,59279,56760,17641,27893,3647
147,2018-04-30,50110620,59279,56760,17641,27893,3647
148,2018-04-30,50110630,59279,56760,17641,27893,3647
149,2018-04-30,50110640,59279,56760,17641,27893,3647
150,2018-04-30,50110650,59279,56760,17641,27893,3647
151,2018-04-30,50110660,59279,56760,17641,27893,3647
152,2018-04-30,50110670,59279,56760,17641,27893,3647
153,2018-04-30,50110680,59279,56760,17641,27893,3647
154,2018-04-30,50110690,59279,56760,17641,27893,3647
155,2018-04-30,50130250,33440,17439,9305,5947,1717
156,2018-04-30,50130253,33440,17439,9305,5947,1717
157,2018-04-30,50130259,33440,17439,9305,5947,1717
158,2018-04-30,50130310,33440,17439,9305,5947,1717
159,2018-04-30,50130320,33440,17439,9305,5947,1717
160,2018-04-30,50130510,33440,17439,9305,5947,1717
161,2018-04-30,50130520,33440,17439,9305,5947,1717
162,2018-04-30,50130530,33440,17439,9305,5947,1717
163,2018-04-30,50130540,33440,17439,9305,5947,1717
164,2018-04-30,50130550,33440,17439,9305,5947,1717
165,2018-04-30,50130560,33440,17439,9305,5947,1717
166,2018-04-30,50130570,33440,17439,9305,5947,1717
167,2018-04-30,50130580,33440,17439,9305,5947,1717
168,2018-04-30,50130590,33440,17439,9305,5947,1717
169,2018-04-30,50130600,33440,17439,9305,5947,1717
170,2018-04-30,50130610,33440,17439,9305,5947,1717
171,2018-04-30,50130620,33440,17439,9305,5947,1717
172,2018-05-31,50110250,59279,56760,17641,27893,3647
173,2018-05-31,50110253,59279,56760,17641,27893,3647
174,2018-05-31,50110256,59279,56760,17641,27893,3647
175,2018-05-31,50110259,59279,56760,17641,27893,3647
176,2018-05-31,50110310,59279,56760,17641,27893,3647
177,2018-05-31,50110320,59279,56760,17641,27893,3647
178,2018-05-31,50110330,59279,56760,17641,27893,3647
179,2018-05-31,50110510,59279,56760,17641,27893,3647
180,2018-05-31,50110520,59279,56760,17641,27893,3647
181,2018-05-31,50110530,59279,56760,17641,27893,3647
182,2018-05-31,50110540,59279,56760,17641,27893,3647
183,2018-05-31,50110550,59279,56760,17641,27893,3647
184,2018-05-31,50110560,59279,56760,17641,27893,3647
185,2018-05-31,50110570,59279,56760,17641,27893,3647
186,2018-05-31,50110580,59279,56760,17641,27893,3647
187,2018-05-31,50110590,59279,56760,17641,27893,3647
188,2018-05-31,50110600,59279,56760,17641,27893,3647
189,2018-05-31,50110610,59279,56760,17641,27893,3647
190,2018-05-31,50110620,59279,56760,17641,27893,3647
191,2018-05-31,50110630,59279,56760,17641,27893,3647
192,2018-05-31,50110640,59279,56760,17641,27893,3647
193,2018-05-31,50110650,59279,56760,17641,27893,3647
194,2018-05-31,50110660,59279,56760,17641,27893,3647
195,2018-05-31,50110670,59279,56760,17641,27893,3647
196,2018-05-31,50110680,59279,56760,17641,27893,3647
197,2018-05-31,50110690,59279,56760,17641,27893,3647
198,2018-05-31,50130250,33440,17439,9305,5947,1717
199,2018-05-31,50130253,33440,17439,9305,5947,1717
200,2018-05-31,50130259,33440,17439,9305,5947,1717
201,2018-05-31,50130310,33440,17439,9305,5947,1717
202,2018-05-31,50130320,33440,17439,9305,5947,1717
203,2018-05-31,50130510,33440,17439,9305,5947,1717
204,2018-05-31,50130520,33440,17439,9305,5947,1717
205,2018-05-31,50130530,33440,17439,9305,5947,1717
206,2018-05-31,50130540,33440,17439,9305,5947,1717
207,2018-05-31,50130550,33440,17439,9305,5947,1717
208,2018-05-31,50130560,33440,17439,9305,5947,1717
209,2018-05-31,50130570,33440,17439,9305,5947,1717
210,2018-05-31,50130580,33440,17439,9305,5947,1717
211,2018-05-31,50130590,33440,17439,9305,5947,1717
212,2018-05-31,50130600,33440,17439,9305,5947,1717
213,2018-05-31,50130610,33440,17439,9305,5947,1717
214,2018-05-31,50130620,33440,17439,9305,5947,1717
215,2018-06-30,50110250,59279,56760,17641,27893,3647
216,2018-06-30,50110253,59279,56760,17641,27893,3647
217,2018-06-30,50110256,59279,56760,17641,27893,3647
218,2018-06-30,50110259,59279,56760,17641,27893,3647
219,2018-06-30,50110310,59279,56760,17641,27893,3647
220,2018-06-30,50110320,59279,56760,17641,27893,3647
221,2018-06-30,50110330,59279,56760,17641,27893,3647
222,2018-06-30,50110510,59279,56760,17641,27893,3647
223,2018-06-30,50110520,59279,56760,17641,27893,3647
224,2018-06-30,50110530,59279,56760,17641,27893,3647
225,2018-06-30,50110540,59279,56760,17641,27893,3647
226,2018-06-30,50110550,59279,56760,17641,27893,3647
227,2018-06-30,50110560,59279,56760,17641,27893,3647
228,2018-06-30,50110570,59279,56760,17641,27893,3647
229,2018-06-30,50110580,59279,56760,17641,27893,3647
230,2018-06-30,50110590,59279,56760,17641,27893,3647
231,2018-06-30,50110600,59279,56760,17641,27893,3647
232,2018-06-30,50110610,59279,56760,17641,27893,3647
233,2018-06-30,50110620,59279,56760,17641,27893,3647
234,2018-06-30,50110630,59279,56760,17641,27893,3647
235,2018-06-30,50110640,59279,56760,17641,27893,3647
236,2018-06-30,50110650,59279,56760,17641,27893,3647
237,2018-06-30,50110660,59279,56760,17641,27893,3647
238,2018-06-30,50110670,59279,56760,17641,27893,3647
239,2018-06-30,50110680,59279,56760,17641,27893,3647
240,2018-06-30,50110690,59279,56760,17641,27893,3647
241,2018-06-30,50130250,33440,17439,9305,5947,1717
242,2018-06-30,50130253,33440,17439,9305,5947,1717
243,2018-06-30,50130259,33440,17439,9305,5947,1717
244,2018-06-30,50130310,33440,17439,9305,5947,1717
245,2018-06-30,50130320,33440,17439,9305,5947,1717
246,2018-06-30,50130510,33440,17439,9305,5947,1717
247,2018-06-30,50130520,33440,17439,9305,5947,1717
248,2018-06-30,50130530,33440,17439,9305,5947,1717
249,2018-06-30,50130540,33440,17439,9305,5947,1717
250,2018-06-30,50130550,33440,17439,9305,5947,1717
251,2018-06-30,50130560,33440,17439,9305,5947,1717
252,2018-06-30,50130570,33440,17439,9305,5947,1717
253,2018-06-30,50130580,33440,17439,9305,5947,1717
254,2018-06-30,50130590,33440,17439,9305,5947,1717
255,2018-06-30,50130600,33440,17439,9305,5947,1717
256,2018-06-30,50130610,33440,17439,9305,5947,1717
257,2018-06-30,50130620,33440,17439,9305,5947,1717
258,2018-07-31,50110250,59279,56760,17641,27893,3647
259,2018-07-31,50110253,59279,56760,17641,27893,3647
260,2018-07-31,50110256,59279,56760,17641,27893,3647
261,2018-07-31,50110259,59279,56760,17641,27893,3647
262,2018-07-31,50110310,59279,56760,17641,27893,3647
263,2018-07-31,50110320,59279,56760,17641,27893,3647
264,2018-07-31,50110330,59279,56760,17641,27893,3647
265,2018-07-31,50110510,59279,56760,17641,27893,3647
266,2018-07-31,50110520,59279,56760,17641,27893,3647
267,2018-07-31,50110530,59279,56760,17641,27893,3647
268,2018-07-31,50110540,59279,56760,17641,27893,3647
269,2018-07-31,50110550,59279,56760,17641,27893,3647
270,2018-07-31,50110560,59279,56760,17641,27893,3647
271,2018-07-31,50110570,59279,56760,17641,27893,3647
272,2018-07-31,50110580,59279,56760,17641,27893,3647
273,2018-07-31,50110590,59279,56760,17641,27893,3647
274,2018-07-31,50110600,59279,56760,17641,27893,3647
275,2018-07-31,50110610,59279,56760,17641,27893,3647
276,2018-07-31,50110620,59279,56760,17641,27893,3647
277,2018-07-31,50110630,59279,56760,17641,27893,3647
278,2018-07-31,50110640,59279,56760,17641,27893,3647
279,2018-07-31,50110650,59279,56760,17641,27893,3647
280,2018-07-31,50110660,59279,56760,17641,27893,3647
281,2018-07-31,50110670,59279,56760,17641,27893,3647
282,2018-07-31,50110680,59279,56760,17641,27893,3647
283,2018-07-31,50110690,59279,56760,17641,27893,3647
284,2018-07-31,50130250,33440,17439,9305,5947,1717
285,2018-07-31,50130253,33440,17439,9305,5947,1717
286,2018-07-31,50130259,33440,17439,9305,5947,1717
287,2018-07-31,50130310,33440,17439,9305,5947,1717
288,2018-07-31,50130320,33440,17439,9305,5947,1717
289,2018-07-31,50130510,33440,17439,9305,5947,1717
290,2018-07-31,50130520,33440,17439,9305,5947,1717
291,2018-07-31,50130530,33440,17439,9305,5947,1717
292,2018-07-31,50130540,33440,17439,9305,5947,1717
293,2018-07-31,50130550,33440,17439,9305,5947,1717
294,2018-07-31,50130560,33440,17439,9305,5947,1717
295,2018-07-31,50130570,33440,17439,9305,5947,1717
296,2018-07-31,50130580,33440,17439,9305,5947,1717
297,2018-07-31,50130590,33440,17439,9305,5947,1717
298,2018-07-31,50130600,33440,17439,9305,5947,1717
299,2018-07-31,50130610,33440,17439,9305,5947,1717
300,2018-07-31,50130620,33440,17439,9305,5947,1717
301,2018-08-31,50110250,59279,56760,17641,27893,3647
302,2018-08-31,50110253,59279,56760,17641,27893,3647
303,2018-08-31,50110256,59279,56760,17641,27893,3647
304,2018-08-31,50110259,59279,56760,17641,27893,3647
305,2018-08-31,50110310,59279,56760,17641,27893,3647
306,2018-08-31,50110320,59279,56760,17641,27893,3647
307,2018-08-31,50110330,59279,56760,17641,27893,3647
308,2018-08-31,50110510,59279,56760,17641,27893,3647
309,2018-08-31,50110520,59279,56760,17641,27893,3647
310,2018-08-31,50110530,59279,56760,17641,27893,3647
311,2018-08-31,50110540,59279,56760,17641,27893,3647
312,2018-08-31,50110550,59279,56760,17641,27893,3647
313,2018-08-31,50110560,59279,56760,17641,27893,3647
314,2018-08-31,50110570,59279,56760,17641,27893,3647
315,2018-08-31,50110580,59279,56760,17641,27893,3647
316,2018-08-31,50110590,59279,56760,17641,27893,3647
317,2018-08-31,50110600,59279,56760,17641,27893,3647
318,2018-08-31,50110610,59279,56760,17641,27893,3647
319,2018-08-31,50110620,59279,56760,17641,27893,3647
320,2018-08-31,50110630,59279,56760,17641,27893,3647
321,2018-08-31,50110640,59279,56760,17641,27893,3647
322,2018-08-31,50110650,59279,56760,17641,27893,3647
323,2018-08-31,50110660,59279,56760,17641,27893,3647
324,2018-08-31,50110670,59279,56760,17641,27893,3647
325,2018-08-31,50110680,59279,56760,17641,27893,3647
326,2018-08-31,50110690,59279,56760,17641,27893,3647
327,2018-08-31,50130250,33440,17439,9305,5947,1717
328,2018-08-31,50130253,33440,17439,9305,5947,1717
329,2018-08-31,50130259,33440,17439,9305,5947,1717
330,2018-08-31,50130310,33440,17439,9305,5947,1717
331,2018-08-31,50130320,33440,17439,9305,5947,1717
332,2018-08-31,50130510,33440,17439,9305,5947,1717
333,2018-08-31,50130520,33440,17439,9305,5947,1717
334,2018-08-31,50130530,33440,17439,9305,5947,1717
335,2018-08-31,50130540,33440,17439,9305,5947,1717
336,2018-08-31,50130550,33440,17439,9305,5947,1717
337,2018-08-31,50130560,33440,17439,9305,5947,1717
338,2018-08-31,50130570,33440,17439,9305,5947,1717
339,2018-08-31,50130580,33440,17439,9305,5947,1717
340,2018-08-31,50130590,33440,17439,9305,5947,1717
341,2018-08-31,50130600,33440,17439,9305,5947,1717
342,2018-08-31,50130610,33440,17439,9305,5947,1717
343,2018-08-31,50130620,33440,17439,9305,5947,1717
344,2018-09-30,50110250,59279,56760,17641,27893,3647
345,2018-09-30,50110253,59279,56760,17641,27893,3647
346,2018-09-30,50110256,59279,56760,17641,27893,3647
347,2018-09-30,50110259,59279,56760,17641,27893,3647
348,2018-09-30,50110310,59279,56760,17641,27893,3647
349,2018-09-30,50110320,59279,56760,17641,27893,3647
350,2018-09-30,50110330,59279,56760,17641,27893,3647
351,2018-09-30,50110510,59279,56760,17641,27893,3647
352,2018-09-30,50110520,59279,56760,17641,27893,3647
353,2018-09-30,50110530,59279,56760,17641,27893,3647
354,2018-09-30,50110540,59279,56760,17641,27893,3647
355,2018-09-30,50110550,59279,56760,17641,27893,3647
356,2018-09-30,50110560,59279,56760,17641,27893,3647
357,2018-09-30,50110570,59279,56760,17641,27893,3647
358,2018-09-30,50110580,59279,56760,17641,27893,3647
359,2018-09-30,50110590,59279,56760,17641,27893,3647
360,2018-09-30,50110600,59279,56760,17641,27893,3647
361,2018-09-30,50110610,59279,56760,17641,27893,3647
362,2018-09-30,50110620,59279,56760,17641,27893,3647
363,2018-09-30,50110630,59279,56760,17641,27893,3647
364,2018-09-30,50110640,59279,56760,17641,27893,3647
365,2018-09-30,50110650,59279,56760,17641,27893,3647
366,2018-09-30,50110660,59279,56760,17641,27893,3647
367,2018-09-30,50110670,59279,56760,17641,27893,3647
368,2018-09-30,50110680,59279,56760,17641,27893,3647
369,2018-09-30,50110690,59279,56760,17641,27893,3647
370,2018-09-30,50130250,33440,17439,9305,5947,1717
371,2018-09-30,50130253,33440,17439,9305,5947,1717
372,2018-09-30,50130259,33440,17439,9305,5947,1717
373,2018-09-30,50130310,33440,17439,9305,5947,1717
374,2018-09-30,50130320,33440,17439,9305,5947,1717
375,2018-09-30,50130510,33440,17439,9305,5947,1717
376,2018-09-30,50130520,33440,17439,9305,5947,1717
377,2018-09-30,50130530,33440,17439,9305,5947,1717
378,2018-09-30,50130540,33440,17439,9305,5947,1717
379,2018-09-30,50130550,33440,17439,9305,5947,1717
380,2018-09-30,50130560,33440,17439,9305,5947,1717
381,2018-09-30,50130570,33440,17439,9305,5947,1717
382,2018-09-30,50130580,33440,17439,9305,5947,1717
383,2018-09-30,50130590,33440,17439,9305,5947,1717
384,2018-09-30,50130600,33440,17439,9305,5947,1717
385,2018-09-30,50130610,33440,17439,9305,5947,1717
386,2018-09-30,50130620,33440,17439,9305,5947,1717
387,2018-10-31,50110250,59279,56760,17641,27893,3647
388,2018-10-31,50110253,59279,56760,17641,27893,3647
389,2018-10-31,50110256,59279,56760,17641,27893,3647
390,2018-10-31,50110259,59279,56760,17641,27893,3647
391,2018-10-31,50110310,59279,56760,17641,27893,3647
392,2018-10-31,50110320,59279,56760,17641,27893,3647
393,2018-10-31,50110330,59279,56760,17641,27893,3647
394,2018-10-31,50110510,59279,56760,17641,27893,3647
395,2018-10-31,50110520,59279,56760,17641,27893,3647
396,2018-10-31,50110530,59279,56760,17641,27893,3647
397,2018-10-31,50110540,59279,56760,17641,27893,3647
398,2018-10-31,50110550,59279,56760,17641,27893,3647
399,2018-10-31,50110560,59279,56760,17641,27893,3647
400,2018-10-31,50110570,59279,56760,17641,27893,3647
401,2018-10-31,50110580,59279,56760,17641,27893,3647
402,2018-10-31,50110590,59279,56760,17641,27893,3647
403,2018-10-31,50110600,59279,56760,17641,27893,3647
404,2018-10-31,50110610,59279,56760,17641,27893,3647
405,2018-10-31,50110620,59279,56760,17641,27893,3647
406,2018-10-31,50110630,59279,56760,17641,27893,3647
407,2018-10-31,50110640,59279,56760,17641,27893,3647
408,2018-10-31,50110650,59279,56760,17641,27893,3647
409,2018-10-31,50110660,59279,56760,17641,27893,3647
410,2018-10-31,50110670,59279,56760,17641,27893,3647
411,2018-10-31,50110680,59279,56760,17641,27893,3647
412,2018-10-31,50110690,59279,56760,17641,27893,3647
413,2018-10-31,50130250,33440,17439,9305,5947,1717
414,2018-10-31,50130253,33440,17439,9305,5947,1717
415,2018-10-31,50130259,33440,17439,9305,5947,1717
416,2018-10-31,50130310,33440,17439,9305,5947,1717
417,2018-10-31,50130320,33440,17439,9305,5947,1717
418,2018-10-31,50130510,33440,17439,9305,5947,1717
419,2018-10-31,50130520,33440,17439,9305,5947,1717
420,2018-10-31,50130530,33440,17439,9305,5947,1717
421,2018-10-31,50130540,33440,17439,9305,5947,1717
422,2018-10-31,50130550,33440,17439,9305,5947,1717
423,2018-10-31,50130560,33440,17439,9305,5947,1717
424,2018-10-31,50130570,33440,17439,9305,5947,1717
425,2018-10-31,50130580,33440,17439,9305,5947,1717
426,2018-10-31,50130590,33440,17439,9305,5947,1717
427,2018-10-31,50130600,33440,17439,9305,5947,1717
428,2018-10-31,50130610,33440,17439,9305,5947,1717
429,2018-10-31,50130620,33440,17439,9305,5947,1717
430,2018-11-30,50110250,59279,56760,17641,27893,3647
431,2018-11-30,50110253,59279,56760,17641,27893,3647
432,2018-11-30,50110256,59279,56760,17641,27893,3647
433,2018-11-30,50110259,59279,56760,17641,27893,3647
434,2018-11-30,50110310,59279,56760,17641,27893,3647
435,2018-11-30,50110320,59279,56760,17641,27893,3647
436,2018-11-30,50110330,59279,56760,17641,27893,3647
437,2018-11-30,50110510,59279,56760,17641,27893,3647
438,2018-11-30,50110520,59279,56760,17641,27893,3647
439,2018-11-30,50110530,59279,56760,17641,27893,3647
440,2018-11-30,50110540,59279,56760,17641,27893,3647
441,2018-11-30,50110550,59279,56760,17641,27893,3647
442,2018-11-30,50110560,59279,56760,17641,27893,3647
443,2018-11-30,50110570,59279,56760,17641,27893,3647
444,2018-11-30,50110580,59279,56760,17641,27893,3647
445,2018-11-30,50110590,59279,56760,17641,27893,3647
446,2018-11-30,50110600,59279,56760,17641,27893,3647
447,2018-11-30,50110610,59279,56760,17641,27893,3647
448,2018-11-30,50110620,59279,56760,17641,27893,3647
449,2018-11-30,50110630,59279,56760,17641,27893,3647
450,2018-11-30,50110640,59279,56760,17641,27893,3647
451,2018-11-30,50110650,59279,56760,17641,27893,3647
452,2018-11-30,50110660,59279,56760,17641,27893,3647
453,2018-11-30,50110670,59279,56760,17641,27893,3647
454,2018-11-30,50110680,59279,56760,17641,27893,3647
455,2018-11-30,50110690,59279,56760,17641,27893,3647
456,2018-11-30,50130250,33440,17439,9305,5947,1717
457,2018-11-30,50130253,33440,17439,9305,5947,1717
458,2018-11-30,50130259,33440,17439,9305,5947,1717
459,2018-11-30,50130310,33440,17439,9305,5947,1717
460,2018-11-30,50130320,33440,17439,9305,5947,1717
461,2018-11-30,50130510,33440,17439,9305,5947,1717
462,2018-11-30,50130520,33440,17439,9305,5947,1717
463,2018-11-30,50130530,33440,17439,9305,5947,1717
464,2018-11-30,50130540,33440,17439,9305,5947,1717
465,2018-11-30,50130550,33440,17439,9305,5947,1717
466,2018-11-30,50130560,33440,17439,9305,5947,1717
467,2018-11-30,50130570,33440,17439,9305,5947,1717
468,2018-11-30,50130580,33440,17439,9305,5947,1717
469,2018-11-30,50130590,33440,17439,9305,5947,1717
470,2018-11-30,50130600,33440,17439,9305,5947,1717
471,2018-11-30,50130610,33440,17439,9305,5947,1717
472,2018-11-30,50130620,33440,17439,9305,5947,1717
473,2018-12-31,50110250,59279,56760,17641,27893,3647
474,2018-12-31,50110253,59279,56760,17641,27893,3647
475,2018-12-31,50110256,59279,56760,17641,27893,3647
476,2018-12-31,50110259,59279,56760,17641,27893,3647
477,2018-12-31,50110310,59279,56760,17641,27893,3647
478,2018-12-31,50110320,59279,56760,17641,27893,3647
479,2018-12-31,50110330,59279,56760,17641,27893,3647
480,2018-12-31,50110510,59279,56760,17641,27893,3647
481,2018-12-31,50110520,59279,56760,17641,27893,3647
482,2018-12-31,50110530,59279,56760,17641,27893,3647
483,2018-12-31,50110540,59279,56760,17641,27893,3647
484,2018-12-31,50110550,59279,56760,17641,27893,3647
485,2018-12-31,50110560,59279,56760,17641,27893,3647
486,2018-12-31,50110570,59279,56760,17641,27893,3647
487,2018-12-31,50110580,59279,56760,17641,27893,3647
488,2018-12-31,50110590,59279,56760,17641,27893,3647
489,2018-12-31,50110600,59279,56760,17641,27893,3647
490,2018-12-31,50110610,59279,56760,17641,27893,3647
491,2018-12-31,50110620,59279,56760,17641,27893,3647
492,2018-12-31,50110630,59279,56760,17641,27893,3647
493,2018-12-31,50110640,59279,56760,17641,27893,3647
494,2018-12-31,50110650,59279,56760,17641,27893,3647
495,2018-12-31,50110660,59279,56760,17641,27893,3647
496,2018-12-31,50110670,59279,56760,17641,27893,3647
497,2018-12-31,50110680,59279,56760,17641,27893,3647
498,2018-12-31,50110690,59279,56760,17641,27893,3647
499,2018-12-31,50130250,33440,17439,9305,5947,1717
500,2018-12-31,50130253,33440,17439,9305,5947,1717
501,2018-12-31,50130259,33440,17439,9305,5947,1717
502,2018-12-31,50130310,33440,17439,9305,5947,1717
503,2018-12-31,50130320,33440,17439,9305,5947,1717
504,2018-12-31,50130510,33440,17439,9305,5947,1717
505,2018-12-31,50130520,33440,17439,9305,5947,1717
506,2018-12-31,50130530,33440,17439,9305,5947,1717
507,2018-12-31,50130540,33440,17439,9305,5947,1717
508,2018-12-31,50130550,33440,17439,9305,5947,1717
509,2018-12-31,50130560,33440,17439,9305,5947,1717
510,2018-12-31,50130570,33440,17439,9305,5947,1717
511,2018-12-31,50130580,33440,17439,9305,5947,1717
512,2018-12-31,50130590,33440,17439,9305,5947,1717
513,2018-12-31,50130600,33440,17439,9305,5947,1717
514,2018-12-31,50130610,33440,17439,9305,5947,1717
515,2018-12-31,50130620,33440,17439,9305,5947,1717
516,2019-01-31,50110250,60578,58244,18880,28829,3900
517,2019-01-31,50110253,60578,58244,18880,28829,3900
518,2019-01-31,50110256,60578,58244,18880,28829,3900
519,2019-01-31,50110259,60578,58244,18880,28829,3900
520,2019-01-31,50110310,60578,58244,18880,28829,3900
521,2019-01-31,50110320,60578,58244,18880,28829,3900
522,2019-01-31,50110330,60578,58244,18880,28829,3900
523,2019-01-31,50110510,60578,58244,18880,28829,3900
524,2019-01-31,50110520,60578,58244,18880,28829,3900
525,2019-01-31,50110530,60578,58244,18880,28829,3900
526,2019-01-31,50110540,60578,58244,18880,28829,3900
527,2019-01-31,50110550,60578,58244,18880,28829,3900
528,2019-01-31,50110560,60578,58244,18880,28829,3900
529,2019-01-31,50110570,60578,58244,18880,28829,3900
530,2019-01-31,50110580,60578,58244,18880,28829,3900
531,2019-01-31,50110590,60578,58244,18880,28829,3900
532,2019-01-31,50110600,60578,58244,18880,28829,3900
533,2019-01-31,50110610,60578,58244,18880,28829,3900
534,2019-01-31,50110620,60578,58244,18880,28829,3900
535,2019-01-31,50110630,60578,58244,18880,28829,3900
536,2019-01-31,50110640,60578,58244,18880,28829,3900
537,2019-01-31,50110650,60578,58244,18880,28829,3900
538,2019-01-31,50110660,60578,58244,18880,28829,3900
539,2019-01-31,50110670,60578,58244,18880,28829,3900
540,2019-01-31,50110680,60578,58244,18880,28829,3900
541,2019-01-31,50110690,60578,58244,18880,28829,3900
542,2019-01-31,50130250,34108,18251,10641,6543,1814
543,2019-01-31,50130253,34108,18251,10641,6543,1814
544,2019-01-31,50130259,34108,18251,10641,6543,1814
545,2019-01-31,50130310,34108,18251,10641,6543,1814
546,2019-01-31,50130320,34108,18251,10641,6543,1814
547,2019-01-31,50130510,34108,18251,10641,6543,1814
548,2019-01-31,50130520,34108,18251,10641,6543,1814
549,2019-01-31,50130530,34108,18251,10641,6543,1814
550,2019-01-31,50130540,34108,18251,10641,6543,1814
551,2019-01-31,50130550,34108,18251,10641,6543,1814
552,2019-01-31,50130560,34108,18251,10641,6543,1814
553,2019-01-31,50130570,34108,18251,10641,6543,1814
554,2019-01-31,50130580,34108,18251,10641,6543,1814
555,2019-01-31,50130590,34108,18251,10641,6543,1814
556,2019-01-31,50130600,34108,18251,10641,6543,1814
557,2019-01-31,50130610,34108,18251,10641,6543,1814
558,2019-01-31,50130620,34108,18251,10641,6543,1814
559,2019-02-28,50110250,60578,58244,18880,28829,3900
560,2019-02-28,50110253,60578,58244,18880,28829,3900
561,2019-02-28,50110256,60578,58244,18880,28829,3900
562,2019-02-28,50110259,60578,58244,18880,28829,3900
563,2019-02-28,50110310,60578,58244,18880,28829,3900
564,2019-02-28,50110320,60578,58244,18880,28829,3900
565,2019-02-28,50110330,60578,58244,18880,28829,3900
566,2019-02-28,50110510,60578,58244,18880,28829,3900
567,2019-02-28,50110520,60578,58244,18880,28829,3900
568,2019-02-28,50110530,60578,58244,18880,28829,3900
569,2019-02-28,50110540,60578,58244,18880,28829,3900
570,2019-02-28,50110550,60578,58244,18880,28829,3900
571,2019-02-28,50110560,60578,58244,18880,28829,3900
572,2019-02-28,50110570,60578,58244,18880,28829,3900
573,2019-02-28,50110580,60578,58244,18880,28829,3900
574,2019-02-28,50110590,60578,58244,18880,28829,3900
575,2019-02-28,50110600,60578,58244,18880,28829,3900
576,2019-02-28,50110610,60578,58244,18880,28829,3900
577,2019-02-28,50110620,60578,58244,18880,28829,3900
578,2019-02-28,50110630,60578,58244,18880,28829,3900
579,2019-02-28,50110640,60578,58244,18880,28829,3900
580,2019-02-28,50110650,60578,58244,18880,28829,3900
581,2019-02-28,50110660,60578,58244,18880,28829,3900
582,2019-02-28,50110670,60578,58244,18880,28829,3900
583,2019-02-28,50110680,60578,58244,18880,28829,3900
584,2019-02-28,50110690,60578,58244,18880,28829,3900
585,2019-02-28,50130250,34108,18251,10641,6543,1814
586,2019-02-28,50130253,34108,18251,10641,6543,1814
587,2019-02-28,50130259,34108,18251,10641,6543,1814
588,2019-02-28,50130310,34108,18251,10641,6543,1814
589,2019-02-28,50130320,34108,18251,10641,6543,1814
590,2019-02-28,50130510,34108,18251,10641,6543,1814
591,2019-02-28,50130520,34108,18251,10641,6543,1814
592,2019-02-28,50130530,34108,18251,10641,6543,1814
593,2019-02-28,50130540,34108,18251,10641,6543,1814
594,2019-02-28,50130550,34108,18251,10641,6543,1814
595,2019-02-28,50130560,34108,18251,10641,6543,1814
596,2019-02-28,50130570,34108,18251,10641,6543,1814
597,2019-02-28,50130580,34108,18251,10641,6543,1814
598,2019-02-28,50130590,34108,18251,10641,6543,1814
599,2019-02-28,50130600,34108,18251,10641,6543,1814
600,2019-02-28,50130610,34108,18251,10641,6543,1814
601,2019-02-28,50130620,34108,18251,10641,6543,1814
602,2019-03-31,50110250,60578,58244,18880,28829,3900
603,2019-03-31,50110253,60578,58244,18880,28829,3900
604,2019-03-31,50110256,60578,58244,18880,28829,3900
605,2019-03-31,50110259,60578,58244,18880,28829,3900
606,2019-03-31,50110310,60578,58244,18880,28829,3900
607,2019-03-31,50110320,60578,58244,18880,28829,3900
608,2019-03-31,50110330,60578,58244,18880,28829,3900
609,2019-03-31,50110510,60578,58244,18880,28829,3900
610,2019-03-31,50110520,60578,58244,18880,28829,3900
611,2019-03-31,50110530,60578,58244,18880,28829,3900
612,2019-03-31,50110540,60578,58244,18880,28829,3900
613,2019-03-31,50110550,60578,58244,18880,28829,3900
614,2019-03-31,50110560,60578,58244,18880,28829,3900
615,2019-03-31,50110570,60578,58244,18880,28829,3900
616,2019-03-31,50110580,60578,58244,18880,28829,3900
617,2019-03-31,50110590,60578,58244,18880,28829,3900
618,2019-03-31,50110600,60578,58244,18880,28829,3900
619,2019-03-31,50110610,60578,58244,18880,28829,3900
620,2019-03-31,50110620,60578,58244,18880,28829,3900
621,2019-03-31,50110630,60578,58244,18880,28829,3900
622,2019-03-31,50110640,60578,58244,18880,28829,3900
623,2019-03-31,50110650,60578,58244,18880,28829,3900
624,2019-03-31,50110660,60578,58244,18880,28829,3900
625,2019-03-31,50110670,60578,58244,18880,28829,3900
626,2019-03-31,50110680,60578,58244,18880,28829,3900
627,2019-03-31,50110690,60578,58244,18880,28829,3900
628,2019-03-31,50130250,34108,18251,10641,6543,1814
629,2019-03-31,50130253,34108,18251,10641,6543,1814
630,2019-03-31,50130259,34108,18251,10641,6543,1814
631,2019-03-31,50130310,34108,18251,10641,6543,1814
632,2019-03-31,50130320,34108,18251,10641,6543,1814
633,2019-03-31,50130510,34108,18251,10641,6543,1814
634,2019-03-31,50130520,34108,18251,10641,6543,1814
635,2019-03-31,50130530,34108,18251,10641,6543,1814
636,2019-03-31,50130540,34108,18251,10641,6543,1814
637,2019-03-31,50130550,34108,18251,10641,6543,1814
638,2019-03-31,50130560,34108,18251,10641,6543,1814
639,2019-03-31,50130570,34108,18251,10641,6543,1814
640,2019-03-31,50130580,34108,18251,10641,6543,1814
641,2019-03-31,50130590,34108,18251,10641,6543,1814
642,2019-03-31,50130600,34108,18251,10641,6543,1814
643,2019-03-31,50130610,34108,18251,10641,6543,1814
644,2019-03-31,50130620,34108,18251,10641,6543,1814
645,2019-04-30,50110250,60578,58244,18880,28829,3900
646,2019-04-30,50110253,60578,58244,18880,28829,3900
647,2019-04-30,50110256,60578,58244,18880,28829,3900
648,2019-04-30,50110259,60578,58244,18880,28829,3900
649,2019-04-30,50110310,60578,58244,18880,28829,3900
650,2019-04-30,50110320,60578,58244,18880,28829,3900
651,2019-04-30,50110330,60578,58244,18880,28829,3900
652,2019-04-30,50110510,60578,58244,18880,28829,3900
653,2019-04-30,50110520,60578,58244,18880,28829,3900
654,2019-04-30,50110530,60578,58244,18880,28829,3900
655,2019-04-30,50110540,60578,58244,18880,28829,3900
656,2019-04-30,50110550,60578,58244,18880,28829,3900
657,2019-04-30,50110560,60578,58244,18880,28829,3900
658,2019-04-30,50110570,60578,58244,18880,28829,3900
659,2019-04-30,50110580,60578,58244,18880,28829,3900
660,2019-04-30,50110590,60578,58244,18880,28829,3900
661,2019-04-30,50110600,60578,58244,18880,28829,3900
662,2019-04-30,50110610,60578,58244,18880,28829,3900
663,2019-04-30,50110620,60578,58244,18880,28829,3900
664,2019-04-30,50110630,60578,58244,18880,28829,3900
665,2019-04-30,50110640,60578,58244,18880,28829,3900
666,2019-04-30,50110650,60578,58244,18880,28829,3900
667,2019-04-30,50110660,60578,58244,18880,28829,3900
668,2019-04-30,50110670,60578,58244,18880,28829,3900
669,2019-04-30,50110680,60578,58244,18880,28829,3900
670,2019-04-30,50110690,60578,58244,18880,28829,3900
671,2019-04-30,50130250,34108,18251,10641,6543,1814
672,2019-04-30,50130253,34108,18251,10641,6543,1814
673,2019-04-30,50130259,34108,18251,10641,6543,1814
674,2019-04-30,50130310,34108,18251,10641,6543,1814
675,2019-04-30,50130320,34108,18251,10641,6543,1814
676,2019-04-30,50130510,34108,18251,10641,6543,1814
677,2019-04-30,50130520,34108,18251,10641,6543,1814
678,2019-04-30,50130530,34108,18251,10641,6543,1814
679,2019-04-30,50130540,34108,18251,10641,6543,1814
680,2019-04-30,50130550,34108,18251,10641,6543,1814
681,2019-04-30,50130560,34108,18251,10641,6543,1814
682,2019-04-30,50130570,34108,18251,10641,6543,1814
683,2019-04-30,50130580,34108,18251,10641,6543,1814
684,2019-04-30,50130590,34108,18251,10641,6543,1814
685,2019-04-30,50130600,34108,18251,10641,6543,1814
686,2019-04-30,50130610,34108,18251,10641,6543,1814
687,2019-04-30,50130620,34108,18251,10641,6543,1814
688,2019-05-31,50110250,60578,58244,18880,28829,3900
689,2019-05-31,50110253,60578,58244,18880,28829,3900
690,2019-05-31,50110256,60578,58244,18880,28829,3900
691,2019-05-31,50110259,60578,58244,18880,28829,3900
692,2019-05-31,50110310,60578,58244,18880,28829,3900
693,2019-05-31,50110320,60578,58244,18880,28829,3900
694,2019-05-31,50110330,60578,58244,18880,28829,3900
695,2019-05-31,50110510,60578,58244,18880,28829,3900
696,2019-05-31,50110520,60578,58244,18880,28829,3900
697,2019-05-31,50110530,60578,58244,18880,28829,3900
698,2019-05-31,50110540,60578,58244,18880,28829,3900
699,2019-05-31,50110550,60578,58244,18880,28829,3900
700,2019-05-31,50110560,60578,58244,18880,28829,3900
701,2019-05-31,50110570,60578,58244,18880,28829,3900
702,2019-05-31,50110580,60578,58244,18880,28829,3900
703,2019-05-31,50110590,60578,58244,18880,28829,3900
704,2019-05-31,50110600,60578,58244,18880,28829,3900
705,2019-05-31,50110610,60578,58244,18880,28829,3900
706,2019-05-31,50110620,60578,58244,18880,28829,3900
707,2019-05-31,50110630,60578,58244,18880,28829,3900
708,2019-05-31,50110640,60578,58244,18880,28829,3900
709,2019-05-31,50110650,60578,58244,18880,28829,3900
710,2019-05-31,50110660,60578,58244,18880,28829,3900
711,2019-05-31,50110670,60578,58244,18880,28829,3900
712,2019-05-31,50110680,60578,58244,18880,28829,3900
713,2019-05-31,50110690,60578,58244,18880,28829,3900
714,2019-05-31,50130250,34108,18251,10641,6543,1814
715,2019-05-31,50130253,34108,18251,10641,6543,1814
716,2019-05-31,50130259,34108,18251,10641,6543,1814
717,2019-05-31,50130310,34108,18251,10641,6543,1814
718,2019-05-31,50130320,34108,18251,10641,6543,1814
719,2019-05-31,50130510,34108,18251,10641,6543,1814
720,2019-05-31,50130520,34108,18251,10641,6543,1814
721,2019-05-31,50130530,34108,18251,10641,6543,1814
722,2019-05-31,50130540,34108,18251,10641,6543,1814
723,2019-05-31,50130550,34108,18251,10641,6543,1814
724,2019-05-31,50130560,34108,18251,10641,6543,1814
725,2019-05-31,50130570,34108,18251,10641,6543,1814
726,2019-05-31,50130580,34108,18251,10641,6543,1814
727,2019-05-31,50130590,34108,18251,10641,6543,1814
728,2019-05-31,50130600,34108,18251,10641,6543,1814
729,2019-05-31,50130610,34108,18251,10641,6543,1814
730,2019-05-31,50130620,34108,18251,10641,6543,1814
731,2019-06-30,50110250,60578,58244,18880,28829,3900
732,2019-06-30,50110253,60578,58244,18880,28829,3900
733,2019-06-30,50110256,60578,58244,18880,28829,3900
734,2019-06-30,50110259,60578,58244,18880,28829,3900
735,2019-06-30,50110310,60578,58244,18880,28829,3900
736,2019-06-30,50110320,60578,58244,18880,28829,3900
737,2019-06-30,50110330,60578,58244,18880,28829,3900
738,2019-06-30,50110510,60578,58244,18880,28829,3900
739,2019-06-30,50110520,60578,58244,18880,28829,3900
740,2019-06-30,50110530,60578,58244,18880,28829,3900
741,2019-06-30,50110540,60578,58244,18880,28829,3900
742,2019-06-30,50110550,60578,58244,18880,28829,3900
743,2019-06-30,50110560,60578,58244,18880,28829,3900
744,2019-06-30,50110570,60578,58244,18880,28829,3900
745,2019-06-30,50110580,60578,58244,18880,28829,3900
746,2019-06-30,50110590,60578,58244,18880,28829,3900
747,2019-06-30,50110600,60578,58244,18880,28829,3900
748,2019-06-30,50110610,60578,58244,18880,28829,3900
749,2019-06-30,50110620,60578,58244,18880,28829,3900
750,2019-06-30,50110630,60578,58244,18880,28829,3900
751,2019-06-30,50110640,60578,58244,18880,28829,3900
752,2019-06-30,50110650,60578,58244,18880,28829,3900
753,2019-06-30,50110660,60578,58244,18880,28829,3900
754,2019-06-30,50110670,60578,58244,18880,28829,3900
755,2019-06-30,50110680,60578,58244,18880,28829,3900
756,2019-06-30,50110690,60578,58244,18880,28829,3900
757,2019-06-30,50130250,34108,18251,10641,6543,1814
758,2019-06-30,50130253,34108,18251,10641,6543,1814
759,2019-06-30,50130259,34108,18251,10641,6543,1814
760,2019-06-30,50130310,34108,18251,10641,6543,1814
761,2019-06-30,50130320,34108,18251,10641,6543,1814
762,2019-06-30,50130510,34108,18251,10641,6543,1814
763,2019-06-30,50130520,34108,18251,10641,6543,1814
764,2019-06-30,50130530,34108,18251,10641,6543,1814
765,2019-06-30,50130540,34108,18251,10641,6543,1814
766,2019-06-30,50130550,34108,18251,10641,6543,1814
767,2019-06-30,50130560,34108,18251,10641,6543,1814
768,2019-06-30,50130570,34108,18251,10641,6543,1814
769,2019-06-30,50130580,34108,18251,10641,6543,1814
770,2019-06-30,50130590,34108,18251,10641,6543,1814
771,2019-06-30,50130600,34108,18251,10641,6543,1814
772,2019-06-30,50130610,34108,18251,10641,6543,1814
773,2019-06-30,50130620,34108,18251,10641,6543,1814
774,2019-07-31,50110250,60578,58244,18880,28829,3900
775,2019-07-31,50110253,60578,58244,18880,28829,3900
776,2019-07-31,50110256,60578,58244,18880,28829,3900
777,2019-07-31,50110259,60578,58244,18880,28829,3900
778,2019-07-31,50110310,60578,58244,18880,28829,3900
779,2019-07-31,50110320,60578,58244,18880,28829,3900
780,2019-07-31,50110330,60578,58244,18880,28829,3900
781,2019-07-31,50110510,60578,58244,18880,28829,3900
782,2019-07-31,50110520,60578,58244,18880,28829,3900
783,2019-07-31,50110530,60578,58244,18880,28829,3900
784,2019-07-31,50110540,60578,58244,18880,28829,3900
785,2019-07-31,50110550,60578,58244,18880,28829,3900
786,2019-07-31,50110560,60578,58244,18880,28829,3900
787,2019-07-31,50110570,60578,58244,18880,28829,3900
788,2019-07-31,50110580,60578,58244,18880,28829,3900
789,2019-07-31,50110590,60578,58244,18880,28829,3900
790,2019-07-31,50110600,60578,58244,18880,28829,3900
791,2019-07-31,50110610,60578,58244,18880,28829,3900
792,2019-07-31,50110620,60578,58244,18880,28829,3900
793,2019-07-31,50110630,60578,58244,18880,28829,3900
794,2019-07-31,50110640,60578,58244,18880,28829,3900
795,2019-07-31,50110650,60578,58244,18880,28829,3900
796,2019-07-31,50110660,60578,58244,18880,28829,3900
797,2019-07-31,50110670,60578,58244,18880,28829,3900
798,2019-07-31,50110680,60578,58244,18880,28829,3900
799,2019-07-31,50110690,60578,58244,18880,28829,3900
800,2019-07-31,50130250,34108,18251,10641,6543,1814
801,2019-07-31,50130253,34108,18251,10641,6543,1814
802,2019-07-31,50130259,34108,18251,10641,6543,1814
803,2019-07-31,50130310,34108,18251,10641,6543,1814
804,2019-07-31,50130320,34108,18251,10641,6543,1814
805,2019-07-31,50130510,34108,18251,10641,6543,1814
806,2019-07-31,50130520,34108,18251,10641,6543,1814
807,2019-07-31,50130530,34108,18251,10641,6543,1814
808,2019-07-31,50130540,34108,18251,10641,6543,1814
809,2019-07-31,50130550,34108,18251,10641,6543,1814
810,2019-07-31,50130560,34108,18251,10641,6543,1814
811,2019-07-31,50130570,34108,18251,10641,6543,1814
812,2019-07-31,50130580,34108,18251,10641,6543,1814
813,2019-07-31,50130590,34108,18251,10641,6543,1814
814,2019-07-31,50130600,34108,18251,10641,6543,1814
815,2019-07-31,50130610,34108,18251,10641,6543,1814
816,2019-07-31,50130620,34108,18251,10641,6543,1814
817,2019-08-31,50110250,60578,58244,18880,28829,3900
818,2019-08-31,50110253,60578,58244,18880,28829,3900
819,2019-08-31,50110256,60578,58244,18880,28829,3900
820,2019-08-31,50110259,60578,58244,18880,28829,3900
821,2019-08-31,50110310,60578,58244,18880,28829,3900
822,2019-08-31,50110320,60578,58244,18880,28829,3900
823,2019-08-31,50110330,60578,58244,18880,28829,3900
824,2019-08-31,50110510,60578,58244,18880,28829,3900
825,2019-08-31,50110520,60578,58244,18880,28829,3900
826,2019-08-31,50110530,60578,58244,18880,28829,3900
827,2019-08-31,50110540,60578,58244,18880,28829,3900
828,2019-08-31,50110550,60578,58244,18880,28829,3900
829,2019-08-31,50110560,60578,58244,18880,28829,3900
830,2019-08-31,50110570,60578,58244,18880,28829,3900
831,2019-08-31,50110580,60578,58244,18880,28829,3900
832,2019-08-31,50110590,60578,58244,18880,28829,3900
833,2019-08-31,50110600,60578,58244,18880,28829,3900
834,2019-08-31,50110610,60578,58244,18880,28829,3900
835,2019-08-31,50110620,60578,58244,18880,28829,3900
836,2019-08-31,50110630,60578,58244,18880,28829,3900
837,2019-08-31,50110640,60578,58244,18880,28829,3900
838,2019-08-31,50110650,60578,58244,18880,28829,3900
839,2019-08-31,50110660,60578,58244,18880,28829,3900
840,2019-08-31,50110670,60578,58244,18880,28829,3900
841,2019-08-31,50110680,60578,58244,18880,28829,3900
842,2019-08-31,50110690,60578,58244,18880,28829,3900
843,2019-08-31,50130250,34108,18251,10641,6543,1814
844,2019-08-31,50130253,34108,18251,10641,6543,1814
845,2019-08-31,50130259,34108,18251,10641,6543,1814
846,2019-08-31,50130310,34108,18251,10641,6543,1814
847,2019-08-31,50130320,34108,18251,10641,6543,1814
848,2019-08-31,50130510,34108,18251,10641,6543,1814
849,2019-08-31,50130520,34108,18251,10641,6543,1814
850,2019-08-31,50130530,34108,18251,10641,6543,1814
851,2019-08-31,50130540,34108,18251,10641,6543,1814
852,2019-08-31,50130550,34108,18251,10641,6543,1814
853,2019-08-31,50130560,34108,18251,10641,6543,1814
854,2019-08-31,50130570,34108,18251,10641,6543,1814
855,2019-08-31,50130580,34108,18251,10641,6543,1814
856,2019-08-31,50130590,34108,18251,10641,6543,1814
857,2019-08-31,50130600,34108,18251,10641,6543,1814
858,2019-08-31,50130610,34108,18251,10641,6543,1814
859,2019-08-31,50130620,34108,18251,10641,6543,1814
860,2019-09-30,50110250,60578,58244,18880,28829,3900
861,2019-09-30,50110253,60578,58244,18880,28829,3900
862,2019-09-30,50110256,60578,58244,18880,28829,3900
863,2019-09-30,50110259,60578,58244,18880,28829,3900
864,2019-09-30,50110310,60578,58244,18880,28829,3900
865,2019-09-30,50110320,60578,58244,18880,28829,3900
866,2019-09-30,50110330,60578,58244,18880,28829,3900
867,2019-09-30,50110510,60578,58244,18880,28829,3900
868,2019-09-30,50110520,60578,58244,18880,28829,3900
869,2019-09-30,50110530,60578,58244,18880,28829,3900
870,2019-09-30,50110540,60578,58244,18880,28829,3900
871,2019-09-30,50110550,60578,58244,18880,28829,3900
872,2019-09-30,50110560,60578,58244,18880,28829,3900
873,2019-09-30,50110570,60578,58244,18880,28829,3900
874,2019-09-30,50110580,60578,58244,18880,28829,3900
875,2019-09-30,50110590,60578,58244,18880,28829,3900
876,2019-09-30,50110600,60578,58244,18880,28829,3900
877,2019-09-30,50110610,60578,58244,18880,28829,3900
878,2019-09-30,50110620,60578,58244,18880,28829,3900
879,2019-09-30,50110630,60578,58244,18880,28829,3900
880,2019-09-30,50110640,60578,58244,18880,28829,3900
881,2019-09-30,50110650,60578,58244,18880,28829,3900
882,2019-09-30,50110660,60578,58244,18880,28829,3900
883,2019-09-30,50110670,60578,58244,18880,28829,3900
884,2019-09-30,50110680,60578,58244,18880,28829,3900
885,2019-09-30,50110690,60578,58244,18880,28829,3900
886,2019-09-30,50130250,34108,18251,10641,6543,1814
887,2019-09-30,50130253,34108,18251,10641,6543,1814
888,2019-09-30,50130259,34108,18251,10641,6543,1814
889,2019-09-30,50130310,34108,18251,10641,6543,1814
890,2019-09-30,50130320,34108,18251,10641,6543,1814
891,2019-09-30,50130510,34108,18251,10641,6543,1814
892,2019-09-30,50130520,34108,18251,10641,6543,1814
893,2019-09-30,50130530,34108,18251,10641,6543,1814
894,2019-09-30,50130540,34108,18251,10641,6543,1814
895,2019-09-30,50130550,34108,18251,10641,6543,1814
896,2019-09-30,50130560,34108,18251,10641,6543,1814
897,2019-09-30,50130570,34108,18251,10641,6543,1814
898,2019-09-30,50130580,34108,18251,10641,6543,1814
899,2019-09-30,50130590,34108,18251,10641,6543,1814
900,2019-09-30,50130600,34108,18251,10641,6543,1814
901,2019-09-30,50130610,34108,18251,10641,6543,1814
902,2019-09-30,50130620,34108,18251,10641,6543,1814
903,2019-10-31,50110250,60578,58244,18880,28829,3900
904,2019-10-31,50110253,60578,58244,18880,28829,3900
905,2019-10-31,50110256,60578,58244,18880,28829,3900
906,2019-10-31,50110259,60578,58244,18880,28829,3900
907,2019-10-31,50110310,60578,58244,18880,28829,3900
908,2019-10-31,50110320,60578,58244,18880,28829,3900
909,2019-10-31,50110330,60578,58244,18880,28829,3900
910,2019-10-31,50110510,60578,58244,18880,28829,3900
911,2019-10-31,50110520,60578,58244,18880,28829,3900
912,2019-10-31,50110530,60578,58244,18880,28829,3900
913,2019-10-31,50110540,60578,58244,18880,28829,3900
914,2019-10-31,50110550,60578,58244,18880,28829,3900
915,2019-10-31,50110560,60578,58244,18880,28829,3900
916,2019-10-31,50110570,60578,58244,18880,28829,3900
917,2019-10-31,50110580,60578,58244,18880,28829,3900
918,2019-10-31,50110590,60578,58244,18880,28829,3900
919,2019-10-31,50110600,60578,58244,18880,28829,3900
920,2019-10-31,50110610,60578,58244,18880,28829,3900
921,2019-10-31,50110620,60578,58244,18880,28829,3900
922,2019-10-31,50110630,60578,58244,18880,28829,3900
923,2019-10-31,50110640,60578,58244,18880,28829,3900
924,2019-10-31,50110650,60578,58244,18880,28829,3900
925,2019-10-31,50110660,60578,58244,18880,28829,3900
926,2019-10-31,50110670,60578,58244,18880,28829,3900
927,2019-10-31,50110680,60578,58244,18880,28829,3900
928,2019-10-31,50110690,60578,58244,18880,28829,3900
929,2019-10-31,50130250,34108,18251,10641,6543,1814
930,2019-10-31,50130253,34108,18251,10641,6543,1814
931,2019-10-31,50130259,34108,18251,10641,6543,1814
932,2019-10-31,50130310,34108,18251,10641,6543,1814
933,2019-10-31,50130320,34108,18251,10641,6543,1814
934,2019-10-31,50130510,34108,18251,10641,6543,1814
935,2019-10-31,50130520,34108,18251,10641,6543,1814
936,2019-10-31,50130530,34108,18251,10641,6543,1814
937,2019-10-31,50130540,34108,18251,10641,6543,1814
938,2019-10-31,50130550,34108,18251,10641,6543,1814
939,2019-10-31,50130560,34108,18251,10641,6543,1814
940,2019-10-31,50130570,34108,18251,10641,6543,1814
941,2019-10-31,50130580,34108,18251,10641,6543,1814
942,2019-10-31,50130590,34108,18251,10641,6543,1814
943,2019-10-31,50130600,34108,18251,10641,6543,1814
944,2019-10-31,50130610,34108,18251,10641,6543,1814
945,2019-10-31,50130620,34108,18251,10641,6543,1814
946,2019-11-30,50110250,60578,58244,18880,28829,3900
947,2019-11-30,50110253,60578,58244,18880,28829,3900
948,2019-11-30,50110256,60578,58244,18880,28829,3900
949,2019-11-30,50110259,60578,58244,18880,28829,3900
950,2019-11-30,50110310,60578,58244,18880,28829,3900
951,2019-11-30,50110320,60578,58244,18880,28829,3900
952,2019-11-30,50110330,60578,58244,18880,28829,3900
953,2019-11-30,50110510,60578,58244,18880,28829,3900
954,2019-11-30,50110520,60578,58244,18880,28829,3900
955,2019-11-30,50110530,60578,58244,18880,28829,3900
956,2019-11-30,50110540,60578,58244,18880,28829,3900
957,2019-11-30,50110550,60578,58244,18880,28829,3900
958,2019-11-30,50110560,60578,58244,18880,28829,3900
959,2019-11-30,50110570,60578,58244,18880,28829,3900
960,2019-11-30,50110580,60578,58244,18880,28829,3900
961,2019-11-30,50110590,60578,58244,18880,28829,3900
962,2019-11-30,50110600,60578,58244,18880,28829,3900
963,2019-11-30,50110610,60578,58244,18880,28829,3900
964,2019-11-30,50110620,60578,58244,18880,28829,3900
965,2019-11-30,50110630,60578,58244,18880,28829,3900
966,2019-11-30,50110640,60578,58244,18880,28829,3900
967,2019-11-30,50110650,60578,58244,18880,28829,3900
968,2019-11-30,50110660,60578,58244,18880,28829,3900
969,2019-11-30,50110670,60578,58244,18880,28829,3900
970,2019-11-30,50110680,60578,58244,18880,28829,3900
971,2019-11-30,50110690,60578,58244,18880,28829,3900
972,2019-11-30,50130250,34108,18251,10641,6543,1814
973,2019-11-30,50130253,34108,18251,10641,6543,1814
974,2019-11-30,50130259,34108,18251,10641,6543,1814
975,2019-11-30,50130310,34108,18251,10641,6543,1814
976,2019-11-30,50130320,34108,18251,10641,6543,1814
977,2019-11-30,50130510,34108,18251,10641,6543,1814
978,2019-11-30,50130520,34108,18251,10641,6543,1814
979,2019-11-30,50130530,34108,18251,10641,6543,1814
980,2019-11-30,50130540,34108,18251,10641,6543,1814
981,2019-11-30,50130550,34108,18251,10641,6543,1814
982,2019-11-30,50130560,34108,18251,10641,6543,1814
983,2019-11-30,50130570,34108,18251,10641,6543,1814
984,2019-11-30,50130580,34108,18251,10641,6543,1814
985,2019-11-30,50130590,34108,18251,10641,6543,1814
986,2019-11-30,50130600,34108,18251,10641,6543,1814
987,2019-11-30,50130610,34108,18251,10641,6543,1814
988,2019-11-30,50130620,34108,18251,10641,6543,1814
989,2019-12-31,50110250,60578,58244,18880,28829,3900
990,2019-12-31,50110253,60578,58244,18880,28829,3900
991,2019-12-31,50110256,60578,58244,18880,28829,3900
992,2019-12-31,50110259,60578,58244,18880,28829,3900
993,2019-12-31,50110310,60578,58244,18880,28829,3900
994,2019-12-31,50110320,60578,58244,18880,28829,3900
995,2019-12-31,50110330,60578,58244,18880,28829,3900
996,2019-12-31,50110510,60578,58244,18880,28829,3900
997,2019-12-31,50110520,60578,58244,18880,28829,3900
998,2019-12-31,50110530,60578,58244,18880,28829,3900
999,2019-12-31,50110540,60578,58244,18880,28829,3900
1000,2019-12-31,50110550,60578,58244,18880,28829,3900
1001,2019-12-31,50110560,60578,58244,18880,28829,3900
1002,2019-12-31,50110570,60578,58244,18880,28829,3900
1003,2019-12-31,50110580,60578,58244,18880,28829,3900
1004,2019-12-31,50110590,60578,58244,18880,28829,3900
1005,2019-12-31,50110600,60578,58244,18880,28829,3900
1006,2019-12-31,50110610,60578,58244,18880,28829,3900
1007,2019-12-31,50110620,60578,58244,18880,28829,3900
1008,2019-12-31,50110630,60578,58244,18880,28829,3900
1009,2019-12-31,50110640,60578,58244,18880,28829,3900
1010,2019-12-31,50110650,60578,58244,18880,28829,3900
1011,2019-12-31,50110660,60578,58244,18880,28829,3900
1012,2019-12-31,50110670,60578,58244,18880,28829,3900
1013,2019-12-31,50110680,60578,58244,18880,28829,3900
1014,2019-12-31,50110690,60578,58244,18880,28829,3900
1015,2019-12-31,50130250,34108,18251,10641,6543,1814
1016,2019-12-31,50130253,34108,18251,10641,6543,1814
1017,2019-12-31,50130259,34108,18251,10641,6543,1814
1018,2019-12-31,50130310,34108,18251,10641,6543,1814
1019,2019-12-31,50130320,34108,18251,10641,6543,1814
1020,2019-12-31,50130510,34108,18251,10641,6543,1814
1021,2019-12-31,50130520,34108,18251,10641,6543,1814
1022,2019-12-31,50130530,34108,18251,10641,6543,1814
1023,2019-12-31,50130540,34108,18251,10641,6543,1814
1024,2019-12-31,50130550,34108,18251,10641,6543,1814
1025,2019-12-31,50130560,34108,18251,10641,6543,1814
1026,2019-12-31,50130570,34108,18251,10641,6543,1814
1027,2019-12-31,50130580,34108,18251,10641,6543,1814
1028,2019-12-31,50130590,34108,18251,10641,6543,1814
1029,2019-12-31,50130600,34108,18251,10641,6543,1814
1030,2019-12-31,50130610,34108,18251,10641,6543,1814
1031,2019-12-31,50130620,34108,18251,10641,6543,1814
1032,2020-01-31,50110250,5542,954,1085,608,277
1033,2020-01-31,50110253,9367,1059,1739,1601,335
1034,2020-01-31,50110256,5532,134,231,380,244
1035,2020-01-31,50110259,6281,759,1493,1108,254
1036,2020-01-31,50110310,3864,24,217,81,104
1037,2020-01-31,50110320,783,X,X,20,21
1038,2020-01-31,50110330,658,X,6,7,50
1039,2020-01-31,50110510,439,115,15,143,84
1040,2020-01-31,50110520,3584,5116,411,1302,203
1041,2020-01-31,50110530,726,1226,64,239,138
1042,2020-01-31,50110540,3609,6553,2521,3647,486
1043,2020-01-31,50110550,1879,1147,179,712,153
1044,2020-01-31,50110560,1144,763,121,468,133
1045,2020-01-31,50110570,1268,263,132,530,85
1046,2020-01-31,50110580,2417,1161,272,716,109
1047,2020-01-31,50110590,1049,1145,233,665,56
1048,2020-01-31,50110600,1156,5510,612,1411,105
1049,2020-01-31,50110610,1494,5778,613,918,111
1050,2020-01-31,50110620,697,689,255,364,39
1051,2020-01-31,50110630,2134,4363,3227,2975,199
1052,2020-01-31,50110640,1094,545,1394,1797,114
1053,2020-01-31,50110650,1902,7474,1753,4015,279
1054,2020-01-31,50110660,2266,10247,2248,3429,225
1055,2020-01-31,50110670,1338,4098,412,1399,126
1056,2020-01-31,50110680,571,292,229,491,38
1057,2020-01-31,50110690,496,276,158,109,61
1058,2020-01-31,50130250,4792,715,3153,948,247
1059,2020-01-31,50130253,5359,705,504,289,171
1060,2020-01-31,50130259,4617,674,212,548,219
1061,2020-01-31,50130310,3791,193,464,479,141
1062,2020-01-31,50130320,3522,285,461,461,144
1063,2020-01-31,50130510,870,279,170,215,56
1064,2020-01-31,50130520,316,359,131,18,66
1065,2020-01-31,50130530,526,130,35,158,162
1066,2020-01-31,50130540,569,348,93,98,90
1067,2020-01-31,50130550,1222,33,296,347,47
1068,2020-01-31,50130560,1327,142,567,78,59
1069,2020-01-31,50130570,863,6483,571,1211,182
1070,2020-01-31,50130580,852,1758,512,625,66
1071,2020-01-31,50130590,1844,2143,1688,397,81
1072,2020-01-31,50130600,1612,2529,797,214,39
1073,2020-01-31,50130610,1484,1667,1152,615,88
1074,2020-01-31,50130620,1023,X,219,39,29
1075,2020-02-29,50110250,5542,954,1085,608,277
1076,2020-02-29,50110253,9367,1059,1739,1601,335
1077,2020-02-29,50110256,5532,134,231,380,244
1078,2020-02-29,50110259,6281,759,1493,1108,254
1079,2020-02-29,50110310,3864,24,217,81,104
1080,2020-02-29,50110320,783,X,X,20,21
1081,2020-02-29,50110330,658,X,6,7,50
1082,2020-02-29,50110510,439,115,15,143,84
1083,2020-02-29,50110520,3584,5116,411,1302,203
1084,2020-02-29,50110530,726,1226,64,239,138
1085,2020-02-29,50110540,3609,6553,2521,3647,486
1086,2020-02-29,50110550,1879,1147,179,712,153
1087,2020-02-29,50110560,1144,763,121,468,133
1088,2020-02-29,50110570,1268,263,132,530,85
1089,2020-02-29,50110580,2417,1161,272,716,109
1090,2020-02-29,50110590,1049,1145,233,665,56
1091,2020-02-29,50110600,1156,5510,612,1411,105
1092,2020-02-29,50110610,1494,5778,613,918,111
1093,2020-02-29,50110620,697,689,255,364,39
1094,2020-02-29,50110630,2134,4363,3227,2975,199
1095,2020-02-29,50110640,1094,545,1394,1797,114
1096,2020-02-29,50110650,1902,7474,1753,4015,279
1097,2020-02-29,50110660,2266,10247,2248,3429,225
1098,2020-02-29,50110670,1338,4098,412,1399,126
1099,2020-02-29,50110680,571,292,229,491,38
1100,2020-02-29,50110690,496,276,158,109,61
1101,2020-02-29,50130250,4792,715,3153,948,247
1102,2020-02-29,50130253,5359,705,504,289,171
1103,2020-02-29,50130259,4617,674,212,548,219
1104,2020-02-29,50130310,3791,193,464,479,141
1105,2020-02-29,50130320,3522,285,461,461,144
1106,2020-02-29,50130510,870,279,170,215,56
1107,2020-02-29,50130520,316,359,131,18,66
1108,2020-02-29,50130530,526,130,35,158,162
1109,2020-02-29,50130540,569,348,93,98,90
1110,2020-02-29,50130550,1222,33,296,347,47
1111,2020-02-29,50130560,1327,142,567,78,59
1112,2020-02-29,50130570,863,6483,571,1211,182
1113,2020-02-29,50130580,852,1758,512,625,66
1114,2020-02-29,50130590,1844,2143,1688,397,81
1115,2020-02-29,50130600,1612,2529,797,214,39
1116,2020-02-29,50130610,1484,1667,1152,615,88
1117,2020-02-29,50130620,1023,X,219,39,29
1118,2020-03-31,50110250,5542,954,1085,608,277
1119,2020-03-31,50110253,9367,1059,1739,1601,335
1120,2020-03-31,50110256,5532,134,231,380,244
1121,2020-03-31,50110259,6281,759,1493,1108,254
1122,2020-03-31,50110310,3864,24,217,81,104
1123,2020-03-31,50110320,783,X,X,20,21
1124,2020-03-31,50110330,658,X,6,7,50
1125,2020-03-31,50110510,439,115,15,143,84
1126,2020-03-31,50110520,3584,5116,411,1302,203
1127,2020-03-31,50110530,726,1226,64,239,138
1128,2020-03-31,50110540,3609,6553,2521,3647,486
1129,2020-03-31,50110550,1879,1147,179,712,153
1130,2020-03-31,50110560,1144,763,121,468,133
1131,2020-03-31,50110570,1268,263,132,530,85
1132,2020-03-31,50110580,2417,1161,272,716,109
1133,2020-03-31,50110590,1049,1145,233,665,56
1134,2020-03-31,50110600,1156,5510,612,1411,105
1135,2020-03-31,50110610,1494,5778,613,918,111
1136,2020-03-31,50110620,697,689,255,364,39
1137,2020-03-31,50110630,2134,4363,3227,2975,199
1138,2020-03-31,50110640,1094,545,1394,1797,114
1139,2020-03-31,50110650,1902,7474,1753,4015,279
1140,2020-03-31,50110660,2266,10247,2248,3429,225
1141,2020-03-31,50110670,1338,4098,412,1399,126
1142,2020-03-31,50110680,571,292,229,491,38
1143,2020-03-31,50110690,496,276,158,109,61
1144,2020-03-31,50130250,4792,715,3153,948,247
1145,2020-03-31,50130253,5359,705,504,289,171
1146,2020-03-31,50130259,4617,674,212,548,219
1147,2020-03-31,50130310,3791,193,464,479,141
1148,2020-03-31,50130320,3522,285,461,461,144
1149,2020-03-31,50130510,870,279,170,215,56
1150,2020-03-31,50130520,316,359,131,18,66
1151,2020-03-31,50130530,526,130,35,158,162
1152,2020-03-31,50130540,569,348,93,98,90
1153,2020-03-31,50130550,1222,33,296,347,47
1154,2020-03-31,50130560,1327,142,567,78,59
1155,2020-03-31,50130570,863,6483,571,1211,182
1156,2020-03-31,50130580,852,1758,512,625,66
1157,2020-03-31,50130590,1844,2143,1688,397,81
1158,2020-03-31,50130600,1612,2529,797,214,39
1159,2020-03-31,50130610,1484,1667,1152,615,88
1160,2020-03-31,50130620,1023,X,219,39,29
1161,2020-04-30,50110250,5542,954,1085,608,277
1162,2020-04-30,50110253,9367,1059,1739,1601,335
1163,2020-04-30,50110256,5532,134,231,380,244
1164,2020-04-30,50110259,6281,759,1493,1108,254
1165,2020-04-30,50110310,3864,24,217,81,104
1166,2020-04-30,50110320,783,X,X,20,21
1167,2020-04-30,50110330,658,X,6,7,50
1168,2020-04-30,50110510,439,115,15,143,84
1169,2020-04-30,50110520,3584,5116,411,1302,203
1170,2020-04-30,50110530,726,1226,64,239,138
1171,2020-04-30,50110540,3609,6553,2521,3647,486
1172,2020-04-30,50110550,1879,1147,179,712,153
1173,2020-04-30,50110560,1144,763,121,468,133
1174,2020-04-30,50110570,1268,263,132,530,85
1175,2020-04-30,50110580,2417,1161,272,716,109
1176,2020-04-30,50110590,1049,1145,233,665,56
1177,2020-04-30,50110600,1156,5510,612,1411,105
1178,2020-04-30,50110610,1494,5778,613,918,111
1179,2020-04-30,50110620,697,689,255,364,39
1180,2020-04-30,50110630,2134,4363,3227,2975,199
1181,2020-04-30,50110640,1094,545,1394,1797,114
1182,2020-04-30,50110650,1902,7474,1753,4015,279
1183,2020-04-30,50110660,2266,10247,2248,3429,225
1184,2020-04-30,50110670,1338,4098,412,1399,126
1185,2020-04-30,50110680,571,292,229,491,38
1186,2020-04-30,50110690,496,276,158,109,61
1187,2020-04-30,50130250,4792,715,3153,948,247
1188,2020-04-30,50130253,5359,705,504,289,171
1189,2020-04-30,50130259,4617,674,212,548,219
1190,2020-04-30,50130310,3791,193,464,479,141
1191,2020-04-30,50130320,3522,285,461,461,144
1192,2020-04-30,50130510,870,279,170,215,56
1193,2020-04-30,50130520,316,359,131,18,66
1194,2020-04-30,50130530,526,130,35,158,162
1195,2020-04-30,50130540,569,348,93,98,90
1196,2020-04-30,50130550,1222,33,296,347,47
1197,2020-04-30,50130560,1327,142,567,78,59
1198,2020-04-30,50130570,863,6483,571,1211,182
1199,2020-04-30,50130580,852,1758,512,625,66
1200,2020-04-30,50130590,1844,2143,1688,397,81
1201,2020-04-30,50130600,1612,2529,797,214,39
1202,2020-04-30,50130610,1484,1667,1152,615,88
1203,2020-04-30,50130620,1023,X,219,39,29
1204,2020-05-31,50110250,5542,954,1085,608,277
1205,2020-05-31,50110253,9367,1059,1739,1601,335
1206,2020-05-31,50110256,5532,134,231,380,244
1207,2020-05-31,50110259,6281,759,1493,1108,254
1208,2020-05-31,50110310,3864,24,217,81,104
1209,2020-05-31,50110320,783,X,X,20,21
1210,2020-05-31,50110330,658,X,6,7,50
1211,2020-05-31,50110510,439,115,15,143,84
1212,2020-05-31,50110520,3584,5116,411,1302,203
1213,2020-05-31,50110530,726,1226,64,239,138
1214,2020-05-31,50110540,3609,6553,2521,3647,486
1215,2020-05-31,50110550,1879,1147,179,712,153
1216,2020-05-31,50110560,1144,763,121,468,133
1217,2020-05-31,50110570,1268,263,132,530,85
1218,2020-05-31,50110580,2417,1161,272,716,109
1219,2020-05-31,50110590,1049,1145,233,665,56
1220,2020-05-31,50110600,1156,5510,612,1411,105
1221,2020-05-31,50110610,1494,5778,613,918,111
1222,2020-05-31,50110620,697,689,255,364,39
1223,2020-05-31,50110630,2134,4363,3227,2975,199
1224,2020-05-31,50110640,1094,545,1394,1797,114
1225,2020-05-31,50110650,1902,7474,1753,4015,279
1226,2020-05-31,50110660,2266,10247,2248,3429,225
1227,2020-05-31,50110670,1338,4098,412,1399,126
1228,2020-05-31,50110680,571,292,229,491,38
1229,2020-05-31,50110690,496,276,158,109,61
1230,2020-05-31,50130250,4792,715,3153,948,247
1231,2020-05-31,50130253,5359,705,504,289,171
1232,2020-05-31,50130259,4617,674,212,548,219
1233,2020-05-31,50130310,3791,193,464,479,141
1234,2020-05-31,50130320,3522,285,461,461,144
1235,2020-05-31,50130510,870,279,170,215,56
1236,2020-05-31,50130520,316,359,131,18,66
1237,2020-05-31,50130530,526,130,35,158,162
1238,2020-05-31,50130540,569,348,93,98,90
1239,2020-05-31,50130550,1222,33,296,347,47
1240,2020-05-31,50130560,1327,142,567,78,59
1241,2020-05-31,50130570,863,6483,571,1211,182
1242,2020-05-31,50130580,852,1758,512,625,66
1243,2020-05-31,50130590,1844,2143,1688,397,81
1244,2020-05-31,50130600,1612,2529,797,214,39
1245,2020-05-31,50130610,1484,1667,1152,615,88
1246,2020-05-31,50130620,1023,X,219,39,29
1247,2020-06-30,50110250,5542,954,1085,608,277
1248,2020-06-30,50110253,9367,1059,1739,1601,335
1249,2020-06-30,50110256,5532,134,231,380,244
1250,2020-06-30,50110259,6281,759,1493,1108,254
1251,2020-06-30,50110310,3864,24,217,81,104
1252,2020-06-30,50110320,783,X,X,20,21
1253,2020-06-30,50110330,658,X,6,7,50
1254,2020-06-30,50110510,439,115,15,143,84
1255,2020-06-30,50110520,3584,5116,411,1302,203
1256,2020-06-30,50110530,726,1226,64,239,138
1257,2020-06-30,50110540,3609,6553,2521,3647,486
1258,2020-06-30,50110550,1879,1147,179,712,153
1259,2020-06-30,50110560,1144,763,121,468,133
1260,2020-06-30,50110570,1268,263,132,530,85
1261,2020-06-30,50110580,2417,1161,272,716,109
1262,2020-06-30,50110590,1049,1145,233,665,56
1263,2020-06-30,50110600,1156,5510,612,1411,105
1264,2020-06-30,50110610,1494,5778,613,918,111
1265,2020-06-30,50110620,697,689,255,364,39
1266,2020-06-30,50110630,2134,4363,3227,2975,199
1267,2020-06-30,50110640,1094,545,1394,1797,114
1268,2020-06-30,50110650,1902,7474,1753,4015,279
1269,2020-06-30,50110660,2266,10247,2248,3429,225
1270,2020-06-30,50110670,1338,4098,412,1399,126
1271,2020-06-30,50110680,571,292,229,491,38
1272,2020-06-30,50110690,496,276,158,109,61
1273,2020-06-30,50130250,4792,715,3153,948,247
1274,2020-06-30,50130253,5359,705,504,289,171
1275,2020-06-30,50130259,4617,674,212,548,219
1276,2020-06-30,50130310,3791,193,464,479,141
1277,2020-06-30,50130320,3522,285,461,461,144
1278,2020-06-30,50130510,870,279,170,215,56
1279,2020-06-30,50130520,316,359,131,18,66
1280,2020-06-30,50130530,526,130,35,158,162
1281,2020-06-30,50130540,569,348,93,98,90
1282,2020-06-30,50130550,1222,33,296,347,47
1283,2020-06-30,50130560,1327,142,567,78,59
1284,2020-06-30,50130570,863,6483,571,1211,182
1285,2020-06-30,50130580,852,1758,512,625,66
1286,2020-06-30,50130590,1844,2143,1688,397,81
1287,2020-06-30,50130600,1612,2529,797,214,39
1288,2020-06-30,50130610,1484,1667,1152,615,88
1289,2020-06-30,50130620,1023,X,219,39,29
1290,2020-07-31,50110250,5542,954,1085,608,277
1291,2020-07-31,50110253,9367,1059,1739,1601,335
1292,2020-07-31,50110256,5532,134,231,380,244
1293,2020-07-31,50110259,6281,759,1493,1108,254
1294,2020-07-31,50110310,3864,24,217,81,104
1295,2020-07-31,50110320,783,X,X,20,21
1296,2020-07-31,50110330,658,X,6,7,50
1297,2020-07-31,50110510,439,115,15,143,84
1298,2020-07-31,50110520,3584,5116,411,1302,203
1299,2020-07-31,50110530,726,1226,64,239,138
1300,2020-07-31,50110540,3609,6553,2521,3647,486
1301,2020-07-31,50110550,1879,1147,179,712,153
1302,2020-07-31,50110560,1144,763,121,468,133
1303,2020-07-31,50110570,1268,263,132,530,85
1304,2020-07-31,50110580,2417,1161,272,716,109
1305,2020-07-31,50110590,1049,1145,233,665,56
1306,2020-07-31,50110600,1156,5510,612,1411,105
1307,2020-07-31,50110610,1494,5778,613,918,111
1308,2020-07-31,50110620,697,689,255,364,39
1309,2020-07-31,50110630,2134,4363,3227,2975,199
1310,2020-07-31,50110640,1094,545,1394,1797,114
1311,2020-07-31,50110650,1902,7474,1753,4015,279
1312,2020-07-31,50110660,2266,10247,2248,3429,225
1313,2020-07-31,50110670,1338,4098,412,1399,126
1314,2020-07-31,50110680,571,292,229,491,38
1315,2020-07-31,50110690,496,276,158,109,61
1316,2020-07-31,50130250,4792,715,3153,948,247
1317,2020-07-31,50130253,5359,705,504,289,171
1318,2020-07-31,50130259,4617,674,212,548,219
1319,2020-07-31,50130310,3791,193,464,479,141
1320,2020-07-31,50130320,3522,285,461,461,144
1321,2020-07-31,50130510,870,279,170,215,56
1322,2020-07-31,50130520,316,359,131,18,66
1323,2020-07-31,50130530,526,130,35,158,162
1324,2020-07-31,50130540,569,348,93,98,90
1325,2020-07-31,50130550,1222,33,296,347,47
1326,2020-07-31,50130560,1327,142,567,78,59
1327,2020-07-31,50130570,863,6483,571,1211,182
1328,2020-07-31,50130580,852,1758,512,625,66
1329,2020-07-31,50130590,1844,2143,1688,397,81
1330,2020-07-31,50130600,1612,2529,797,214,39
1331,2020-07-31,50130610,1484,1667,1152,615,88
1332,2020-07-31,50130620,1023,X,219,39,29
1333,2020-08-31,50110250,5542,954,1085,608,277
1334,2020-08-31,50110253,9367,1059,1739,1601,335
1335,2020-08-31,50110256,5532,134,231,380,244
1336,2020-08-31,50110259,6281,759,1493,1108,254
1337,2020-08-31,50110310,3864,24,217,81,104
1338,2020-08-31,50110320,783,X,X,20,21
1339,2020-08-31,50110330,658,X,6,7,50
1340,2020-08-31,50110510,439,115,15,143,84
1341,2020-08-31,50110520,3584,5116,411,1302,203
1342,2020-08-31,50110530,726,1226,64,239,138
1343,2020-08-31,50110540,3609,6553,2521,3647,486
1344,2020-08-31,50110550,1879,1147,179,712,153
1345,2020-08-31,50110560,1144,763,121,468,133
1346,2020-08-31,50110570,1268,263,132,530,85
1347,2020-08-31,50110580,2417,1161,272,716,109
1348,2020-08-31,50110590,1049,1145,233,665,56
1349,2020-08-31,50110600,1156,5510,612,1411,105
1350,2020-08-31,50110610,1494,5778,613,918,111
1351,2020-08-31,50110620,697,689,255,364,39
1352,2020-08-31,50110630,2134,4363,3227,2975,199
1353,2020-08-31,50110640,1094,545,1394,1797,114
1354,2020-08-31,50110650,1902,7474,1753,4015,279
1355,2020-08-31,50110660,2266,10247,2248,3429,225
1356,2020-08-31,50110670,1338,4098,412,1399,126
1357,2020-08-31,50110680,571,292,229,491,38
1358,2020-08-31,50110690,496,276,158,109,61
1359,2020-08-31,50130250,4792,715,3153,948,247
1360,2020-08-31,50130253,5359,705,504,289,171
1361,2020-08-31,50130259,4617,674,212,548,219
1362,2020-08-31,50130310,3791,193,464,479,141
1363,2020-08-31,50130320,3522,285,461,461,144
1364,2020-08-31,50130510,870,279,170,215,56
1365,2020-08-31,50130520,316,359,131,18,66
1366,2020-08-31,50130530,526,130,35,158,162
1367,2020-08-31,50130540,569,348,93,98,90
1368,2020-08-31,50130550,1222,33,296,347,47
1369,2020-08-31,50130560,1327,142,567,78,59
1370,2020-08-31,50130570,863,6483,571,1211,182
1371,2020-08-31,50130580,852,1758,512,625,66
1372,2020-08-31,50130590,1844,2143,1688,397,81
1373,2020-08-31,50130600,1612,2529,797,214,39
1374,2020-08-31,50130610,1484,1667,1152,615,88
1375,2020-08-31,50130620,1023,X,219,39,29
1376,2020-09-30,50110250,5542,954,1085,608,277
1377,2020-09-30,50110253,9367,1059,1739,1601,335
1378,2020-09-30,50110256,5532,134,231,380,244
1379,2020-09-30,50110259,6281,759,1493,1108,254
1380,2020-09-30,50110310,3864,24,217,81,104
1381,2020-09-30,50110320,783,X,X,20,21
1382,2020-09-30,50110330,658,X,6,7,50
1383,2020-09-30,50110510,439,115,15,143,84
1384,2020-09-30,50110520,3584,5116,411,1302,203
1385,2020-09-30,50110530,726,1226,64,239,138
1386,2020-09-30,50110540,3609,6553,2521,3647,486
1387,2020-09-30,50110550,1879,1147,179,712,153
1388,2020-09-30,50110560,1144,763,121,468,133
1389,2020-09-30,50110570,1268,263,132,530,85
1390,2020-09-30,50110580,2417,1161,272,716,109
1391,2020-09-30,50110590,1049,1145,233,665,56
1392,2020-09-30,50110600,1156,5510,612,1411,105
1393,2020-09-30,50110610,1494,5778,613,918,111
1394,2020-09-30,50110620,697,689,255,364,39
1395,2020-09-30,50110630,2134,4363,3227,2975,199
1396,2020-09-30,50110640,1094,545,1394,1797,114
1397,2020-09-30,50110650,1902,7474,1753,4015,279
1398,2020-09-30,50110660,2266,10247,2248,3429,225
1399,2020-09-30,50110670,1338,4098,412,1399,126
1400,2020-09-30,50110680,571,292,229,491,38
1401,2020-09-30,50110690,496,276,158,109,61
1402,2020-09-30,50130250,4792,715,3153,948,247
1403,2020-09-30,50130253,5359,705,504,289,171
1404,2020-09-30,50130259,4617,674,212,548,219
1405,2020-09-30,50130310,3791,193,464,479,141
1406,2020-09-30,50130320,3522,285,461,461,144
1407,2020-09-30,50130510,870,279,170,215,56
1408,2020-09-30,50130520,316,359,131,18,66
1409,2020-09-30,50130530,526,130,35,158,162
1410,2020-09-30,50130540,569,348,93,98,90
1411,2020-09-30,50130550,1222,33,296,347,47
1412,2020-09-30,50130560,1327,142,567,78,59
1413,2020-09-30,50130570,863,6483,571,1211,182
1414,2020-09-30,50130580,852,1758,512,625,66
1415,2020-09-30,50130590,1844,2143,1688,397,81
1416,2020-09-30,50130600,1612,2529,797,214,39
1417,2020-09-30,50130610,1484,1667,1152,615,88
1418,2020-09-30,50130620,1023,X,219,39,29
1419,2020-10-31,50110250,5542,954,1085,608,277
1420,2020-10-31,50110253,9367,1059,1739,1601,335
1421,2020-10-31,50110256,5532,134,231,380,244
1422,2020-10-31,50110259,6281,759,1493,1108,254
1423,2020-10-31,50110310,3864,24,217,81,104
1424,2020-10-31,50110320,783,X,X,20,21
1425,2020-10-31,50110330,658,X,6,7,50
1426,2020-10-31,50110510,439,115,15,143,84
1427,2020-10-31,50110520,3584,5116,411,1302,203
1428,2020-10-31,50110530,726,1226,64,239,138
1429,2020-10-31,50110540,3609,6553,2521,3647,486
1430,2020-10-31,50110550,1879,1147,179,712,153
1431,2020-10-31,50110560,1144,763,121,468,133
1432,2020-10-31,50110570,1268,263,132,530,85
1433,2020-10-31,50110580,2417,1161,272,716,109
1434,2020-10-31,50110590,1049,1145,233,665,56
1435,2020-10-31,50110600,1156,5510,612,1411,105
1436,2020-10-31,50110610,1494,5778,613,918,111
1437,2020-10-31,50110620,697,689,255,364,39
1438,2020-10-31,50110630,2134,4363,3227,2975,199
1439,2020-10-31,50110640,1094,545,1394,1797,114
1440,2020-10-31,50110650,1902,7474,1753,4015,279
1441,2020-10-31,50110660,2266,10247,2248,3429,225
1442,2020-10-31,50110670,1338,4098,412,1399,126
1443,2020-10-31,50110680,571,292,229,491,38
1444,2020-10-31,50110690,496,276,158,109,61
1445,2020-10-31,50130250,4792,715,3153,948,247
1446,2020-10-31,50130253,5359,705,504,289,171
1447,2020-10-31,50130259,4617,674,212,548,219
1448,2020-10-31,50130310,3791,193,464,479,141
1449,2020-10-31,50130320,3522,285,461,461,144
1450,2020-10-31,50130510,870,279,170,215,56
1451,2020-10-31,50130520,316,359,131,18,66
1452,2020-10-31,50130530,526,130,35,158,162
1453,2020-10-31,50130540,569,348,93,98,90
1454,2020-10-31,50130550,1222,33,296,347,47
1455,2020-10-31,50130560,1327,142,567,78,59
1456,2020-10-31,50130570,863,6483,571,1211,182
1457,2020-10-31,50130580,852,1758,512,625,66
1458,2020-10-31,50130590,1844,2143,1688,397,81
1459,2020-10-31,50130600,1612,2529,797,214,39
1460,2020-10-31,50130610,1484,1667,1152,615,88
1461,2020-10-31,50130620,1023,X,219,39,29
1462,2020-11-30,50110250,5542,954,1085,608,277
1463,2020-11-30,50110253,9367,1059,1739,1601,335
1464,2020-11-30,50110256,5532,134,231,380,244
1465,2020-11-30,50110259,6281,759,1493,1108,254
1466,2020-11-30,50110310,3864,24,217,81,104
1467,2020-11-30,50110320,783,X,X,20,21
1468,2020-11-30,50110330,658,X,6,7,50
1469,2020-11-30,50110510,439,115,15,143,84
1470,2020-11-30,50110520,3584,5116,411,1302,203
1471,2020-11-30,50110530,726,1226,64,239,138
1472,2020-11-30,50110540,3609,6553,2521,3647,486
1473,2020-11-30,50110550,1879,1147,179,712,153
1474,2020-11-30,50110560,1144,763,121,468,133
1475,2020-11-30,50110570,1268,263,132,530,85
1476,2020-11-30,50110580,2417,1161,272,716,109
1477,2020-11-30,50110590,1049,1145,233,665,56
1478,2020-11-30,50110600,1156,5510,612,1411,105
1479,2020-11-30,50110610,1494,5778,613,918,111
1480,2020-11-30,50110620,697,689,255,364,39
1481,2020-11-30,50110630,2134,4363,3227,2975,199
1482,2020-11-30,50110640,1094,545,1394,1797,114
1483,2020-11-30,50110650,1902,7474,1753,4015,279
1484,2020-11-30,50110660,2266,10247,2248,3429,225
1485,2020-11-30,50110670,1338,4098,412,1399,126
1486,2020-11-30,50110680,571,292,229,491,38
1487,2020-11-30,50110690,496,276,158,109,61
1488,2020-11-30,50130250,4792,715,3153,948,247
1489,2020-11-30,50130253,5359,705,504,289,171
1490,2020-11-30,50130259,4617,674,212,548,219
1491,2020-11-30,50130310,3791,193,464,479,141
1492,2020-11-30,50130320,3522,285,461,461,144
1493,2020-11-30,50130510,870,279,170,215,56
1494,2020-11-30,50130520,316,359,131,18,66
1495,2020-11-30,50130530,526,130,35,158,162
1496,2020-11-30,50130540,569,348,93,98,90
1497,2020-11-30,50130550,1222,33,296,347,47
1498,2020-11-30,50130560,1327,142,567,78,59
1499,2020-11-30,50130570,863,6483,571,1211,182
1500,2020-11-30,50130580,852,1758,512,625,66
1501,2020-11-30,50130590,1844,2143,1688,397,81
1502,2020-11-30,50130600,1612,2529,797,214,39
1503,2020-11-30,50130610,1484,1667,1152,615,88
1504,2020-11-30,50130620,1023,X,219,39,29
1505,2020-12-31,50110250,5542,954,1085,608,277
1506,2020-12-31,50110253,9367,1059,1739,1601,335
1507,2020-12-31,50110256,5532,134,231,380,244
1508,2020-12-31,50110259,6281,759,1493,1108,254
1509,2020-12-31,50110310,3864,24,217,81,104
1510,2020-12-31,50110320,783,X,X,20,21
1511,2020-12-31,50110330,658,X,6,7,50
1512,2020-12-31,50110510,439,115,15,143,84
1513,2020-12-31,50110520,3584,5116,411,1302,203
1514,2020-12-31,50110530,726,1226,64,239,138
1515,2020-12-31,50110540,3609,6553,2521,3647,486
1516,2020-12-31,50110550,1879,1147,179,712,153
1517,2020-12-31,50110560,1144,763,121,468,133
1518,2020-12-31,50110570,1268,263,132,530,85
1519,2020-12-31,50110580,2417,1161,272,716,109
1520,2020-12-31,50110590,1049,1145,233,665,56
1521,2020-12-31,50110600,1156,5510,612,1411,105
1522,2020-12-31,50110610,1494,5778,613,918,111
1523,2020-12-31,50110620,697,689,255,364,39
1524,2020-12-31,50110630,2134,4363,3227,2975,199
1525,2020-12-31,50110640,1094,545,1394,1797,114
1526,2020-12-31,50110650,1902,7474,1753,4015,279
1527,2020-12-31,50110660,2266,10247,2248,3429,225
1528,2020-12-31,50110670,1338,4098,412,1399,126
1529,2020-12-31,50110680,571,292,229,491,38
1530,2020-12-31,50110690,496,276,158,109,61
1531,2020-12-31,50130250,4792,715,3153,948,247
1532,2020-12-31,50130253,5359,705,504,289,171
1533,2020-12-31,50130259,4617,674,212,548,219
1534,2020-12-31,50130310,3791,193,464,479,141
1535,2020-12-31,50130320,3522,285,461,461,144
1536,2020-12-31,50130510,870,279,170,215,56
1537,2020-12-31,50130520,316,359,131,18,66
1538,2020-12-31,50130530,526,130,35,158,162
1539,2020-12-31,50130540,569,348,93,98,90
1540,2020-12-31,50130550,1222,33,296,347,47
1541,2020-12-31,50130560,1327,142,567,78,59
1542,2020-12-31,50130570,863,6483,571,1211,182
1543,2020-12-31,50130580,852,1758,512,625,66
1544,2020-12-31,50130590,1844,2143,1688,397,81
1545,2020-12-31,50130600,1612,2529,797,214,39
1546,2020-12-31,50130610,1484,1667,1152,615,88
1547,2020-12-31,50130620,1023,X,219,39,29
1548,2021-01-31,50110250,5542,954,1085,608,277
1549,2021-01-31,50110253,9367,1059,1739,1601,335
1550,2021-01-31,50110256,5532,134,231,380,244
1551,2021-01-31,50110259,6281,759,1493,1108,254
1552,2021-01-31,50110310,3864,24,217,81,104
1553,2021-01-31,50110320,783,X,X,20,21
1554,2021-01-31,50110330,658,X,6,7,50
1555,2021-01-31,50110510,439,115,15,143,84
1556,2021-01-31,50110520,3584,5116,411,1302,203
1557,2021-01-31,50110530,726,1226,64,239,138
1558,2021-01-31,50110540,3609,6553,2521,3647,486
1559,2021-01-31,50110550,1879,1147,179,712,153
1560,2021-01-31,50110560,1144,763,121,468,133
1561,2021-01-31,50110570,1268,263,132,530,85
1562,2021-01-31,50110580,2417,1161,272,716,109
1563,2021-01-31,50110590,1049,1145,233,665,56
1564,2021-01-31,50110600,1156,5510,612,1411,105
1565,2021-01-31,50110610,1494,5778,613,918,111
1566,2021-01-31,50110620,697,689,255,364,39
1567,2021-01-31,50110630,2134,4363,3227,2975,199
1568,2021-01-31,50110640,1094,545,1394,1797,114
1569,2021-01-31,50110650,1902,7474,1753,4015,279
1570,2021-01-31,50110660,2266,10247,2248,3429,225
1571,2021-01-31,50110670,1338,4098,412,1399,126
1572,2021-01-31,50110680,571,292,229,491,38
1573,2021-01-31,50110690,496,276,158,109,61
1574,2021-01-31,50130250,4792,715,3153,948,247
1575,2021-01-31,50130253,5359,705,504,289,171
1576,2021-01-31,50130259,4617,674,212,548,219
1577,2021-01-31,50130310,3791,193,464,479,141
1578,2021-01-31,50130320,3522,285,461,461,144
1579,2021-01-31,50130510,870,279,170,215,56
1580,2021-01-31,50130520,316,359,131,18,66
1581,2021-01-31,50130530,526,130,35,158,162
1582,2021-01-31,50130540,569,348,93,98,90
1583,2021-01-31,50130550,1222,33,296,347,47
1584,2021-01-31,50130560,1327,142,567,78,59
1585,2021-01-31,50130570,863,6483,571,1211,182
1586,2021-01-31,50130580,852,1758,512,625,66
1587,2021-01-31,50130590,1844,2143,1688,397,81
1588,2021-01-31,50130600,1612,2529,797,214,39
1589,2021-01-31,50130610,1484,1667,1152,615,88
1590,2021-01-31,50130620,1023,X,219,39,29
1591,2021-02-28,50110250,5542,954,1085,608,277
1592,2021-02-28,50110253,9367,1059,1739,1601,335
1593,2021-02-28,50110256,5532,134,231,380,244
1594,2021-02-28,50110259,6281,759,1493,1108,254
1595,2021-02-28,50110310,3864,24,217,81,104
1596,2021-02-28,50110320,783,X,X,20,21
1597,2021-02-28,50110330,658,X,6,7,50
1598,2021-02-28,50110510,439,115,15,143,84
1599,2021-02-28,50110520,3584,5116,411,1302,203
1600,2021-02-28,50110530,726,1226,64,239,138
1601,2021-02-28,50110540,3609,6553,2521,3647,486
1602,2021-02-28,50110550,1879,1147,179,712,153
1603,2021-02-28,50110560,1144,763,121,468,133
1604,2021-02-28,50110570,1268,263,132,530,85
1605,2021-02-28,50110580,2417,1161,272,716,109
1606,2021-02-28,50110590,1049,1145,233,665,56
1607,2021-02-28,50110600,1156,5510,612,1411,105
1608,2021-02-28,50110610,1494,5778,613,918,111
1609,2021-02-28,50110620,697,689,255,364,39
1610,2021-02-28,50110630,2134,4363,3227,2975,199
1611,2021-02-28,50110640,1094,545,1394,1797,114
1612,2021-02-28,50110650,1902,7474,1753,4015,279
1613,2021-02-28,50110660,2266,10247,2248,3429,225
1614,2021-02-28,50110670,1338,4098,412,1399,126
1615,2021-02-28,50110680,571,292,229,491,38
1616,2021-02-28,50110690,496,276,158,109,61
1617,2021-02-28,50130250,4792,715,3153,948,247
1618,2021-02-28,50130253,5359,705,504,289,171
1619,2021-02-28,50130259,4617,674,212,548,219
1620,2021-02-28,50130310,3791,193,464,479,141
1621,2021-02-28,50130320,3522,285,461,461,144
1622,2021-02-28,50130510,870,279,170,215,56
1623,2021-02-28,50130520,316,359,131,18,66
1624,2021-02-28,50130530,526,130,35,158,162
1625,2021-02-28,50130540,569,348,93,98,90
1626,2021-02-28,50130550,1222,33,296,347,47
1627,2021-02-28,50130560,1327,142,567,78,59
1628,2021-02-28,50130570,863,6483,571,1211,182
1629,2021-02-28,50130580,852,1758,512,625,66
1630,2021-02-28,50130590,1844,2143,1688,397,81
1631,2021-02-28,50130600,1612,2529,797,214,39
1632,2021-02-28,50130610,1484,1667,1152,615,88
1633,2021-02-28,50130620,1023,X,219,39,29
1634,2021-03-31,50110250,5542,954,1085,608,277
1635,2021-03-31,50110253,9367,1059,1739,1601,335
1636,2021-03-31,50110256,5532,134,231,380,244
1637,2021-03-31,50110259,6281,759,1493,1108,254
1638,2021-03-31,50110310,3864,24,217,81,104
1639,2021-03-31,50110320,783,X,X,20,21
1640,2021-03-31,50110330,658,X,6,7,50
1641,2021-03-31,50110510,439,115,15,143,84
1642,2021-03-31,50110520,3584,5116,411,1302,203
1643,2021-03-31,50110530,726,1226,64,239,138
1644,2021-03-31,50110540,3609,6553,2521,3647,486
1645,2021-03-31,50110550,1879,1147,179,712,153
1646,2021-03-31,50110560,1144,763,121,468,133
1647,2021-03-31,50110570,1268,263,132,530,85
1648,2021-03-31,50110580,2417,1161,272,716,109
1649,2021-03-31,50110590,1049,1145,233,665,56
1650,2021-03-31,50110600,1156,5510,612,1411,105
1651,2021-03-31,50110610,1494,5778,613,918,111
1652,2021-03-31,50110620,697,689,255,364,39
1653,2021-03-31,50110630,2134,4363,3227,2975,199
1654,2021-03-31,50110640,1094,545,1394,1797,114
1655,2021-03-31,50110650,1902,7474,1753,4015,279
1656,2021-03-31,50110660,2266,10247,2248,3429,225
1657,2021-03-31,50110670,1338,4098,412,1399,126
1658,2021-03-31,50110680,571,292,229,491,38
1659,2021-03-31,50110690,496,276,158,109,61
1660,2021-03-31,50130250,4792,715,3153,948,247
1661,2021-03-31,50130253,5359,705,504,289,171
1662,2021-03-31,50130259,4617,674,212,548,219
1663,2021-03-31,50130310,3791,193,464,479,141
1664,2021-03-31,50130320,3522,285,461,461,144
1665,2021-03-31,50130510,870,279,170,215,56
1666,2021-03-31,50130520,316,359,131,18,66
1667,2021-03-31,50130530,526,130,35,158,162
1668,2021-03-31,50130540,569,348,93,98,90
1669,2021-03-31,50130550,1222,33,296,347,47
1670,2021-03-31,50130560,1327,142,567,78,59
1671,2021-03-31,50130570,863,6483,571,1211,182
1672,2021-03-31,50130580,852,1758,512,625,66
1673,2021-03-31,50130590,1844,2143,1688,397,81
1674,2021-03-31,50130600,1612,2529,797,214,39
1675,2021-03-31,50130610,1484,1667,1152,615,88
1676,2021-03-31,50130620,1023,X,219,39,29
1677,2021-04-30,50110250,5542,954,1085,608,277
1678,2021-04-30,50110253,9367,1059,1739,1601,335
1679,2021-04-30,50110256,5532,134,231,380,244
1680,2021-04-30,50110259,6281,759,1493,1108,254
1681,2021-04-30,50110310,3864,24,217,81,104
1682,2021-04-30,50110320,783,X,X,20,21
1683,2021-04-30,50110330,658,X,6,7,50
1684,2021-04-30,50110510,439,115,15,143,84
1685,2021-04-30,50110520,3584,5116,411,1302,203
1686,2021-04-30,50110530,726,1226,64,239,138
1687,2021-04-30,50110540,3609,6553,2521,3647,486
1688,2021-04-30,50110550,1879,1147,179,712,153
1689,2021-04-30,50110560,1144,763,121,468,133
1690,2021-04-30,50110570,1268,263,132,530,85
1691,2021-04-30,50110580,2417,1161,272,716,109
1692,2021-04-30,50110590,1049,1145,233,665,56
1693,2021-04-30,50110600,1156,5510,612,1411,105
1694,2021-04-30,50110610,1494,5778,613,918,111
1695,2021-04-30,50110620,697,689,255,364,39
1696,2021-04-30,50110630,2134,4363,3227,2975,199
1697,2021-04-30,50110640,1094,545,1394,1797,114
1698,2021-04-30,50110650,1902,7474,1753,4015,279
1699,2021-04-30,50110660,2266,10247,2248,3429,225
1700,2021-04-30,50110670,1338,4098,412,1399,126
1701,2021-04-30,50110680,571,292,229,491,38
1702,2021-04-30,50110690,496,276,158,109,61
1703,2021-04-30,50130250,4792,715,3153,948,247
1704,2021-04-30,50130253,5359,705,504,289,171
1705,2021-04-30,50130259,4617,674,212,548,219
1706,2021-04-30,50130310,3791,193,464,479,141
1707,2021-04-30,50130320,3522,285,461,461,144
1708,2021-04-30,50130510,870,279,170,215,56
1709,2021-04-30,50130520,316,359,131,18,66
1710,2021-04-30,50130530,526,130,35,158,162
1711,2021-04-30,50130540,569,348,93,98,90
1712,2021-04-30,50130550,1222,33,296,347,47
1713,2021-04-30,50130560,1327,142,567,78,59
1714,2021-04-30,50130570,863,6483,571,1211,182
1715,2021-04-30,50130580,852,1758,512,625,66
1716,2021-04-30,50130590,1844,2143,1688,397,81
1717,2021-04-30,50130600,1612,2529,797,214,39
1718,2021-04-30,50130610,1484,1667,1152,615,88
1719,2021-04-30,50130620,1023,X,219,39,29
1720,2021-05-31,50110250,5542,954,1085,608,277
1721,2021-05-31,50110253,9367,1059,1739,1601,335
1722,2021-05-31,50110256,5532,134,231,380,244
1723,2021-05-31,50110259,6281,759,1493,1108,254
1724,2021-05-31,50110310,3864,24,217,81,104
1725,2021-05-31,50110320,783,X,X,20,21
1726,2021-05-31,50110330,658,X,6,7,50
1727,2021-05-31,50110510,439,115,15,143,84
1728,2021-05-31,50110520,3584,5116,411,1302,203
1729,2021-05-31,50110530,726,1226,64,239,138
1730,2021-05-31,50110540,3609,6553,2521,3647,486
1731,2021-05-31,50110550,1879,1147,179,712,153
1732,2021-05-31,50110560,1144,763,121,468,133
1733,2021-05-31,50110570,1268,263,132,530,85
1734,2021-05-31,50110580,2417,1161,272,716,109
1735,2021-05-31,50110590,1049,1145,233,665,56
1736,2021-05-31,50110600,1156,5510,612,1411,105
1737,2021-05-31,50110610,1494,5778,613,918,111
1738,2021-05-31,50110620,697,689,255,364,39
1739,2021-05-31,50110630,2134,4363,3227,2975,199
1740,2021-05-31,50110640,1094,545,1394,1797,114
1741,2021-05-31,50110650,1902,7474,1753,4015,279
1742,2021-05-31,50110660,2266,10247,2248,3429,225
1743,2021-05-31,50110670,1338,4098,412,1399,126
1744,2021-05-31,50110680,571,292,229,491,38
1745,2021-05-31,50110690,496,276,158,109,61
1746,2021-05-31,50130250,4792,715,3153,948,247
1747,2021-05-31,50130253,5359,705,504,289,171
1748,2021-05-31,50130259,4617,674,212,548,219
1749,2021-05-31,50130310,3791,193,464,479,141
1750,2021-05-31,50130320,3522,285,461,461,144
1751,2021-05-31,50130510,870,279,170,215,56
1752,2021-05-31,50130520,316,359,131,18,66
1753,2021-05-31,50130530,526,130,35,158,162
1754,2021-05-31,50130540,569,348,93,98,90
1755,2021-05-31,50130550,1222,33,296,347,47
1756,2021-05-31,50130560,1327,142,567,78,59
1757,2021-05-31,50130570,863,6483,571,1211,182
1758,2021-05-31,50130580,852,1758,512,625,66
1759,2021-05-31,50130590,1844,2143,1688,397,81
1760,2021-05-31,50130600,1612,2529,797,214,39
1761,2021-05-31,50130610,1484,1667,1152,615,88
1762,2021-05-31,50130620,1023,X,219,39,29
1763,2021-06-30,50110250,5542,954,1085,608,277
1764,2021-06-30,50110253,9367,1059,1739,1601,335
1765,2021-06-30,50110256,5532,134,231,380,244
1766,2021-06-30,50110259,6281,759,1493,1108,254
1767,2021-06-30,50110310,3864,24,217,81,104
1768,2021-06-30,50110320,783,X,X,20,21
1769,2021-06-30,50110330,658,X,6,7,50
1770,2021-06-30,50110510,439,115,15,143,84
1771,2021-06-30,50110520,3584,5116,411,1302,203
1772,2021-06-30,50110530,726,1226,64,239,138
1773,2021-06-30,50110540,3609,6553,2521,3647,486
1774,2021-06-30,50110550,1879,1147,179,712,153
1775,2021-06-30,50110560,1144,763,121,468,133
1776,2021-06-30,50110570,1268,263,132,530,85
1777,2021-06-30,50110580,2417,1161,272,716,109
1778,2021-06-30,50110590,1049,1145,233,665,56
1779,2021-06-30,50110600,1156,5510,612,1411,105
1780,2021-06-30,50110610,1494,5778,613,918,111
1781,2021-06-30,50110620,697,689,255,364,39
1782,2021-06-30,50110630,2134,4363,3227,2975,199
1783,2021-06-30,50110640,1094,545,1394,1797,114
1784,2021-06-30,50110650,1902,7474,1753,4015,279
1785,2021-06-30,50110660,2266,10247,2248,3429,225
1786,2021-06-30,50110670,1338,4098,412,1399,126
1787,2021-06-30,50110680,571,292,229,491,38
1788,2021-06-30,50110690,496,276,158,109,61
1789,2021-06-30,50130250,4792,715,3153,948,247
1790,2021-06-30,50130253,5359,705,504,289,171
1791,2021-06-30,50130259,4617,674,212,548,219
1792,2021-06-30,50130310,3791,193,464,479,141
1793,2021-06-30,50130320,3522,285,461,461,144
1794,2021-06-30,50130510,870,279,170,215,56
1795,2021-06-30,50130520,316,359,131,18,66
1796,2021-06-30,50130530,526,130,35,158,162
1797,2021-06-30,50130540,569,348,93,98,90
1798,2021-06-30,50130550,1222,33,296,347,47
1799,2021-06-30,50130560,1327,142,567,78,59
1800,2021-06-30,50130570,863,6483,571,1211,182
1801,2021-06-30,50130580,852,1758,512,625,66
1802,2021-06-30,50130590,1844,2143,1688,397,81
1803,2021-06-30,50130600,1612,2529,797,214,39
1804,2021-06-30,50130610,1484,1667,1152,615,88
1805,2021-06-30,50130620,1023,X,219,39,29
