base_date,emd_cd,fe_resid_reg_pop,fe_foreign_pop,m_resid_reg_pop,m_foreign_pop
0,2018-01-31,50110250,10081,1338,10808,2192
1,2018-02-28,50110250,10089,1337,10796,2205
2,2018-03-31,50110250,10136,1328,10860,2208
3,2018-04-30,50110250,10168,1357,10868,2213
4,2018-05-31,50110250,10214,1368,10898,2235
5,2018-06-30,50110250,10217,1347,10884,2320
6,2018-07-31,50110250,10231,1342,10895,2321
7,2018-08-31,50110250,10260,1344,10930,2351
8,2018-09-30,50110250,10253,1339,10944,2377
9,2018-10-31,50110250,10273,1340,10962,2358
10,2018-11-30,50110250,10295,1355,10988,2345
11,2018-12-31,50110250,10319,1347,10990,2347
12,2019-01-31,50110250,10326,1348,11011,2343
13,2019-02-28,50110250,10327,1348,11029,2322
14,2019-03-31,50110250,10339,1349,11037,2300
15,2019-04-30,50110250,10363,1349,11048,2301
16,2019-05-31,50110250,10389,1347,11052,2321
17,2019-06-30,50110250,10401,1355,11041,2320
18,2019-07-31,50110250,10377,1356,11023,2319
19,2019-08-31,50110250,10398,1351,11021,2343
20,2019-09-30,50110250,10377,1348,11011,2348
21,2019-10-31,50110250,10367,1347,11013,2383
22,2019-11-30,50110250,10377,1353,11023,2396
23,2019-12-31,50110250,10354,1332,11011,2383
24,2020-01-31,50110250,10369,1328,11004,2375
25,2020-02-29,50110250,10341,1328,10985,2367
26,2020-03-31,50110250,10310,1322,10970,2340
27,2020-04-30,50110250,10302,1317,10950,2329
28,2020-05-31,50110250,10279,1305,10923,2309
29,2020-06-30,50110250,10297,1301,10901,2303
30,2020-07-31,50110250,10320,1288,10898,2275
31,2020-08-31,50110250,10327,1261,10902,2257
32,2020-09-30,50110250,10334,1248,10891,2238
33,2020-10-31,50110250,10346,1212,10900,2209
34,2020-11-30,50110250,10355,1189,10893,2190
35,2020-12-31,50110250,10363,1176,10886,2184
36,2021-01-31,50110250,10374,1171,10889,2182
37,2021-02-28,50110250,10371,1157,10896,2147
38,2021-03-31,50110250,10308,1152,10906,2128
39,2021-04-30,50110250,10318,1149,10906,2114
40,2021-05-31,50110250,10302,1147,10891,2095
41,2021-06-30,50110250,10341,1140,10891,2090
42,2018-01-31,50110253,16563,454,17708,481
43,2018-02-28,50110253,16609,496,17777,544
44,2018-03-31,50110253,16649,494,17842,535
45,2018-04-30,50110253,16701,484,17927,529
46,2018-05-31,50110253,16753,500,17952,538
47,2018-06-30,50110253,16826,485,18005,546
48,2018-07-31,50110253,16874,490,18069,545
49,2018-08-31,50110253,16916,480,18129,534
50,2018-09-30,50110253,16958,498,18182,544
51,2018-10-31,50110253,17027,529,18273,565
52,2018-11-30,50110253,17062,540,18340,554
53,2018-12-31,50110253,17097,551,18354,548
54,2019-01-31,50110253,17078,553,18400,615
55,2019-02-28,50110253,17165,550,18425,604
56,2019-03-31,50110253,17217,519,18517,596
57,2019-04-30,50110253,17255,526,18541,580
58,2019-05-31,50110253,17333,519,18585,582
59,2019-06-30,50110253,17380,498,18666,572
60,2019-07-31,50110253,17388,496,18663,572
61,2019-08-31,50110253,17390,499,18666,572
62,2019-09-30,50110253,17417,514,18693,570
63,2019-10-31,50110253,17439,542,18693,573
64,2019-11-30,50110253,17484,549,18698,568
65,2019-12-31,50110253,17515,541,18718,571
66,2020-01-31,50110253,17489,546,18697,578
67,2020-02-29,50110253,17549,547,18784,566
68,2020-03-31,50110253,17570,526,18789,548
69,2020-04-30,50110253,17590,507,18806,541
70,2020-05-31,50110253,17675,506,18841,529
71,2020-06-30,50110253,17721,507,18895,523
72,2020-07-31,50110253,17780,509,18925,526
73,2020-08-31,50110253,17838,512,18977,520
74,2020-09-30,50110253,17851,470,18959,508
75,2020-10-31,50110253,17840,477,18959,511
76,2020-11-30,50110253,17850,480,18992,509
77,2020-12-31,50110253,17888,481,19025,504
78,2021-01-31,50110253,17910,479,19026,489
79,2021-02-28,50110253,17989,478,19017,472
80,2021-03-31,50110253,18045,476,19027,467
81,2021-04-30,50110253,18096,491,19031,462
82,2021-05-31,50110253,18148,502,19075,472
83,2021-06-30,50110253,18215,495,19122,466
84,2018-01-31,50110256,7609,184,7965,368
85,2018-02-28,50110256,7614,181,7996,372
86,2018-03-31,50110256,7594,176,8002,376
87,2018-04-30,50110256,7593,177,8015,373
88,2018-05-31,50110256,7624,181,8021,378
89,2018-06-30,50110256,7634,189,8038,400
90,2018-07-31,50110256,7661,189,8054,412
91,2018-08-31,50110256,7640,198,8037,410
92,2018-09-30,50110256,7642,198,8043,413
93,2018-10-31,50110256,7649,200,8020,417
94,2018-11-30,50110256,7631,198,8023,422
95,2018-12-31,50110256,7644,195,8026,418
96,2019-01-31,50110256,7578,196,7996,414
97,2019-02-28,50110256,7611,197,8022,409
98,2019-03-31,50110256,7591,205,8010,419
99,2019-04-30,50110256,7620,211,8007,451
100,2019-05-31,50110256,7624,215,8017,450
101,2019-06-30,50110256,7634,210,8016,451
102,2019-07-31,50110256,7626,209,8016,460
103,2019-08-31,50110256,7635,209,8026,461
104,2019-09-30,50110256,7623,209,8028,463
105,2019-10-31,50110256,7603,207,8002,462
106,2019-11-30,50110256,7565,203,7991,455
107,2019-12-31,50110256,7575,203,8014,440
108,2020-01-31,50110256,7545,206,8004,448
109,2020-02-29,50110256,7546,206,8008,442
110,2020-03-31,50110256,7525,200,7989,425
111,2020-04-30,50110256,7484,196,7949,422
112,2020-05-31,50110256,7497,196,7955,418
113,2020-06-30,50110256,7498,195,7968,416
114,2020-07-31,50110256,7513,192,7986,410
115,2020-08-31,50110256,7531,188,7993,406
116,2020-09-30,50110256,7545,188,7986,409
117,2020-10-31,50110256,7546,184,8000,411
118,2020-11-30,50110256,7557,181,8000,415
119,2020-12-31,50110256,7555,177,7991,406
120,2021-01-31,50110256,7542,178,7970,409
121,2021-02-28,50110256,7551,181,7979,402
122,2021-03-31,50110256,7487,174,7925,399
123,2021-04-30,50110256,7495,174,7930,392
124,2021-05-31,50110256,7487,171,7915,390
125,2021-06-30,50110256,7481,162,7920,392
126,2018-01-31,50110259,11394,237,12062,289
127,2018-02-28,50110259,11409,229,12102,291
128,2018-03-31,50110259,11440,233,12143,295
129,2018-04-30,50110259,11479,241,12180,297
130,2018-05-31,50110259,11503,249,12215,309
131,2018-06-30,50110259,11538,253,12242,317
132,2018-07-31,50110259,11583,254,12305,338
133,2018-08-31,50110259,11592,257,12334,346
134,2018-09-30,50110259,11635,253,12362,344
135,2018-10-31,50110259,11658,256,12368,343
136,2018-11-30,50110259,11676,258,12412,336
137,2018-12-31,50110259,11675,259,12431,353
138,2019-01-31,50110259,11682,261,12442,359
139,2019-02-28,50110259,11730,258,12498,356
140,2019-03-31,50110259,11785,258,12527,350
141,2019-04-30,50110259,11815,263,12531,340
142,2019-05-31,50110259,11856,258,12522,339
143,2019-06-30,50110259,11883,252,12534,341
144,2019-07-31,50110259,11909,252,12559,343
145,2019-08-31,50110259,11904,250,12552,337
146,2019-09-30,50110259,11948,247,12583,336
147,2019-10-31,50110259,11961,245,12607,342
148,2019-11-30,50110259,11977,257,12637,367
149,2019-12-31,50110259,12004,269,12666,374
150,2020-01-31,50110259,12056,275,12747,376
151,2020-02-29,50110259,12117,283,12820,369
152,2020-03-31,50110259,12152,279,12812,365
153,2020-04-30,50110259,12167,283,12828,368
154,2020-05-31,50110259,12172,259,12804,340
155,2020-06-30,50110259,12235,253,12823,333
156,2020-07-31,50110259,12276,253,12873,330
157,2020-08-31,50110259,12286,250,12882,324
158,2020-09-30,50110259,12334,251,12912,318
159,2020-10-31,50110259,12360,255,12935,313
160,2020-11-30,50110259,12378,259,12950,316
161,2020-12-31,50110259,12381,256,12958,310
162,2021-01-31,50110259,12398,249,12963,309
163,2021-02-28,50110259,12427,246,12980,299
164,2021-03-31,50110259,12364,246,12960,288
165,2021-04-30,50110259,12390,244,12990,282
166,2021-05-31,50110259,12425,245,13002,278
167,2021-06-30,50110259,12422,242,13017,279
168,2018-01-31,50110310,4441,95,4509,224
169,2018-02-28,50110310,4456,96,4509,215
170,2018-03-31,50110310,4471,91,4528,217
171,2018-04-30,50110310,4485,92,4546,214
172,2018-05-31,50110310,4519,94,4574,219
173,2018-06-30,50110310,4520,97,4574,246
174,2018-07-31,50110310,4525,100,4562,252
175,2018-08-31,50110310,4500,103,4564,249
176,2018-09-30,50110310,4492,105,4559,260
177,2018-10-31,50110310,4510,104,4564,259
178,2018-11-30,50110310,4495,106,4573,254
179,2018-12-31,50110310,4507,106,4582,252
180,2019-01-31,50110310,4503,108,4583,252
181,2019-02-28,50110310,4509,107,4584,255
182,2019-03-31,50110310,4525,110,4597,252
183,2019-04-30,50110310,4529,110,4605,257
184,2019-05-31,50110310,4510,111,4591,249
185,2019-06-30,50110310,4510,109,4606,251
186,2019-07-31,50110310,4515,110,4603,250
187,2019-08-31,50110310,4509,110,4589,250
188,2019-09-30,50110310,4503,109,4562,249
189,2019-10-31,50110310,4490,109,4582,251
190,2019-11-30,50110310,4482,108,4577,260
191,2019-12-31,50110310,4485,107,4552,261
192,2020-01-31,50110310,4485,108,4559,262
193,2020-02-29,50110310,4485,112,4560,259
194,2020-03-31,50110310,4484,110,4566,249
195,2020-04-30,50110310,4481,109,4540,247
196,2020-05-31,50110310,4475,130,4536,262
197,2020-06-30,50110310,4502,136,4559,270
198,2020-07-31,50110310,4509,138,4570,270
199,2020-08-31,50110310,4505,137,4577,269
200,2020-09-30,50110310,4494,135,4558,270
201,2020-10-31,50110310,4494,135,4555,269
202,2020-11-30,50110310,4481,130,4538,265
203,2020-12-31,50110310,4474,129,4555,264
204,2021-01-31,50110310,4487,128,4554,261
205,2021-02-28,50110310,4510,127,4566,260
206,2021-03-31,50110310,4488,126,4564,258
207,2021-04-30,50110310,4512,118,4585,250
208,2021-05-31,50110310,4536,102,4614,234
209,2021-06-30,50110310,4531,100,4627,237
210,2018-01-31,50110320,842,11,1020,352
211,2018-02-28,50110320,854,10,1031,349
212,2018-03-31,50110320,843,10,1015,340
213,2018-04-30,50110320,843,10,1002,334
214,2018-05-31,50110320,835,11,990,324
215,2018-06-30,50110320,838,12,994,332
216,2018-07-31,50110320,838,12,983,328
217,2018-08-31,50110320,836,13,987,334
218,2018-09-30,50110320,831,13,985,338
219,2018-10-31,50110320,830,14,980,328
220,2018-11-30,50110320,827,14,972,330
221,2018-12-31,50110320,825,16,979,329
222,2019-01-31,50110320,814,16,975,319
223,2019-02-28,50110320,799,15,965,318
224,2019-03-31,50110320,798,15,958,310
225,2019-04-30,50110320,798,14,961,303
226,2019-05-31,50110320,792,15,958,303
227,2019-06-30,50110320,790,15,951,313
228,2019-07-31,50110320,789,14,949,313
229,2019-08-31,50110320,791,14,946,311
230,2019-09-30,50110320,790,17,953,319
231,2019-10-31,50110320,790,17,942,318
232,2019-11-30,50110320,789,17,946,329
233,2019-12-31,50110320,792,13,941,311
234,2020-01-31,50110320,788,13,929,314
235,2020-02-29,50110320,798,14,931,302
236,2020-03-31,50110320,786,14,918,290
237,2020-04-30,50110320,784,12,914,284
238,2020-05-31,50110320,784,12,912,280
239,2020-06-30,50110320,784,12,903,280
240,2020-07-31,50110320,782,12,900,272
241,2020-08-31,50110320,780,13,901,264
242,2020-09-30,50110320,775,13,899,263
243,2020-10-31,50110320,769,13,900,265
244,2020-11-30,50110320,770,13,901,263
245,2020-12-31,50110320,774,12,903,274
246,2021-01-31,50110320,772,12,891,261
247,2021-02-28,50110320,762,12,891,255
248,2021-03-31,50110320,758,11,878,254
249,2021-04-30,50110320,760,10,872,252
250,2021-05-31,50110320,753,11,870,244
251,2021-06-30,50110320,752,11,874,240
252,2018-01-31,50110330,875,16,981,16
253,2018-02-28,50110330,875,16,982,16
254,2018-03-31,50110330,875,15,990,17
255,2018-04-30,50110330,877,16,996,18
256,2018-05-31,50110330,877,17,1001,16
257,2018-06-30,50110330,878,14,1007,20
258,2018-07-31,50110330,886,14,1002,21
259,2018-08-31,50110330,879,14,1000,22
260,2018-09-30,50110330,878,15,1002,23
261,2018-10-31,50110330,876,17,994,23
262,2018-11-30,50110330,875,18,992,22
263,2018-12-31,50110330,868,19,984,21
264,2019-01-31,50110330,872,18,983,21
265,2019-02-28,50110330,881,18,980,19
266,2019-03-31,50110330,877,19,978,18
267,2019-04-30,50110330,884,18,983,20
268,2019-05-31,50110330,886,18,990,18
269,2019-06-30,50110330,889,17,980,20
270,2019-07-31,50110330,887,14,984,20
271,2019-08-31,50110330,897,14,992,21
272,2019-09-30,50110330,898,13,985,19
273,2019-10-31,50110330,899,13,983,20
274,2019-11-30,50110330,883,12,979,20
275,2019-12-31,50110330,888,11,974,19
276,2020-01-31,50110330,888,11,972,19
277,2020-02-29,50110330,872,11,971,18
278,2020-03-31,50110330,865,11,963,15
279,2020-04-30,50110330,859,11,953,15
280,2020-05-31,50110330,854,12,938,14
281,2020-06-30,50110330,846,12,935,12
282,2020-07-31,50110330,846,13,932,11
283,2020-08-31,50110330,847,13,921,11
284,2020-09-30,50110330,844,14,908,10
285,2020-10-31,50110330,841,13,909,10
286,2020-11-30,50110330,843,13,910,10
287,2020-12-31,50110330,832,15,908,11
288,2021-01-31,50110330,835,14,906,12
289,2021-02-28,50110330,836,14,910,12
290,2021-03-31,50110330,827,14,907,13
291,2021-04-30,50110330,825,14,897,13
292,2021-05-31,50110330,824,14,895,13
293,2021-06-30,50110330,819,14,903,15
294,2018-01-31,50110510,1453,36,1586,52
295,2018-02-28,50110510,1425,37,1570,52
296,2018-03-31,50110510,1416,35,1561,51
297,2018-04-30,50110510,1419,37,1564,49
298,2018-05-31,50110510,1423,38,1562,58
299,2018-06-30,50110510,1417,34,1559,62
300,2018-07-31,50110510,1409,39,1549,76
301,2018-08-31,50110510,1409,38,1550,75
302,2018-09-30,50110510,1401,39,1537,69
303,2018-10-31,50110510,1388,41,1537,71
304,2018-11-30,50110510,1384,41,1522,72
305,2018-12-31,50110510,1367,43,1517,66
306,2019-01-31,50110510,1359,43,1511,61
307,2019-02-28,50110510,1362,42,1511,55
308,2019-03-31,50110510,1369,41,1501,57
309,2019-04-30,50110510,1356,43,1493,53
310,2019-05-31,50110510,1345,41,1487,55
311,2019-06-30,50110510,1337,40,1480,56
312,2019-07-31,50110510,1331,41,1473,52
313,2019-08-31,50110510,1318,39,1456,51
314,2019-09-30,50110510,1319,40,1456,53
315,2019-10-31,50110510,1308,42,1439,48
316,2019-11-30,50110510,1305,42,1426,46
317,2019-12-31,50110510,1301,42,1423,43
318,2020-01-31,50110510,1288,41,1413,43
319,2020-02-29,50110510,1270,39,1401,42
320,2020-03-31,50110510,1271,37,1405,40
321,2020-04-30,50110510,1264,38,1411,39
322,2020-05-31,50110510,1259,38,1406,41
323,2020-06-30,50110510,1258,35,1411,39
324,2020-07-31,50110510,1252,37,1403,41
325,2020-08-31,50110510,1248,36,1392,43
326,2020-09-30,50110510,1243,36,1390,42
327,2020-10-31,50110510,1243,34,1372,45
328,2020-11-30,50110510,1241,34,1372,48
329,2020-12-31,50110510,1222,32,1362,48
330,2021-01-31,50110510,1214,32,1347,47
331,2021-02-28,50110510,1205,35,1339,46
332,2021-03-31,50110510,1169,34,1316,46
333,2021-04-30,50110510,1163,34,1301,46
334,2021-05-31,50110510,1153,35,1301,44
335,2021-06-30,50110510,1156,35,1309,42
336,2018-01-31,50110520,17797,184,17188,92
337,2018-02-28,50110520,17776,186,17177,92
338,2018-03-31,50110520,17793,186,17167,88
339,2018-04-30,50110520,17766,186,17171,90
340,2018-05-31,50110520,17732,183,17140,86
341,2018-06-30,50110520,17670,183,17112,96
342,2018-07-31,50110520,17624,183,17060,106
343,2018-08-31,50110520,17619,186,17078,116
344,2018-09-30,50110520,17604,193,17058,120
345,2018-10-31,50110520,17613,189,17040,121
346,2018-11-30,50110520,17587,192,16999,107
347,2018-12-31,50110520,17495,193,16893,103
348,2019-01-31,50110520,17388,201,16802,107
349,2019-02-28,50110520,17354,197,16766,105
350,2019-03-31,50110520,17321,199,16753,95
351,2019-04-30,50110520,17270,210,16762,98
352,2019-05-31,50110520,17253,211,16749,99
353,2019-06-30,50110520,17228,209,16754,92
354,2019-07-31,50110520,17235,211,16730,97
355,2019-08-31,50110520,17184,217,16694,98
356,2019-09-30,50110520,17196,218,16689,105
357,2019-10-31,50110520,17188,217,16668,104
358,2019-11-30,50110520,17161,218,16630,105
359,2019-12-31,50110520,17118,213,16565,102
360,2020-01-31,50110520,17063,213,16549,101
361,2020-02-29,50110520,17040,213,16538,101
362,2020-03-31,50110520,17016,213,16477,100
363,2020-04-30,50110520,16976,214,16429,98
364,2020-05-31,50110520,16957,220,16405,94
365,2020-06-30,50110520,16933,226,16400,93
366,2020-07-31,50110520,16908,223,16392,93
367,2020-08-31,50110520,16881,223,16351,93
368,2020-09-30,50110520,16848,221,16344,95
369,2020-10-31,50110520,16858,214,16330,91
370,2020-11-30,50110520,16821,211,16297,84
371,2020-12-31,50110520,16782,208,16280,83
372,2021-01-31,50110520,16709,206,16179,81
373,2021-02-28,50110520,16714,200,16176,82
374,2021-03-31,50110520,16607,197,16107,82
375,2021-04-30,50110520,16589,202,16089,80
376,2021-05-31,50110520,16582,201,16089,76
377,2021-06-30,50110520,16569,200,16077,75
378,2018-01-31,50110530,3975,81,3980,51
379,2018-02-28,50110530,3957,77,3969,47
380,2018-03-31,50110530,3949,77,3979,46
381,2018-04-30,50110530,3940,73,3977,44
382,2018-05-31,50110530,3949,73,3958,45
383,2018-06-30,50110530,3947,72,3933,49
384,2018-07-31,50110530,3955,75,3920,50
385,2018-08-31,50110530,3956,73,3927,53
386,2018-09-30,50110530,3958,75,3914,53
387,2018-10-31,50110530,3961,78,3901,54
388,2018-11-30,50110530,3967,83,3898,54
389,2018-12-31,50110530,3967,85,3884,53
390,2019-01-31,50110530,3965,86,3859,55
391,2019-02-28,50110530,3973,84,3848,55
392,2019-03-31,50110530,3939,83,3822,55
393,2019-04-30,50110530,3930,85,3786,54
394,2019-05-31,50110530,3923,84,3780,53
395,2019-06-30,50110530,3921,81,3773,57
396,2019-07-31,50110530,3910,84,3780,60
397,2019-08-31,50110530,3883,85,3772,59
398,2019-09-30,50110530,3889,93,3771,62
399,2019-10-31,50110530,3896,91,3760,58
400,2019-11-30,50110530,3865,85,3752,57
401,2019-12-31,50110530,3876,91,3773,56
402,2020-01-31,50110530,3904,91,3784,55
403,2020-02-29,50110530,3905,89,3797,54
404,2020-03-31,50110530,3885,81,3806,53
405,2020-04-30,50110530,3877,83,3809,53
406,2020-05-31,50110530,3860,81,3816,54
407,2020-06-30,50110530,3861,82,3809,54
408,2020-07-31,50110530,3854,82,3810,52
409,2020-08-31,50110530,3842,77,3803,53
410,2020-09-30,50110530,3862,75,3818,56
411,2020-10-31,50110530,3856,70,3818,55
412,2020-11-30,50110530,3850,70,3820,55
413,2020-12-31,50110530,3857,71,3826,54
414,2021-01-31,50110530,3842,70,3793,53
415,2021-02-28,50110530,3804,72,3768,53
416,2021-03-31,50110530,3791,72,3743,55
417,2021-04-30,50110530,3797,73,3744,56
418,2021-05-31,50110530,3794,73,3715,54
419,2021-06-30,50110530,3798,76,3739,54
420,2018-01-31,50110540,25593,344,24510,214
421,2018-02-28,50110540,25488,332,24417,216
422,2018-03-31,50110540,25421,341,24400,226
423,2018-04-30,50110540,25420,342,24393,230
424,2018-05-31,50110540,25435,354,24448,340
425,2018-06-30,50110540,25452,360,24462,303
426,2018-07-31,50110540,25383,352,24445,302
427,2018-08-31,50110540,25393,357,24424,290
428,2018-09-30,50110540,25355,370,24429,301
429,2018-10-31,50110540,25302,372,24430,312
430,2018-11-30,50110540,25291,370,24381,290
431,2018-12-31,50110540,25200,385,24256,296
432,2019-01-31,50110540,25291,384,24358,295
433,2019-02-28,50110540,25304,391,24412,290
434,2019-03-31,50110540,25331,395,24438,292
435,2019-04-30,50110540,25366,385,24485,290
436,2019-05-31,50110540,25403,382,24542,285
437,2019-06-30,50110540,25445,389,24537,284
438,2019-07-31,50110540,25462,375,24576,283
439,2019-08-31,50110540,25462,382,24598,292
440,2019-09-30,50110540,25436,382,24652,294
441,2019-10-31,50110540,25458,383,24623,303
442,2019-11-30,50110540,25439,386,24599,297
443,2019-12-31,50110540,25410,386,24554,305
444,2020-01-31,50110540,25428,387,24525,305
445,2020-02-29,50110540,25413,395,24529,305
446,2020-03-31,50110540,25441,385,24570,298
447,2020-04-30,50110540,25449,384,24591,292
448,2020-05-31,50110540,25445,379,24629,287
449,2020-06-30,50110540,25464,380,24651,287
450,2020-07-31,50110540,25496,377,24640,272
451,2020-08-31,50110540,25477,369,24635,265
452,2020-09-30,50110540,25456,362,24530,261
453,2020-10-31,50110540,25465,358,24541,256
454,2020-11-30,50110540,25435,353,24512,249
455,2020-12-31,50110540,25388,341,24446,248
456,2021-01-31,50110540,25370,334,24431,247
457,2021-02-28,50110540,25324,328,24314,249
458,2021-03-31,50110540,25254,332,24287,246
459,2021-04-30,50110540,25268,334,24287,244
460,2021-05-31,50110540,25258,330,24301,245
461,2021-06-30,50110540,25254,322,24299,241
462,2018-01-31,50110550,7348,81,7057,60
463,2018-02-28,50110550,7354,83,7056,64
464,2018-03-31,50110550,7338,85,7042,69
465,2018-04-30,50110550,7319,94,7023,77
466,2018-05-31,50110550,7306,98,7001,337
467,2018-06-30,50110550,7285,97,6994,190
468,2018-07-31,50110550,7269,93,7012,143
469,2018-08-31,50110550,7265,89,7014,133
470,2018-09-30,50110550,7278,84,7021,127
471,2018-10-31,50110550,7270,80,7007,111
472,2018-11-30,50110550,7264,77,6996,83
473,2018-12-31,50110550,7239,78,6951,77
474,2019-01-31,50110550,7191,78,6928,77
475,2019-02-28,50110550,7139,78,6897,76
476,2019-03-31,50110550,7135,78,6883,77
477,2019-04-30,50110550,7134,78,6875,73
478,2019-05-31,50110550,7124,77,6857,69
479,2019-06-30,50110550,7110,77,6837,72
480,2019-07-31,50110550,7132,78,6850,70
481,2019-08-31,50110550,7124,80,6827,69
482,2019-09-30,50110550,7098,83,6826,69
483,2019-10-31,50110550,7076,84,6810,72
484,2019-11-30,50110550,7070,86,6797,68
485,2019-12-31,50110550,7066,85,6788,66
486,2020-01-31,50110550,7013,84,6758,65
487,2020-02-29,50110550,6989,84,6754,65
488,2020-03-31,50110550,6971,82,6740,65
489,2020-04-30,50110550,6970,87,6727,67
490,2020-05-31,50110550,6968,86,6703,69
491,2020-06-30,50110550,6980,83,6712,67
492,2020-07-31,50110550,6968,83,6703,65
493,2020-08-31,50110550,6964,82,6691,60
494,2020-09-30,50110550,6954,81,6662,59
495,2020-10-31,50110550,6933,80,6656,55
496,2020-11-30,50110550,6942,79,6654,53
497,2020-12-31,50110550,6940,81,6646,52
498,2021-01-31,50110550,6933,83,6646,53
499,2021-02-28,50110550,6928,84,6641,53
500,2021-03-31,50110550,6907,84,6616,51
501,2021-04-30,50110550,6886,83,6617,51
502,2021-05-31,50110550,6895,86,6630,52
503,2021-06-30,50110550,6886,87,6627,51
504,2018-01-31,50110560,4188,94,4500,128
505,2018-02-28,50110560,4199,97,4497,128
506,2018-03-31,50110560,4195,95,4480,121
507,2018-04-30,50110560,4183,97,4473,131
508,2018-05-31,50110560,4166,103,4451,151
509,2018-06-30,50110560,4157,112,4444,154
510,2018-07-31,50110560,4131,112,4436,158
511,2018-08-31,50110560,4095,111,4415,162
512,2018-09-30,50110560,4079,108,4405,154
513,2018-10-31,50110560,4055,108,4393,159
514,2018-11-30,50110560,4031,113,4376,157
515,2018-12-31,50110560,4023,110,4374,155
516,2019-01-31,50110560,4018,117,4376,165
517,2019-02-28,50110560,3994,114,4351,159
518,2019-03-31,50110560,3991,108,4328,159
519,2019-04-30,50110560,3971,112,4293,169
520,2019-05-31,50110560,3966,107,4288,168
521,2019-06-30,50110560,3957,105,4282,166
522,2019-07-31,50110560,3953,101,4275,162
523,2019-08-31,50110560,3937,101,4259,165
524,2019-09-30,50110560,3946,97,4268,159
525,2019-10-31,50110560,3933,99,4253,156
526,2019-11-30,50110560,3924,105,4258,162
527,2019-12-31,50110560,3920,99,4254,160
528,2020-01-31,50110560,3912,103,4229,158
529,2020-02-29,50110560,3901,107,4215,160
530,2020-03-31,50110560,3882,109,4193,162
531,2020-04-30,50110560,3893,108,4216,160
532,2020-05-31,50110560,3897,109,4203,153
533,2020-06-30,50110560,3882,108,4185,152
534,2020-07-31,50110560,3884,107,4190,154
535,2020-08-31,50110560,3880,107,4188,152
536,2020-09-30,50110560,3904,109,4174,158
537,2020-10-31,50110560,3894,109,4183,152
538,2020-11-30,50110560,3875,105,4177,151
539,2020-12-31,50110560,3856,114,4149,156
540,2021-01-31,50110560,3823,110,4126,154
541,2021-02-28,50110560,3821,108,4126,151
542,2021-03-31,50110560,3818,109,4123,151
543,2021-04-30,50110560,3822,103,4101,145
544,2021-05-31,50110560,3829,106,4114,145
545,2021-06-30,50110560,3825,105,4114,145
546,2018-01-31,50110570,3775,48,4026,38
547,2018-02-28,50110570,3761,48,3991,36
548,2018-03-31,50110570,3753,47,3989,38
549,2018-04-30,50110570,3738,44,3979,40
550,2018-05-31,50110570,3730,44,3972,42
551,2018-06-30,50110570,3709,43,3944,41
552,2018-07-31,50110570,3697,45,3919,42
553,2018-08-31,50110570,3686,46,3909,40
554,2018-09-30,50110570,3684,42,3898,39
555,2018-10-31,50110570,3692,45,3884,40
556,2018-11-30,50110570,3681,43,3881,40
557,2018-12-31,50110570,3647,44,3880,39
558,2019-01-31,50110570,3634,45,3845,39
559,2019-02-28,50110570,3617,46,3810,39
560,2019-03-31,50110570,3609,48,3805,38
561,2019-04-30,50110570,3600,53,3796,39
562,2019-05-31,50110570,3575,51,3785,37
563,2019-06-30,50110570,3558,50,3780,35
564,2019-07-31,50110570,3562,50,3772,35
565,2019-08-31,50110570,3554,52,3767,33
566,2019-09-30,50110570,3552,54,3755,37
567,2019-10-31,50110570,3537,54,3757,40
568,2019-11-30,50110570,3519,52,3731,43
569,2019-12-31,50110570,3511,49,3714,41
570,2020-01-31,50110570,3516,51,3745,41
571,2020-02-29,50110570,3508,53,3733,44
572,2020-03-31,50110570,3502,51,3724,41
573,2020-04-30,50110570,3504,50,3709,41
574,2020-05-31,50110570,3497,50,3706,40
575,2020-06-30,50110570,3488,50,3686,39
576,2020-07-31,50110570,3489,50,3687,39
577,2020-08-31,50110570,3486,54,3673,38
578,2020-09-30,50110570,3450,56,3646,38
579,2020-10-31,50110570,3443,54,3640,38
580,2020-11-30,50110570,3440,52,3632,39
581,2020-12-31,50110570,3441,52,3609,38
582,2021-01-31,50110570,3413,51,3578,36
583,2021-02-28,50110570,3412,51,3581,36
584,2021-03-31,50110570,3374,50,3565,35
585,2021-04-30,50110570,3383,53,3579,32
586,2021-05-31,50110570,3377,53,3576,31
587,2021-06-30,50110570,3378,58,3559,30
588,2018-01-31,50110580,7748,134,7965,69
589,2018-02-28,50110580,7713,136,7925,69
590,2018-03-31,50110580,7684,137,7901,69
591,2018-04-30,50110580,7697,144,7893,79
592,2018-05-31,50110580,7702,148,7905,78
593,2018-06-30,50110580,7673,155,7894,80
594,2018-07-31,50110580,7670,160,7891,85
595,2018-08-31,50110580,7663,160,7879,81
596,2018-09-30,50110580,7647,166,7878,81
597,2018-10-31,50110580,7645,165,7882,82
598,2018-11-30,50110580,7616,166,7833,82
599,2018-12-31,50110580,7606,163,7820,84
600,2019-01-31,50110580,7588,175,7772,85
601,2019-02-28,50110580,7594,176,7751,85
602,2019-03-31,50110580,7577,180,7726,82
603,2019-04-30,50110580,7577,184,7701,81
604,2019-05-31,50110580,7576,185,7701,81
605,2019-06-30,50110580,7570,181,7690,82
606,2019-07-31,50110580,7566,178,7689,80
607,2019-08-31,50110580,7555,181,7683,78
608,2019-09-30,50110580,7537,180,7659,78
609,2019-10-31,50110580,7507,182,7617,81
610,2019-11-30,50110580,7491,179,7593,80
611,2019-12-31,50110580,7494,177,7580,77
612,2020-01-31,50110580,7486,178,7565,80
613,2020-02-29,50110580,7479,174,7572,79
614,2020-03-31,50110580,7468,171,7569,81
615,2020-04-30,50110580,7441,168,7569,80
616,2020-05-31,50110580,7431,159,7561,77
617,2020-06-30,50110580,7409,160,7561,74
618,2020-07-31,50110580,7409,151,7552,76
619,2020-08-31,50110580,7385,150,7540,73
620,2020-09-30,50110580,7364,149,7488,74
621,2020-10-31,50110580,7358,144,7462,71
622,2020-11-30,50110580,7339,146,7453,72
623,2020-12-31,50110580,7340,147,7458,69
624,2021-01-31,50110580,7312,142,7437,66
625,2021-02-28,50110580,7265,142,7437,67
626,2021-03-31,50110580,7200,137,7426,67
627,2021-04-30,50110580,7199,138,7426,68
628,2021-05-31,50110580,7170,134,7423,69
629,2021-06-30,50110580,7166,132,7409,65
630,2018-01-31,50110590,4715,82,5085,146
631,2018-02-28,50110590,4724,82,5090,142
632,2018-03-31,50110590,4711,81,5072,141
633,2018-04-30,50110590,4718,86,5070,143
634,2018-05-31,50110590,4730,90,5070,148
635,2018-06-30,50110590,4723,96,5059,153
636,2018-07-31,50110590,4725,98,5050,160
637,2018-08-31,50110590,4718,101,5038,163
638,2018-09-30,50110590,4704,99,5025,164
639,2018-10-31,50110590,4694,96,5008,155
640,2018-11-30,50110590,4676,95,4982,153
641,2018-12-31,50110590,4659,95,4951,152
642,2019-01-31,50110590,4610,100,4896,154
643,2019-02-28,50110590,4590,107,4867,149
644,2019-03-31,50110590,4592,108,4864,147
645,2019-04-30,50110590,4596,102,4867,152
646,2019-05-31,50110590,4566,104,4853,150
647,2019-06-30,50110590,4564,104,4853,155
648,2019-07-31,50110590,4557,103,4851,157
649,2019-08-31,50110590,4552,102,4828,158
650,2019-09-30,50110590,4561,102,4819,161
651,2019-10-31,50110590,4563,102,4796,159
652,2019-11-30,50110590,4559,97,4776,155
653,2019-12-31,50110590,4537,97,4774,163
654,2020-01-31,50110590,4509,102,4721,164
655,2020-02-29,50110590,4504,104,4705,169
656,2020-03-31,50110590,4508,102,4694,161
657,2020-04-30,50110590,4490,97,4680,153
658,2020-05-31,50110590,4486,96,4678,149
659,2020-06-30,50110590,4480,97,4670,149
660,2020-07-31,50110590,4477,97,4659,147
661,2020-08-31,50110590,4468,92,4648,148
662,2020-09-30,50110590,4464,88,4637,147
663,2020-10-31,50110590,4463,92,4647,147
664,2020-11-30,50110590,4455,91,4646,145
665,2020-12-31,50110590,4450,89,4641,145
666,2021-01-31,50110590,4432,88,4610,149
667,2021-02-28,50110590,4407,85,4577,146
668,2021-03-31,50110590,4390,87,4527,144
669,2021-04-30,50110590,4384,86,4538,140
670,2021-05-31,50110590,4380,88,4520,139
671,2021-06-30,50110590,4371,89,4512,138
672,2018-01-31,50110600,12583,146,12572,215
673,2018-02-28,50110600,12546,146,12517,220
674,2018-03-31,50110600,12595,146,12508,217
675,2018-04-30,50110600,12571,145,12498,216
676,2018-05-31,50110600,12561,146,12522,222
677,2018-06-30,50110600,12556,151,12535,223
678,2018-07-31,50110600,12553,158,12520,228
679,2018-08-31,50110600,12521,166,12489,228
680,2018-09-30,50110600,12516,172,12497,225
681,2018-10-31,50110600,12497,174,12468,227
682,2018-11-30,50110600,12506,179,12454,230
683,2018-12-31,50110600,12527,178,12458,228
684,2019-01-31,50110600,12514,176,12429,229
685,2019-02-28,50110600,12493,180,12413,229
686,2019-03-31,50110600,12491,186,12427,236
687,2019-04-30,50110600,12468,189,12417,236
688,2019-05-31,50110600,12498,195,12444,231
689,2019-06-30,50110600,12483,190,12464,232
690,2019-07-31,50110600,12488,188,12471,232
691,2019-08-31,50110600,12477,188,12429,227
692,2019-09-30,50110600,12444,192,12428,229
693,2019-10-31,50110600,12446,195,12424,238
694,2019-11-30,50110600,12447,195,12447,234
695,2019-12-31,50110600,12442,190,12413,226
696,2020-01-31,50110600,12442,191,12408,227
697,2020-02-29,50110600,12418,190,12383,222
698,2020-03-31,50110600,12392,184,12351,215
699,2020-04-30,50110600,12415,186,12341,211
700,2020-05-31,50110600,12395,185,12314,207
701,2020-06-30,50110600,12388,186,12282,208
702,2020-07-31,50110600,12392,187,12285,205
703,2020-08-31,50110600,12365,183,12270,206
704,2020-09-30,50110600,12339,182,12241,207
705,2020-10-31,50110600,12332,178,12214,198
706,2020-11-30,50110600,12327,176,12174,193
707,2020-12-31,50110600,12306,172,12150,191
708,2021-01-31,50110600,12287,171,12148,193
709,2021-02-28,50110600,12280,171,12154,186
710,2021-03-31,50110600,12287,165,12135,178
711,2021-04-30,50110600,12268,162,12112,174
712,2021-05-31,50110600,12230,161,12073,175
713,2021-06-30,50110600,12238,161,12062,169
714,2018-01-31,50110610,11819,158,12016,87
715,2018-02-28,50110610,11939,161,12126,87
716,2018-03-31,50110610,11969,161,12138,87
717,2018-04-30,50110610,11986,161,12157,88
718,2018-05-31,50110610,12027,156,12181,91
719,2018-06-30,50110610,12073,154,12233,86
720,2018-07-31,50110610,12148,153,12316,89
721,2018-08-31,50110610,12188,158,12373,89
722,2018-09-30,50110610,12226,160,12396,88
723,2018-10-31,50110610,12318,165,12455,92
724,2018-11-30,50110610,12386,169,12517,85
725,2018-12-31,50110610,12386,167,12511,89
726,2019-01-31,50110610,12451,170,12576,85
727,2019-02-28,50110610,12465,166,12578,86
728,2019-03-31,50110610,12504,167,12604,87
729,2019-04-30,50110610,12526,165,12634,90
730,2019-05-31,50110610,12534,162,12676,87
731,2019-06-30,50110610,12600,159,12732,89
732,2019-07-31,50110610,12632,156,12766,92
733,2019-08-31,50110610,12639,160,12808,96
734,2019-09-30,50110610,12649,162,12812,97
735,2019-10-31,50110610,12694,163,12850,94
736,2019-11-30,50110610,12734,165,12877,97
737,2019-12-31,50110610,12769,162,12933,101
738,2020-01-31,50110610,12764,160,12948,100
739,2020-02-29,50110610,12767,161,12962,99
740,2020-03-31,50110610,12807,160,12949,97
741,2020-04-30,50110610,12791,157,12935,97
742,2020-05-31,50110610,12798,157,12945,93
743,2020-06-30,50110610,12795,158,12929,94
744,2020-07-31,50110610,12812,153,12933,94
745,2020-08-31,50110610,12837,151,12957,94
746,2020-09-30,50110610,12818,153,12961,90
747,2020-10-31,50110610,12831,155,12946,88
748,2020-11-30,50110610,12832,150,12933,87
749,2020-12-31,50110610,12863,152,12974,90
750,2021-01-31,50110610,12882,150,12962,85
751,2021-02-28,50110610,12891,149,12961,83
752,2021-03-31,50110610,12837,148,12933,76
753,2021-04-30,50110610,12829,147,12938,79
754,2021-05-31,50110610,12853,147,12950,78
755,2021-06-30,50110610,12850,142,12947,82
756,2018-01-31,50110620,1838,39,2089,37
757,2018-02-28,50110620,1859,40,2101,37
758,2018-03-31,50110620,1868,39,2111,34
759,2018-04-30,50110620,1866,40,2116,35
760,2018-05-31,50110620,1865,39,2114,38
761,2018-06-30,50110620,1871,40,2103,40
762,2018-07-31,50110620,1893,44,2110,39
763,2018-08-31,50110620,1904,45,2112,40
764,2018-09-30,50110620,1918,45,2123,41
765,2018-10-31,50110620,1927,47,2133,39
766,2018-11-30,50110620,2020,47,2258,40
767,2018-12-31,50110620,2304,51,2538,43
768,2019-01-31,50110620,2383,51,2614,45
769,2019-02-28,50110620,2434,54,2660,43
770,2019-03-31,50110620,2467,56,2692,42
771,2019-04-30,50110620,2482,56,2699,46
772,2019-05-31,50110620,2489,57,2715,45
773,2019-06-30,50110620,2503,55,2722,42
774,2019-07-31,50110620,2497,51,2712,43
775,2019-08-31,50110620,2502,50,2714,40
776,2019-09-30,50110620,2510,51,2726,41
777,2019-10-31,50110620,2504,53,2726,42
778,2019-11-30,50110620,2521,51,2734,41
779,2019-12-31,50110620,2530,51,2740,42
780,2020-01-31,50110620,2534,51,2738,43
781,2020-02-29,50110620,2526,51,2739,45
782,2020-03-31,50110620,2511,49,2747,46
783,2020-04-30,50110620,2522,46,2750,46
784,2020-05-31,50110620,2506,45,2742,44
785,2020-06-30,50110620,2510,47,2754,43
786,2020-07-31,50110620,2524,45,2754,41
787,2020-08-31,50110620,2533,47,2741,40
788,2020-09-30,50110620,2514,47,2727,40
789,2020-10-31,50110620,2518,46,2727,39
790,2020-11-30,50110620,2515,46,2724,35
791,2020-12-31,50110620,2538,49,2747,38
792,2021-01-31,50110620,2535,47,2752,38
793,2021-02-28,50110620,2545,45,2762,37
794,2021-03-31,50110620,2527,45,2754,36
795,2021-04-30,50110620,2527,46,2744,36
796,2021-05-31,50110620,2524,46,2731,36
797,2021-06-30,50110620,2525,48,2721,33
798,2018-01-31,50110630,15343,507,15129,488
799,2018-02-28,50110630,15607,496,15386,484
800,2018-03-31,50110630,15822,550,15638,541
801,2018-04-30,50110630,16033,532,15783,533
802,2018-05-31,50110630,16113,533,15913,538
803,2018-06-30,50110630,16234,535,16038,534
804,2018-07-31,50110630,16387,533,16196,533
805,2018-08-31,50110630,16458,518,16305,530
806,2018-09-30,50110630,16514,629,16372,588
807,2018-10-31,50110630,16563,624,16418,606
808,2018-11-30,50110630,16603,630,16484,608
809,2018-12-31,50110630,16624,615,16475,607
810,2019-01-31,50110630,16726,607,16621,600
811,2019-02-28,50110630,16828,593,16665,581
812,2019-03-31,50110630,16872,657,16694,649
813,2019-04-30,50110630,16931,643,16756,633
814,2019-05-31,50110630,16976,634,16823,626
815,2019-06-30,50110630,17023,625,16865,620
816,2019-07-31,50110630,17066,610,16971,629
817,2019-08-31,50110630,17129,601,17066,631
818,2019-09-30,50110630,17210,631,17147,649
819,2019-10-31,50110630,17329,622,17263,640
820,2019-11-30,50110630,17417,631,17310,639
821,2019-12-31,50110630,17454,603,17352,615
822,2020-01-31,50110630,17514,601,17365,617
823,2020-02-29,50110630,17556,583,17399,603
824,2020-03-31,50110630,17604,563,17404,596
825,2020-04-30,50110630,17658,512,17486,571
826,2020-05-31,50110630,17725,506,17556,563
827,2020-06-30,50110630,17821,501,17639,560
828,2020-07-31,50110630,17830,491,17681,552
829,2020-08-31,50110630,18048,472,17889,545
830,2020-09-30,50110630,18375,548,18215,570
831,2020-10-31,50110630,18491,528,18285,565
832,2020-11-30,50110630,18579,530,18333,565
833,2020-12-31,50110630,18649,513,18421,554
834,2021-01-31,50110630,18824,499,18592,546
835,2021-02-28,50110630,19068,474,18768,539
836,2021-03-31,50110630,19228,481,18844,548
837,2021-04-30,50110630,19287,479,18889,558
838,2021-05-31,50110630,19344,476,18899,566
839,2021-06-30,50110630,19397,471,18962,566
840,2018-01-31,50110640,6747,112,6889,81
841,2018-02-28,50110640,6797,109,6932,83
842,2018-03-31,50110640,6842,109,6993,82
843,2018-04-30,50110640,6884,109,7048,82
844,2018-05-31,50110640,6908,108,7086,90
845,2018-06-30,50110640,7012,113,7205,93
846,2018-07-31,50110640,7041,115,7246,102
847,2018-08-31,50110640,7081,113,7280,113
848,2018-09-30,50110640,7111,113,7312,112
849,2018-10-31,50110640,7152,116,7363,118
850,2018-11-30,50110640,7204,119,7391,107
851,2018-12-31,50110640,7247,118,7426,115
852,2019-01-31,50110640,7298,118,7482,122
853,2019-02-28,50110640,7308,124,7511,121
854,2019-03-31,50110640,7344,127,7558,110
855,2019-04-30,50110640,7420,130,7622,110
856,2019-05-31,50110640,7480,127,7662,116
857,2019-06-30,50110640,7506,130,7685,115
858,2019-07-31,50110640,7520,129,7671,119
859,2019-08-31,50110640,7533,127,7702,125
860,2019-09-30,50110640,7555,129,7711,120
861,2019-10-31,50110640,7551,130,7736,118
862,2019-11-30,50110640,7561,131,7739,119
863,2019-12-31,50110640,7593,132,7741,122
864,2020-01-31,50110640,7627,136,7770,121
865,2020-02-29,50110640,7637,136,7788,122
866,2020-03-31,50110640,7687,129,7835,118
867,2020-04-30,50110640,7734,130,7877,118
868,2020-05-31,50110640,7784,135,7919,115
869,2020-06-30,50110640,7809,142,7921,115
870,2020-07-31,50110640,7826,137,7921,112
871,2020-08-31,50110640,7832,135,7957,114
872,2020-09-30,50110640,7802,133,7949,108
873,2020-10-31,50110640,7808,129,7949,102
874,2020-11-30,50110640,7804,125,7934,99
875,2020-12-31,50110640,7790,123,7956,97
876,2021-01-31,50110640,7758,130,7955,98
877,2021-02-28,50110640,7780,130,7972,97
878,2021-03-31,50110640,7767,126,7999,94
879,2021-04-30,50110640,7788,124,8002,93
880,2021-05-31,50110640,7805,130,7995,90
881,2021-06-30,50110640,7779,127,7969,89
882,2018-01-31,50110650,21018,926,20591,703
883,2018-02-28,50110650,20951,925,20537,719
884,2018-03-31,50110650,20950,931,20484,739
885,2018-04-30,50110650,20964,934,20463,754
886,2018-05-31,50110650,20979,942,20479,763
887,2018-06-30,50110650,20947,944,20462,761
888,2018-07-31,50110650,21033,952,20429,769
889,2018-08-31,50110650,21064,946,20446,785
890,2018-09-30,50110650,21064,942,20429,784
891,2018-10-31,50110650,21070,959,20378,792
892,2018-11-30,50110650,21059,970,20384,807
893,2018-12-31,50110650,21045,983,20352,837
894,2019-01-31,50110650,21078,994,20340,905
895,2019-02-28,50110650,21030,1005,20332,928
896,2019-03-31,50110650,21030,1058,20398,946
897,2019-04-30,50110650,21043,1039,20416,939
898,2019-05-31,50110650,21068,1041,20435,936
899,2019-06-30,50110650,21058,1053,20421,950
900,2019-07-31,50110650,21110,1095,20403,1018
901,2019-08-31,50110650,21120,1118,20402,1045
902,2019-09-30,50110650,21139,1125,20383,1046
903,2019-10-31,50110650,21110,1131,20355,1066
904,2019-11-30,50110650,21104,1129,20370,1079
905,2019-12-31,50110650,21137,1133,20376,1062
906,2020-01-31,50110650,21129,1154,20358,1070
907,2020-02-29,50110650,21157,1169,20329,1080
908,2020-03-31,50110650,21145,1154,20290,1059
909,2020-04-30,50110650,21177,1128,20323,1023
910,2020-05-31,50110650,21212,1115,20316,1014
911,2020-06-30,50110650,21244,1105,20416,1007
912,2020-07-31,50110650,21269,1113,20475,1003
913,2020-08-31,50110650,21233,1092,20445,986
914,2020-09-30,50110650,21250,1104,20464,982
915,2020-10-31,50110650,21284,1101,20512,961
916,2020-11-30,50110650,21314,1092,20487,953
917,2020-12-31,50110650,21391,1071,20519,935
918,2021-01-31,50110650,21402,1061,20506,930
919,2021-02-28,50110650,21416,1054,20510,928
920,2021-03-31,50110650,21414,1043,20535,909
921,2021-04-30,50110650,21415,1040,20534,894
922,2021-05-31,50110650,21412,1025,20541,886
923,2021-06-30,50110650,21385,1010,20525,865
924,2018-01-31,50110660,27083,768,26286,821
925,2018-02-28,50110660,27091,798,26278,866
926,2018-03-31,50110660,27092,805,26225,878
927,2018-04-30,50110660,27109,829,26259,941
928,2018-05-31,50110660,27186,898,26286,1075
929,2018-06-30,50110660,27234,915,26334,1097
930,2018-07-31,50110660,27247,929,26333,1109
931,2018-08-31,50110660,27292,923,26363,1117
932,2018-09-30,50110660,27324,920,26395,1120
933,2018-10-31,50110660,27362,973,26473,1200
934,2018-11-30,50110660,27410,997,26492,1200
935,2018-12-31,50110660,27451,1011,26551,1210
936,2019-01-31,50110660,27468,1022,26493,1230
937,2019-02-28,50110660,27397,1032,26462,1215
938,2019-03-31,50110660,27373,1071,26445,1216
939,2019-04-30,50110660,27349,1119,26423,1385
940,2019-05-31,50110660,27351,1120,26454,1394
941,2019-06-30,50110660,27356,1117,26444,1393
942,2019-07-31,50110660,27366,1092,26464,1346
943,2019-08-31,50110660,27444,1068,26509,1312
944,2019-09-30,50110660,27439,1090,26514,1373
945,2019-10-31,50110660,27517,1085,26578,1347
946,2019-11-30,50110660,27603,1085,26620,1324
947,2019-12-31,50110660,27594,1094,26628,1295
948,2020-01-31,50110660,27558,1102,26590,1298
949,2020-02-29,50110660,27601,1106,26643,1286
950,2020-03-31,50110660,27573,1082,26620,1271
951,2020-04-30,50110660,27588,1078,26666,1253
952,2020-05-31,50110660,27599,1068,26710,1238
953,2020-06-30,50110660,27634,1058,26711,1232
954,2020-07-31,50110660,27659,1054,26749,1218
955,2020-08-31,50110660,27739,1034,26778,1195
956,2020-09-30,50110660,27748,1027,26750,1159
957,2020-10-31,50110660,27889,1008,26850,1153
958,2020-11-30,50110660,27968,999,26927,1139
959,2020-12-31,50110660,28068,975,27019,1128
960,2021-01-31,50110660,28073,960,27033,1117
961,2021-02-28,50110660,28103,943,27043,1114
962,2021-03-31,50110660,28074,950,27009,1122
963,2021-04-30,50110660,28166,955,27056,1135
964,2021-05-31,50110660,28200,934,27126,1135
965,2021-06-30,50110660,28241,937,27144,1151
966,2018-01-31,50110670,10345,157,10483,120
967,2018-02-28,50110670,10350,155,10520,117
968,2018-03-31,50110670,10401,156,10591,116
969,2018-04-30,50110670,10400,158,10641,119
970,2018-05-31,50110670,10412,158,10659,126
971,2018-06-30,50110670,10455,160,10690,131
972,2018-07-31,50110670,10493,161,10739,130
973,2018-08-31,50110670,10561,156,10806,132
974,2018-09-30,50110670,10590,158,10825,130
975,2018-10-31,50110670,10605,160,10835,129
976,2018-11-30,50110670,10615,166,10823,125
977,2018-12-31,50110670,10620,169,10825,127
978,2019-01-31,50110670,10601,171,10842,128
979,2019-02-28,50110670,10608,171,10849,127
980,2019-03-31,50110670,10621,174,10853,130
981,2019-04-30,50110670,10639,169,10856,130
982,2019-05-31,50110670,10664,169,10864,129
983,2019-06-30,50110670,10692,163,10879,129
984,2019-07-31,50110670,10725,166,10904,128
985,2019-08-31,50110670,10752,169,10911,127
986,2019-09-30,50110670,10754,171,10906,124
987,2019-10-31,50110670,10767,178,10927,123
988,2019-11-30,50110670,10777,179,10943,121
989,2019-12-31,50110670,10799,182,11002,125
990,2020-01-31,50110670,10784,186,10958,130
991,2020-02-29,50110670,10814,183,10943,126
992,2020-03-31,50110670,10831,184,10942,119
993,2020-04-30,50110670,10841,185,10964,120
994,2020-05-31,50110670,10876,185,10990,116
995,2020-06-30,50110670,10866,186,10996,116
996,2020-07-31,50110670,10913,181,11023,116
997,2020-08-31,50110670,10903,183,11024,114
998,2020-09-30,50110670,10910,183,11031,119
999,2020-10-31,50110670,10917,183,11040,115
1000,2020-11-30,50110670,10957,182,11057,117
1001,2020-12-31,50110670,10996,182,11059,116
1002,2021-01-31,50110670,11013,179,11078,113
1003,2021-02-28,50110670,10997,176,11061,111
1004,2021-03-31,50110670,10976,177,11027,110
1005,2021-04-30,50110670,10961,173,11021,98
1006,2021-05-31,50110670,10986,176,11045,100
1007,2021-06-30,50110670,11025,176,11061,98
1008,2018-01-31,50110680,2016,71,2152,66
1009,2018-02-28,50110680,2019,72,2158,67
1010,2018-03-31,50110680,2060,74,2198,70
1011,2018-04-30,50110680,2067,72,2224,67
1012,2018-05-31,50110680,2077,72,2243,67
1013,2018-06-30,50110680,2093,73,2261,74
1014,2018-07-31,50110680,2109,75,2286,69
1015,2018-08-31,50110680,2134,73,2310,73
1016,2018-09-30,50110680,2160,77,2325,76
1017,2018-10-31,50110680,2156,80,2308,76
1018,2018-11-30,50110680,2158,82,2311,78
1019,2018-12-31,50110680,2171,81,2324,78
1020,2019-01-31,50110680,2183,83,2341,76
1021,2019-02-28,50110680,2188,83,2331,77
1022,2019-03-31,50110680,2200,84,2337,77
1023,2019-04-30,50110680,2212,84,2339,80
1024,2019-05-31,50110680,2219,86,2350,82
1025,2019-06-30,50110680,2217,85,2339,83
1026,2019-07-31,50110680,2216,86,2353,82
1027,2019-08-31,50110680,2214,87,2362,88
1028,2019-09-30,50110680,2199,88,2346,87
1029,2019-10-31,50110680,2212,90,2360,87
1030,2019-11-30,50110680,2190,93,2357,91
1031,2019-12-31,50110680,2195,100,2374,95
1032,2020-01-31,50110680,2205,102,2368,95
1033,2020-02-29,50110680,2193,103,2360,90
1034,2020-03-31,50110680,2193,102,2367,90
1035,2020-04-30,50110680,2204,102,2372,89
1036,2020-05-31,50110680,2209,99,2374,85
1037,2020-06-30,50110680,2216,102,2386,85
1038,2020-07-31,50110680,2219,95,2378,88
1039,2020-08-31,50110680,2214,98,2366,87
1040,2020-09-30,50110680,2213,99,2378,86
1041,2020-10-31,50110680,2219,97,2377,87
1042,2020-11-30,50110680,2198,100,2375,85
1043,2020-12-31,50110680,2186,93,2386,81
1044,2021-01-31,50110680,2186,90,2378,86
1045,2021-02-28,50110680,2184,84,2370,85
1046,2021-03-31,50110680,2192,82,2371,85
1047,2021-04-30,50110680,2196,81,2372,83
1048,2021-05-31,50110680,2176,75,2358,83
1049,2021-06-30,50110680,2164,74,2356,81
1050,2018-01-31,50110690,1424,55,1602,43
1051,2018-02-28,50110690,1422,58,1611,43
1052,2018-03-31,50110690,1438,55,1614,43
1053,2018-04-30,50110690,1438,56,1596,43
1054,2018-05-31,50110690,1432,66,1586,47
1055,2018-06-30,50110690,1443,65,1593,49
1056,2018-07-31,50110690,1459,67,1606,69
1057,2018-08-31,50110690,1464,62,1615,69
1058,2018-09-30,50110690,1464,61,1615,73
1059,2018-10-31,50110690,1468,64,1633,88
1060,2018-11-30,50110690,1466,61,1639,99
1061,2018-12-31,50110690,1459,60,1642,96
1062,2019-01-31,50110690,1452,59,1624,96
1063,2019-02-28,50110690,1453,59,1636,92
1064,2019-03-31,50110690,1461,60,1645,107
1065,2019-04-30,50110690,1466,60,1647,106
1066,2019-05-31,50110690,1471,58,1646,104
1067,2019-06-30,50110690,1477,65,1649,107
1068,2019-07-31,50110690,1474,61,1646,96
1069,2019-08-31,50110690,1485,60,1665,93
1070,2019-09-30,50110690,1485,60,1666,85
1071,2019-10-31,50110690,1504,62,1676,73
1072,2019-11-30,50110690,1505,63,1671,68
1073,2019-12-31,50110690,1513,60,1673,68
1074,2020-01-31,50110690,1517,61,1685,67
1075,2020-02-29,50110690,1524,62,1697,68
1076,2020-03-31,50110690,1514,60,1688,65
1077,2020-04-30,50110690,1519,61,1691,65
1078,2020-05-31,50110690,1527,60,1685,61
1079,2020-06-30,50110690,1528,60,1702,62
1080,2020-07-31,50110690,1542,60,1704,58
1081,2020-08-31,50110690,1529,59,1705,57
1082,2020-09-30,50110690,1531,59,1706,59
1083,2020-10-31,50110690,1539,55,1705,56
1084,2020-11-30,50110690,1539,54,1716,56
1085,2020-12-31,50110690,1548,53,1714,52
1086,2021-01-31,50110690,1546,48,1724,52
1087,2021-02-28,50110690,1545,48,1719,50
1088,2021-03-31,50110690,1551,47,1719,50
1089,2021-04-30,50110690,1557,48,1726,50
1090,2021-05-31,50110690,1567,45,1724,49
1091,2021-06-30,50110690,1583,47,1730,43
1092,2018-01-31,50130250,10725,677,10360,841
1093,2018-02-28,50130250,10746,676,10381,827
1094,2018-03-31,50130250,10782,675,10389,824
1095,2018-04-30,50130250,10807,681,10406,826
1096,2018-05-31,50130250,10840,684,10452,840
1097,2018-06-30,50130250,10810,657,10437,868
1098,2018-07-31,50130250,10827,648,10453,866
1099,2018-08-31,50130250,10929,772,10530,956
1100,2018-09-30,50130250,10919,763,10525,950
1101,2018-10-31,50130250,10902,767,10511,951
1102,2018-11-30,50130250,10901,769,10491,958
1103,2018-12-31,50130250,10896,767,10468,963
1104,2019-01-31,50130250,10884,770,10453,976
1105,2019-02-28,50130250,10883,771,10466,964
1106,2019-03-31,50130250,10909,771,10479,956
1107,2019-04-30,50130250,10941,768,10484,962
1108,2019-05-31,50130250,10949,762,10466,959
1109,2019-06-30,50130250,10898,711,10436,919
1110,2019-07-31,50130250,10892,694,10440,918
1111,2019-08-31,50130250,10965,806,10443,1007
1112,2019-09-30,50130250,10942,792,10437,991
1113,2019-10-31,50130250,10939,789,10409,995
1114,2019-11-30,50130250,10941,789,10426,995
1115,2019-12-31,50130250,10942,780,10392,991
1116,2020-01-31,50130250,10932,791,10422,993
1117,2020-02-29,50130250,10912,789,10417,994
1118,2020-03-31,50130250,10914,786,10424,982
1119,2020-04-30,50130250,10899,782,10414,983
1120,2020-05-31,50130250,10919,773,10397,964
1121,2020-06-30,50130250,10909,735,10389,937
1122,2020-07-31,50130250,10926,717,10402,914
1123,2020-08-31,50130250,11010,779,10421,952
1124,2020-09-30,50130250,11075,783,10453,952
1125,2020-10-31,50130250,11121,774,10495,946
1126,2020-11-30,50130250,11187,769,10533,939
1127,2020-12-31,50130250,11206,764,10555,926
1128,2021-01-31,50130250,11219,769,10597,918
1129,2021-02-28,50130250,11296,774,10651,922
1130,2021-03-31,50130250,11255,772,10628,915
1131,2021-04-30,50130250,11237,773,10622,909
1132,2021-05-31,50130250,11260,768,10659,910
1133,2021-06-30,50130250,11272,708,10687,863
1134,2018-01-31,50130253,9306,200,9806,428
1135,2018-02-28,50130253,9321,205,9821,430
1136,2018-03-31,50130253,9341,204,9837,424
1137,2018-04-30,50130253,9353,205,9850,428
1138,2018-05-31,50130253,9374,201,9878,437
1139,2018-06-30,50130253,9388,208,9862,472
1140,2018-07-31,50130253,9353,210,9837,490
1141,2018-08-31,50130253,9348,211,9825,493
1142,2018-09-30,50130253,9343,219,9807,505
1143,2018-10-31,50130253,9324,226,9775,506
1144,2018-11-30,50130253,9320,227,9774,501
1145,2018-12-31,50130253,9287,233,9751,507
1146,2019-01-31,50130253,9274,250,9758,511
1147,2019-02-28,50130253,9257,252,9763,510
1148,2019-03-31,50130253,9250,253,9785,509
1149,2019-04-30,50130253,9268,258,9818,512
1150,2019-05-31,50130253,9286,262,9840,508
1151,2019-06-30,50130253,9278,265,9847,525
1152,2019-07-31,50130253,9265,273,9833,527
1153,2019-08-31,50130253,9281,274,9828,525
1154,2019-09-30,50130253,9255,279,9794,532
1155,2019-10-31,50130253,9222,281,9768,530
1156,2019-11-30,50130253,9198,282,9738,533
1157,2019-12-31,50130253,9166,275,9739,527
1158,2020-01-31,50130253,9138,272,9726,526
1159,2020-02-29,50130253,9138,272,9716,526
1160,2020-03-31,50130253,9132,274,9692,517
1161,2020-04-30,50130253,9125,267,9688,504
1162,2020-05-31,50130253,9098,262,9660,495
1163,2020-06-30,50130253,9092,260,9662,492
1164,2020-07-31,50130253,9096,257,9666,486
1165,2020-08-31,50130253,9088,251,9664,486
1166,2020-09-30,50130253,9073,243,9661,486
1167,2020-10-31,50130253,9078,238,9666,477
1168,2020-11-30,50130253,9073,239,9684,476
1169,2020-12-31,50130253,9068,235,9698,468
1170,2021-01-31,50130253,9067,233,9689,463
1171,2021-02-28,50130253,9064,230,9687,456
1172,2021-03-31,50130253,9038,228,9666,452
1173,2021-04-30,50130253,9044,221,9685,440
1174,2021-05-31,50130253,9040,216,9662,438
1175,2021-06-30,50130253,9049,210,9668,427
1176,2018-01-31,50130259,7332,560,8006,1015
1177,2018-02-28,50130259,7356,557,8029,1003
1178,2018-03-31,50130259,7368,548,8044,991
1179,2018-04-30,50130259,7376,553,8070,995
1180,2018-05-31,50130259,7383,553,8083,1005
1181,2018-06-30,50130259,7413,566,8082,1072
1182,2018-07-31,50130259,7404,572,8087,1087
1183,2018-08-31,50130259,7413,583,8082,1117
1184,2018-09-30,50130259,7425,589,8094,1142
1185,2018-10-31,50130259,7430,591,8129,1144
1186,2018-11-30,50130259,7418,595,8101,1137
1187,2018-12-31,50130259,7367,601,8083,1129
1188,2019-01-31,50130259,7357,607,8075,1123
1189,2019-02-28,50130259,7355,612,8109,1117
1190,2019-03-31,50130259,7369,614,8126,1092
1191,2019-04-30,50130259,7385,612,8119,1112
1192,2019-05-31,50130259,7379,615,8105,1138
1193,2019-06-30,50130259,7381,615,8118,1152
1194,2019-07-31,50130259,7414,610,8131,1172
1195,2019-08-31,50130259,7434,613,8163,1159
1196,2019-09-30,50130259,7442,605,8164,1185
1197,2019-10-31,50130259,7440,607,8166,1175
1198,2019-11-30,50130259,7451,609,8153,1201
1199,2019-12-31,50130259,7417,592,8140,1189
1200,2020-01-31,50130259,7383,598,8106,1204
1201,2020-02-29,50130259,7359,600,8075,1191
1202,2020-03-31,50130259,7301,595,8040,1171
1203,2020-04-30,50130259,7274,591,8016,1161
1204,2020-05-31,50130259,7282,585,8008,1148
1205,2020-06-30,50130259,7294,582,8008,1142
1206,2020-07-31,50130259,7298,576,7986,1140
1207,2020-08-31,50130259,7327,572,7973,1142
1208,2020-09-30,50130259,7312,563,7985,1129
1209,2020-10-31,50130259,7300,563,7988,1117
1210,2020-11-30,50130259,7302,561,8004,1108
1211,2020-12-31,50130259,7354,552,8058,1108
1212,2021-01-31,50130259,7352,547,8045,1109
1213,2021-02-28,50130259,7348,545,8055,1105
1214,2021-03-31,50130259,7338,536,8081,1091
1215,2021-04-30,50130259,7354,512,8083,1050
1216,2021-05-31,50130259,7360,490,8088,1035
1217,2021-06-30,50130259,7373,465,8105,1029
1218,2018-01-31,50130310,5524,264,5938,258
1219,2018-02-28,50130310,5560,270,5985,263
1220,2018-03-31,50130310,5592,260,6003,273
1221,2018-04-30,50130310,5630,270,6047,279
1222,2018-05-31,50130310,5648,277,6072,282
1223,2018-06-30,50130310,5645,301,6070,291
1224,2018-07-31,50130310,5645,342,6101,304
1225,2018-08-31,50130310,5675,352,6128,318
1226,2018-09-30,50130310,5726,365,6145,328
1227,2018-10-31,50130310,5721,363,6150,330
1228,2018-11-30,50130310,5735,343,6169,317
1229,2018-12-31,50130310,5729,351,6138,319
1230,2019-01-31,50130310,5738,344,6120,321
1231,2019-02-28,50130310,5735,355,6100,319
1232,2019-03-31,50130310,5730,349,6094,315
1233,2019-04-30,50130310,5727,376,6112,316
1234,2019-05-31,50130310,5751,376,6116,324
1235,2019-06-30,50130310,5752,385,6136,340
1236,2019-07-31,50130310,5763,395,6146,349
1237,2019-08-31,50130310,5782,397,6170,349
1238,2019-09-30,50130310,5795,415,6186,353
1239,2019-10-31,50130310,5796,390,6171,345
1240,2019-11-30,50130310,5798,385,6190,341
1241,2019-12-31,50130310,5805,364,6218,324
1242,2020-01-31,50130310,5819,370,6234,335
1243,2020-02-29,50130310,5820,367,6224,327
1244,2020-03-31,50130310,5792,337,6228,317
1245,2020-04-30,50130310,5790,333,6190,309
1246,2020-05-31,50130310,5802,331,6172,311
1247,2020-06-30,50130310,5779,307,6161,302
1248,2020-07-31,50130310,5796,305,6160,302
1249,2020-08-31,50130310,5806,285,6180,295
1250,2020-09-30,50130310,5822,282,6186,291
1251,2020-10-31,50130310,5803,278,6162,270
1252,2020-11-30,50130310,5806,274,6174,264
1253,2020-12-31,50130310,5808,275,6174,266
1254,2021-01-31,50130310,5826,272,6208,262
1255,2021-02-28,50130310,5835,266,6214,263
1256,2021-03-31,50130310,5855,268,6240,257
1257,2021-04-30,50130310,5860,268,6261,251
1258,2021-05-31,50130310,5879,264,6285,246
1259,2021-06-30,50130310,5899,261,6306,248
1260,2018-01-31,50130320,5974,148,6279,261
1261,2018-02-28,50130320,5984,150,6300,249
1262,2018-03-31,50130320,5977,151,6301,252
1263,2018-04-30,50130320,5991,154,6322,249
1264,2018-05-31,50130320,6007,157,6314,257
1265,2018-06-30,50130320,6018,155,6315,265
1266,2018-07-31,50130320,6038,151,6340,271
1267,2018-08-31,50130320,6025,154,6336,271
1268,2018-09-30,50130320,6028,154,6349,268
1269,2018-10-31,50130320,6054,165,6367,270
1270,2018-11-30,50130320,6031,165,6358,282
1271,2018-12-31,50130320,6014,163,6360,287
1272,2019-01-31,50130320,5990,163,6344,280
1273,2019-02-28,50130320,5990,161,6332,283
1274,2019-03-31,50130320,5984,158,6344,283
1275,2019-04-30,50130320,5988,153,6359,281
1276,2019-05-31,50130320,5998,151,6367,281
1277,2019-06-30,50130320,6011,149,6367,281
1278,2019-07-31,50130320,6001,149,6368,281
1279,2019-08-31,50130320,5993,146,6342,282
1280,2019-09-30,50130320,5989,155,6341,290
1281,2019-10-31,50130320,5973,153,6336,291
1282,2019-11-30,50130320,5964,157,6354,286
1283,2019-12-31,50130320,5953,153,6331,285
1284,2020-01-31,50130320,5936,148,6312,289
1285,2020-02-29,50130320,5941,149,6311,288
1286,2020-03-31,50130320,5955,143,6308,281
1287,2020-04-30,50130320,5970,142,6316,278
1288,2020-05-31,50130320,5964,133,6313,267
1289,2020-06-30,50130320,5974,131,6302,264
1290,2020-07-31,50130320,5986,132,6304,259
1291,2020-08-31,50130320,5991,130,6319,255
1292,2020-09-30,50130320,6020,128,6326,253
1293,2020-10-31,50130320,6016,129,6328,249
1294,2020-11-30,50130320,6021,128,6313,245
1295,2020-12-31,50130320,6019,125,6306,241
1296,2021-01-31,50130320,6030,123,6309,238
1297,2021-02-28,50130320,6041,126,6316,236
1298,2021-03-31,50130320,6005,121,6302,235
1299,2021-04-30,50130320,6021,121,6313,229
1300,2021-05-31,50130320,6023,120,6314,219
1301,2021-06-30,50130320,6033,123,6314,211
1302,2018-01-31,50130510,2111,157,2344,366
1303,2018-02-28,50130510,2117,159,2349,370
1304,2018-03-31,50130510,2109,159,2353,367
1305,2018-04-30,50130510,2102,154,2351,359
1306,2018-05-31,50130510,2092,160,2333,364
1307,2018-06-30,50130510,2084,159,2336,372
1308,2018-07-31,50130510,2080,161,2329,388
1309,2018-08-31,50130510,2080,171,2328,394
1310,2018-09-30,50130510,2076,172,2328,427
1311,2018-10-31,50130510,2079,178,2333,422
1312,2018-11-30,50130510,2086,177,2332,431
1313,2018-12-31,50130510,2087,176,2330,434
1314,2019-01-31,50130510,2073,172,2310,424
1315,2019-02-28,50130510,2060,172,2309,425
1316,2019-03-31,50130510,2039,172,2296,413
1317,2019-04-30,50130510,2033,171,2301,410
1318,2019-05-31,50130510,2026,168,2295,407
1319,2019-06-30,50130510,2027,168,2285,421
1320,2019-07-31,50130510,2013,171,2274,427
1321,2019-08-31,50130510,2020,168,2271,438
1322,2019-09-30,50130510,2011,167,2263,435
1323,2019-10-31,50130510,2005,168,2264,437
1324,2019-11-30,50130510,2007,170,2255,436
1325,2019-12-31,50130510,2022,171,2264,436
1326,2020-01-31,50130510,2009,170,2256,436
1327,2020-02-29,50130510,2017,174,2246,431
1328,2020-03-31,50130510,2010,173,2235,423
1329,2020-04-30,50130510,1999,170,2224,420
1330,2020-05-31,50130510,1990,166,2205,417
1331,2020-06-30,50130510,1993,161,2205,419
1332,2020-07-31,50130510,1979,147,2190,411
1333,2020-08-31,50130510,1988,127,2217,392
1334,2020-09-30,50130510,1985,127,2217,392
1335,2020-10-31,50130510,1967,116,2207,375
1336,2020-11-30,50130510,1962,115,2213,368
1337,2020-12-31,50130510,1969,110,2202,377
1338,2021-01-31,50130510,1969,106,2176,372
1339,2021-02-28,50130510,1946,104,2171,362
1340,2021-03-31,50130510,1916,106,2145,356
1341,2021-04-30,50130510,1912,104,2149,353
1342,2021-05-31,50130510,1901,104,2142,358
1343,2021-06-30,50130510,1903,103,2141,363
1344,2018-01-31,50130520,1186,47,1275,49
1345,2018-02-28,50130520,1178,49,1264,52
1346,2018-03-31,50130520,1170,50,1255,55
1347,2018-04-30,50130520,1173,50,1244,55
1348,2018-05-31,50130520,1188,49,1242,57
1349,2018-06-30,50130520,1181,48,1238,58
1350,2018-07-31,50130520,1176,49,1219,60
1351,2018-08-31,50130520,1166,49,1212,61
1352,2018-09-30,50130520,1156,49,1200,62
1353,2018-10-31,50130520,1154,48,1193,61
1354,2018-11-30,50130520,1145,48,1187,64
1355,2018-12-31,50130520,1144,46,1189,65
1356,2019-01-31,50130520,1160,46,1186,66
1357,2019-02-28,50130520,1155,53,1166,67
1358,2019-03-31,50130520,1156,52,1172,63
1359,2019-04-30,50130520,1153,52,1168,63
1360,2019-05-31,50130520,1149,52,1181,61
1361,2019-06-30,50130520,1156,51,1178,63
1362,2019-07-31,50130520,1157,53,1167,62
1363,2019-08-31,50130520,1145,54,1159,66
1364,2019-09-30,50130520,1138,57,1146,65
1365,2019-10-31,50130520,1140,59,1154,66
1366,2019-11-30,50130520,1141,60,1148,68
1367,2019-12-31,50130520,1134,57,1142,66
1368,2020-01-31,50130520,1121,57,1137,66
1369,2020-02-29,50130520,1122,59,1137,67
1370,2020-03-31,50130520,1113,59,1130,64
1371,2020-04-30,50130520,1115,59,1123,65
1372,2020-05-31,50130520,1105,58,1126,63
1373,2020-06-30,50130520,1118,57,1127,62
1374,2020-07-31,50130520,1112,58,1126,62
1375,2020-08-31,50130520,1100,58,1117,62
1376,2020-09-30,50130520,1100,58,1117,61
1377,2020-10-31,50130520,1095,57,1116,62
1378,2020-11-30,50130520,1090,58,1113,61
1379,2020-12-31,50130520,1087,59,1109,60
1380,2021-01-31,50130520,1083,58,1101,60
1381,2021-02-28,50130520,1064,56,1093,64
1382,2021-03-31,50130520,1044,55,1078,62
1383,2021-04-30,50130520,1052,51,1074,63
1384,2021-05-31,50130520,1058,50,1078,63
1385,2021-06-30,50130520,1054,48,1078,64
1386,2018-01-31,50130530,2086,64,1913,43
1387,2018-02-28,50130530,2066,66,1893,45
1388,2018-03-31,50130530,2054,66,1881,45
1389,2018-04-30,50130530,2050,66,1889,43
1390,2018-05-31,50130530,2050,63,1890,41
1391,2018-06-30,50130530,2055,62,1885,42
1392,2018-07-31,50130530,2058,63,1883,42
1393,2018-08-31,50130530,2041,64,1872,43
1394,2018-09-30,50130530,2046,64,1878,44
1395,2018-10-31,50130530,2036,61,1883,44
1396,2018-11-30,50130530,2029,60,1872,46
1397,2018-12-31,50130530,2024,60,1855,45
1398,2019-01-31,50130530,2003,57,1844,47
1399,2019-02-28,50130530,2001,53,1847,48
1400,2019-03-31,50130530,1999,53,1844,48
1401,2019-04-30,50130530,1997,53,1848,49
1402,2019-05-31,50130530,1985,53,1826,52
1403,2019-06-30,50130530,1984,49,1821,51
1404,2019-07-31,50130530,1986,50,1816,50
1405,2019-08-31,50130530,1976,52,1802,51
1406,2019-09-30,50130530,1960,50,1789,52
1407,2019-10-31,50130530,1966,51,1781,52
1408,2019-11-30,50130530,1960,50,1765,47
1409,2019-12-31,50130530,1950,51,1755,42
1410,2020-01-31,50130530,1935,52,1741,42
1411,2020-02-29,50130530,1927,52,1735,46
1412,2020-03-31,50130530,1923,52,1711,44
1413,2020-04-30,50130530,1914,51,1720,42
1414,2020-05-31,50130530,1914,50,1727,39
1415,2020-06-30,50130530,1907,47,1717,39
1416,2020-07-31,50130530,1894,46,1714,37
1417,2020-08-31,50130530,1888,45,1707,36
1418,2020-09-30,50130530,1886,43,1698,38
1419,2020-10-31,50130530,1873,42,1690,37
1420,2020-11-30,50130530,1856,41,1677,36
1421,2020-12-31,50130530,1851,38,1668,35
1422,2021-01-31,50130530,1843,38,1660,35
1423,2021-02-28,50130530,1819,39,1648,32
1424,2021-03-31,50130530,1788,40,1617,31
1425,2021-04-30,50130530,1769,41,1614,32
1426,2021-05-31,50130530,1758,42,1614,31
1427,2021-06-30,50130530,1753,40,1605,32
1428,2018-01-31,50130540,1729,47,1818,49
1429,2018-02-28,50130540,1731,47,1806,50
1430,2018-03-31,50130540,1739,47,1793,50
1431,2018-04-30,50130540,1742,46,1788,50
1432,2018-05-31,50130540,1761,44,1806,60
1433,2018-06-30,50130540,1760,45,1800,60
1434,2018-07-31,50130540,1754,43,1802,66
1435,2018-08-31,50130540,1763,47,1803,63
1436,2018-09-30,50130540,1760,52,1801,67
1437,2018-10-31,50130540,1766,50,1804,62
1438,2018-11-30,50130540,1753,52,1811,63
1439,2018-12-31,50130540,1754,54,1816,64
1440,2019-01-31,50130540,1749,56,1801,63
1441,2019-02-28,50130540,1753,55,1816,63
1442,2019-03-31,50130540,1762,54,1827,63
1443,2019-04-30,50130540,1772,57,1849,60
1444,2019-05-31,50130540,1778,56,1837,59
1445,2019-06-30,50130540,1770,57,1830,64
1446,2019-07-31,50130540,1768,56,1832,63
1447,2019-08-31,50130540,1764,56,1816,64
1448,2019-09-30,50130540,1754,54,1806,63
1449,2019-10-31,50130540,1753,55,1806,64
1450,2019-11-30,50130540,1745,54,1803,63
1451,2019-12-31,50130540,1743,54,1801,58
1452,2020-01-31,50130540,1744,54,1814,57
1453,2020-02-29,50130540,1731,54,1804,56
1454,2020-03-31,50130540,1735,51,1811,55
1455,2020-04-30,50130540,1742,53,1803,54
1456,2020-05-31,50130540,1747,50,1809,55
1457,2020-06-30,50130540,1763,48,1805,58
1458,2020-07-31,50130540,1766,47,1792,61
1459,2020-08-31,50130540,1769,47,1792,61
1460,2020-09-30,50130540,1754,46,1785,60
1461,2020-10-31,50130540,1753,50,1773,60
1462,2020-11-30,50130540,1750,50,1773,60
1463,2020-12-31,50130540,1752,51,1772,61
1464,2021-01-31,50130540,1744,50,1771,60
1465,2021-02-28,50130540,1724,50,1779,59
1466,2021-03-31,50130540,1713,50,1750,58
1467,2021-04-30,50130540,1707,51,1746,58
1468,2021-05-31,50130540,1722,56,1755,58
1469,2021-06-30,50130540,1712,55,1754,60
1470,2018-01-31,50130550,2628,34,2697,48
1471,2018-02-28,50130550,2633,33,2686,49
1472,2018-03-31,50130550,2634,33,2684,48
1473,2018-04-30,50130550,2629,34,2683,48
1474,2018-05-31,50130550,2630,35,2689,48
1475,2018-06-30,50130550,2633,33,2689,48
1476,2018-07-31,50130550,2637,31,2697,52
1477,2018-08-31,50130550,2638,32,2702,52
1478,2018-09-30,50130550,2634,30,2701,52
1479,2018-10-31,50130550,2617,31,2685,53
1480,2018-11-30,50130550,2606,30,2683,53
1481,2018-12-31,50130550,2595,30,2683,57
1482,2019-01-31,50130550,2598,29,2681,57
1483,2019-02-28,50130550,2605,29,2687,56
1484,2019-03-31,50130550,2610,29,2696,55
1485,2019-04-30,50130550,2611,28,2681,50
1486,2019-05-31,50130550,2608,28,2677,54
1487,2019-06-30,50130550,2604,29,2683,54
1488,2019-07-31,50130550,2611,28,2683,51
1489,2019-08-31,50130550,2613,29,2688,52
1490,2019-09-30,50130550,2611,28,2690,51
1491,2019-10-31,50130550,2618,31,2685,52
1492,2019-11-30,50130550,2614,30,2683,50
1493,2019-12-31,50130550,2615,28,2676,47
1494,2020-01-31,50130550,2611,28,2673,47
1495,2020-02-29,50130550,2597,27,2673,47
1496,2020-03-31,50130550,2607,27,2680,47
1497,2020-04-30,50130550,2606,28,2666,46
1498,2020-05-31,50130550,2598,26,2656,45
1499,2020-06-30,50130550,2603,26,2652,47
1500,2020-07-31,50130550,2604,25,2659,47
1501,2020-08-31,50130550,2601,25,2653,49
1502,2020-09-30,50130550,2596,26,2656,47
1503,2020-10-31,50130550,2591,26,2654,47
1504,2020-11-30,50130550,2581,25,2654,48
1505,2020-12-31,50130550,2598,23,2655,48
1506,2021-01-31,50130550,2605,22,2667,45
1507,2021-02-28,50130550,2616,21,2673,44
1508,2021-03-31,50130550,2609,20,2653,41
1509,2021-04-30,50130550,2607,19,2660,40
1510,2021-05-31,50130550,2605,19,2661,41
1511,2021-06-30,50130550,2597,18,2660,39
1512,2018-01-31,50130560,2526,60,2640,111
1513,2018-02-28,50130560,2534,61,2638,109
1514,2018-03-31,50130560,2535,59,2634,110
1515,2018-04-30,50130560,2544,60,2643,114
1516,2018-05-31,50130560,2551,59,2654,117
1517,2018-06-30,50130560,2553,62,2647,115
1518,2018-07-31,50130560,2561,63,2660,126
1519,2018-08-31,50130560,2574,62,2668,127
1520,2018-09-30,50130560,2575,62,2668,126
1521,2018-10-31,50130560,2583,64,2672,129
1522,2018-11-30,50130560,2588,64,2676,126
1523,2018-12-31,50130560,2605,62,2687,124
1524,2019-01-31,50130560,2600,62,2695,120
1525,2019-02-28,50130560,2613,65,2707,120
1526,2019-03-31,50130560,2611,64,2720,118
1527,2019-04-30,50130560,2616,62,2716,119
1528,2019-05-31,50130560,2618,63,2724,121
1529,2019-06-30,50130560,2630,67,2746,122
1530,2019-07-31,50130560,2634,68,2751,121
1531,2019-08-31,50130560,2628,68,2757,122
1532,2019-09-30,50130560,2619,66,2746,125
1533,2019-10-31,50130560,2605,65,2745,130
1534,2019-11-30,50130560,2608,64,2743,128
1535,2019-12-31,50130560,2584,65,2705,131
1536,2020-01-31,50130560,2597,64,2704,130
1537,2020-02-29,50130560,2590,64,2691,126
1538,2020-03-31,50130560,2599,61,2698,123
1539,2020-04-30,50130560,2588,59,2700,122
1540,2020-05-31,50130560,2577,58,2684,120
1541,2020-06-30,50130560,2562,58,2674,120
1542,2020-07-31,50130560,2554,58,2668,123
1543,2020-08-31,50130560,2537,56,2665,123
1544,2020-09-30,50130560,2531,53,2658,125
1545,2020-10-31,50130560,2525,49,2663,126
1546,2020-11-30,50130560,2540,49,2667,124
1547,2020-12-31,50130560,2538,47,2661,125
1548,2021-01-31,50130560,2528,47,2647,124
1549,2021-02-28,50130560,2542,46,2640,120
1550,2021-03-31,50130560,2535,46,2630,118
1551,2021-04-30,50130560,2529,47,2622,116
1552,2021-05-31,50130560,2527,46,2606,114
1553,2021-06-30,50130560,2528,43,2618,112
1554,2018-01-31,50130570,11569,642,11124,624
1555,2018-02-28,50130570,11567,635,11160,620
1556,2018-03-31,50130570,11561,631,11156,615
1557,2018-04-30,50130570,11563,625,11158,614
1558,2018-05-31,50130570,11551,626,11162,609
1559,2018-06-30,50130570,11569,628,11182,615
1560,2018-07-31,50130570,11577,629,11204,623
1561,2018-08-31,50130570,11580,637,11217,619
1562,2018-09-30,50130570,11599,638,11236,637
1563,2018-10-31,50130570,11617,635,11236,636
1564,2018-11-30,50130570,11636,641,11246,641
1565,2018-12-31,50130570,11639,644,11246,634
1566,2019-01-31,50130570,11638,649,11246,637
1567,2019-02-28,50130570,11635,650,11241,639
1568,2019-03-31,50130570,11625,652,11217,644
1569,2019-04-30,50130570,11611,655,11216,639
1570,2019-05-31,50130570,11641,654,11224,632
1571,2019-06-30,50130570,11670,655,11222,638
1572,2019-07-31,50130570,11667,646,11217,629
1573,2019-08-31,50130570,11701,649,11247,630
1574,2019-09-30,50130570,11736,648,11287,630
1575,2019-10-31,50130570,11761,650,11300,623
1576,2019-11-30,50130570,11775,651,11329,625
1577,2019-12-31,50130570,11777,650,11341,621
1578,2020-01-31,50130570,11787,650,11350,621
1579,2020-02-29,50130570,11800,650,11336,620
1580,2020-03-31,50130570,11826,639,11361,606
1581,2020-04-30,50130570,11821,635,11358,604
1582,2020-05-31,50130570,11833,622,11352,593
1583,2020-06-30,50130570,11827,616,11339,586
1584,2020-07-31,50130570,11866,598,11349,576
1585,2020-08-31,50130570,11861,589,11341,561
1586,2020-09-30,50130570,11884,568,11374,539
1587,2020-10-31,50130570,11876,542,11357,505
1588,2020-11-30,50130570,11890,518,11347,482
1589,2020-12-31,50130570,11882,512,11351,477
1590,2021-01-31,50130570,11853,508,11334,471
1591,2021-02-28,50130570,11899,491,11320,460
1592,2021-03-31,50130570,11875,487,11328,455
1593,2021-04-30,50130570,11872,474,11321,437
1594,2021-05-31,50130570,11896,469,11308,438
1595,2021-06-30,50130570,11889,461,11316,431
1596,2018-01-31,50130580,5335,66,5302,61
1597,2018-02-28,50130580,5344,66,5322,57
1598,2018-03-31,50130580,5340,70,5328,56
1599,2018-04-30,50130580,5332,67,5312,56
1600,2018-05-31,50130580,5338,69,5309,53
1601,2018-06-30,50130580,5341,69,5300,56
1602,2018-07-31,50130580,5344,67,5291,57
1603,2018-08-31,50130580,5328,67,5294,55
1604,2018-09-30,50130580,5341,68,5287,59
1605,2018-10-31,50130580,5331,67,5294,59
1606,2018-11-30,50130580,5321,69,5272,59
1607,2018-12-31,50130580,5309,68,5261,59
1608,2019-01-31,50130580,5284,66,5239,58
1609,2019-02-28,50130580,5284,61,5216,55
1610,2019-03-31,50130580,5274,62,5200,52
1611,2019-04-30,50130580,5265,64,5206,55
1612,2019-05-31,50130580,5276,65,5202,62
1613,2019-06-30,50130580,5303,60,5197,64
1614,2019-07-31,50130580,5309,58,5196,63
1615,2019-08-31,50130580,5299,57,5190,61
1616,2019-09-30,50130580,5283,58,5168,63
1617,2019-10-31,50130580,5256,59,5165,66
1618,2019-11-30,50130580,5259,59,5177,67
1619,2019-12-31,50130580,5262,59,5171,67
1620,2020-01-31,50130580,5290,61,5189,66
1621,2020-02-29,50130580,5277,56,5193,64
1622,2020-03-31,50130580,5261,54,5190,65
1623,2020-04-30,50130580,5252,51,5172,64
1624,2020-05-31,50130580,5267,50,5171,67
1625,2020-06-30,50130580,5256,50,5160,69
1626,2020-07-31,50130580,5245,47,5168,72
1627,2020-08-31,50130580,5268,45,5171,71
1628,2020-09-30,50130580,5264,45,5175,72
1629,2020-10-31,50130580,5318,50,5235,72
1630,2020-11-30,50130580,5346,50,5240,74
1631,2020-12-31,50130580,5367,52,5251,76
1632,2021-01-31,50130580,5430,54,5313,77
1633,2021-02-28,50130580,5436,53,5336,75
1634,2021-03-31,50130580,5443,53,5314,68
1635,2021-04-30,50130580,5468,55,5342,72
1636,2021-05-31,50130580,5487,54,5359,73
1637,2021-06-30,50130580,5524,56,5401,73
1638,2018-01-31,50130590,6637,95,6836,83
1639,2018-02-28,50130590,6678,94,6841,86
1640,2018-03-31,50130590,6748,93,6921,89
1641,2018-04-30,50130590,6754,94,6933,89
1642,2018-05-31,50130590,6789,91,6954,86
1643,2018-06-30,50130590,6815,93,6960,89
1644,2018-07-31,50130590,6851,93,7002,92
1645,2018-08-31,50130590,6866,97,7002,93
1646,2018-09-30,50130590,6893,101,7010,97
1647,2018-10-31,50130590,6911,101,7018,97
1648,2018-11-30,50130590,6928,100,7021,99
1649,2018-12-31,50130590,6936,101,7022,97
1650,2019-01-31,50130590,7029,111,7114,99
1651,2019-02-28,50130590,7089,115,7177,99
1652,2019-03-31,50130590,7120,114,7211,95
1653,2019-04-30,50130590,7141,115,7206,94
1654,2019-05-31,50130590,7143,116,7221,94
1655,2019-06-30,50130590,7105,120,7232,95
1656,2019-07-31,50130590,7121,117,7235,96
1657,2019-08-31,50130590,7106,118,7240,96
1658,2019-09-30,50130590,7112,125,7241,101
1659,2019-10-31,50130590,7115,123,7259,98
1660,2019-11-30,50130590,7113,120,7277,101
1661,2019-12-31,50130590,7151,116,7292,98
1662,2020-01-31,50130590,7158,116,7319,99
1663,2020-02-29,50130590,7175,121,7317,100
1664,2020-03-31,50130590,7165,116,7299,98
1665,2020-04-30,50130590,7150,115,7311,98
1666,2020-05-31,50130590,7149,110,7318,98
1667,2020-06-30,50130590,7155,111,7359,100
1668,2020-07-31,50130590,7161,110,7377,102
1669,2020-08-31,50130590,7176,112,7380,102
1670,2020-09-30,50130590,7174,108,7397,101
1671,2020-10-31,50130590,7216,99,7409,107
1672,2020-11-30,50130590,7241,100,7411,102
1673,2020-12-31,50130590,7301,98,7464,100
1674,2021-01-31,50130590,7311,96,7515,100
1675,2021-02-28,50130590,7353,96,7553,95
1676,2021-03-31,50130590,7390,95,7568,93
1677,2021-04-30,50130590,7414,95,7619,95
1678,2021-05-31,50130590,7424,96,7628,91
1679,2021-06-30,50130590,7446,100,7638,93
1680,2018-01-31,50130600,6475,137,6685,107
1681,2018-02-28,50130600,6506,138,6747,105
1682,2018-03-31,50130600,6545,140,6803,104
1683,2018-04-30,50130600,6544,139,6807,106
1684,2018-05-31,50130600,6547,138,6811,101
1685,2018-06-30,50130600,6547,138,6811,101
1686,2018-07-31,50130600,6619,135,6892,108
1687,2018-08-31,50130600,6609,139,6915,104
1688,2018-09-30,50130600,6633,139,6930,109
1689,2018-10-31,50130600,6678,140,6948,111
1690,2018-11-30,50130600,6666,143,6950,113
1691,2018-12-31,50130600,6691,143,6984,112
1692,2019-01-31,50130600,6683,145,6976,112
1693,2019-02-28,50130600,6683,145,6929,107
1694,2019-03-31,50130600,6695,138,6957,101
1695,2019-04-30,50130600,6699,136,6950,98
1696,2019-05-31,50130600,6720,129,6939,98
1697,2019-06-30,50130600,6734,128,6988,100
1698,2019-07-31,50130600,6754,131,6970,101
1699,2019-08-31,50130600,6776,129,6982,105
1700,2019-09-30,50130600,6802,130,6998,104
1701,2019-10-31,50130600,6797,125,7007,103
1702,2019-11-30,50130600,6773,127,6986,110
1703,2019-12-31,50130600,6788,123,6997,102
1704,2020-01-31,50130600,6754,124,7002,100
1705,2020-02-29,50130600,6775,125,7015,99
1706,2020-03-31,50130600,6769,121,6988,96
1707,2020-04-30,50130600,6802,119,7037,96
1708,2020-05-31,50130600,6797,114,7022,94
1709,2020-06-30,50130600,6809,114,7011,88
1710,2020-07-31,50130600,6822,112,7004,82
1711,2020-08-31,50130600,6822,117,7007,81
1712,2020-09-30,50130600,6800,118,7016,80
1713,2020-10-31,50130600,6835,117,7055,81
1714,2020-11-30,50130600,6864,118,7122,79
1715,2020-12-31,50130600,6821,113,7100,76
1716,2021-01-31,50130600,6817,110,7083,73
1717,2021-02-28,50130600,6841,109,7068,72
1718,2021-03-31,50130600,6804,113,7054,77
1719,2021-04-30,50130600,6814,111,7064,76
1720,2021-05-31,50130600,6825,111,7083,73
1721,2021-06-30,50130600,6817,110,7048,71
1722,2018-01-31,50130610,5145,141,5551,138
1723,2018-02-28,50130610,5181,143,5573,139
1724,2018-03-31,50130610,5205,140,5600,140
1725,2018-04-30,50130610,5230,134,5643,138
1726,2018-05-31,50130610,5256,139,5660,138
1727,2018-06-30,50130610,5291,149,5693,142
1728,2018-07-31,50130610,5340,146,5735,148
1729,2018-08-31,50130610,5365,153,5731,148
1730,2018-09-30,50130610,5391,156,5747,152
1731,2018-10-31,50130610,5396,160,5729,152
1732,2018-11-30,50130610,5405,169,5729,153
1733,2018-12-31,50130610,5401,173,5758,150
1734,2019-01-31,50130610,5389,174,5757,150
1735,2019-02-28,50130610,5396,171,5731,155
1736,2019-03-31,50130610,5403,172,5738,160
1737,2019-04-30,50130610,5421,170,5745,163
1738,2019-05-31,50130610,5452,173,5768,162
1739,2019-06-30,50130610,5457,173,5787,166
1740,2019-07-31,50130610,5476,165,5803,165
1741,2019-08-31,50130610,5476,167,5785,166
1742,2019-09-30,50130610,5459,167,5781,172
1743,2019-10-31,50130610,5460,164,5773,170
1744,2019-11-30,50130610,5499,158,5795,171
1745,2019-12-31,50130610,5512,157,5825,171
1746,2020-01-31,50130610,5527,158,5838,170
1747,2020-02-29,50130610,5533,157,5838,169
1748,2020-03-31,50130610,5510,155,5866,170
1749,2020-04-30,50130610,5526,154,5864,169
1750,2020-05-31,50130610,5569,152,5902,157
1751,2020-06-30,50130610,5589,153,5926,156
1752,2020-07-31,50130610,5573,153,5960,155
1753,2020-08-31,50130610,5590,155,5977,157
1754,2020-09-30,50130610,5612,156,5977,150
1755,2020-10-31,50130610,5599,155,5955,149
1756,2020-11-30,50130610,5596,149,5955,148
1757,2020-12-31,50130610,5611,143,5975,148
1758,2021-01-31,50130610,5597,143,5946,144
1759,2021-02-28,50130610,5601,144,5938,146
1760,2021-03-31,50130610,5602,143,5942,147
1761,2021-04-30,50130610,5617,152,5956,151
1762,2021-05-31,50130610,5626,153,5930,156
1763,2021-06-30,50130610,5625,154,5938,151
1764,2018-01-31,50130620,1922,74,2011,69
1765,2018-02-28,50130620,1931,72,2026,67
1766,2018-03-31,50130620,1944,68,2039,72
1767,2018-04-30,50130620,1964,75,2055,73
1768,2018-05-31,50130620,1967,78,2067,81
1769,2018-06-30,50130620,1983,86,2071,94
1770,2018-07-31,50130620,1969,110,2057,118
1771,2018-08-31,50130620,1989,113,2075,125
1772,2018-09-30,50130620,1999,118,2084,132
1773,2018-10-31,50130620,2007,135,2085,141
1774,2018-11-30,50130620,2015,139,2103,140
1775,2018-12-31,50130620,2022,140,2114,138
1776,2019-01-31,50130620,2024,139,2115,143
1777,2019-02-28,50130620,2010,137,2116,138
1778,2019-03-31,50130620,1999,139,2123,145
1779,2019-04-30,50130620,1991,140,2108,143
1780,2019-05-31,50130620,1981,140,2103,140
1781,2019-06-30,50130620,1975,143,2091,133
1782,2019-07-31,50130620,1977,147,2092,136
1783,2019-08-31,50130620,1968,147,2079,137
1784,2019-09-30,50130620,1971,146,2071,136
1785,2019-10-31,50130620,1961,146,2053,135
1786,2019-11-30,50130620,1961,149,2036,134
1787,2019-12-31,50130620,1951,143,2023,130
1788,2020-01-31,50130620,1964,144,2019,133
1789,2020-02-29,50130620,1957,146,2021,135
1790,2020-03-31,50130620,1948,144,2016,127
1791,2020-04-30,50130620,1923,145,2031,124
1792,2020-05-31,50130620,1904,146,2022,125
1793,2020-06-30,50130620,1894,146,2041,127
1794,2020-07-31,50130620,1899,145,2039,129
1795,2020-08-31,50130620,1902,145,2032,124
1796,2020-09-30,50130620,1906,144,2027,122
1797,2020-10-31,50130620,1913,141,2025,118
1798,2020-11-30,50130620,1919,140,2025,117
1799,2020-12-31,50130620,1916,142,2022,120
1800,2021-01-31,50130620,1916,138,2018,120
1801,2021-02-28,50130620,1904,137,2013,119
1802,2021-03-31,50130620,1918,137,2007,116
1803,2021-04-30,50130620,1904,135,2004,118
1804,2021-05-31,50130620,1910,135,2021,112
1805,2021-06-30,50130620,1902,128,2013,109
