base_date,emd_cd,use_cnt_mean,emd_amt_mean
2018-01-31,50110250,215.7947883,8171132.984
2018-02-28,50110250,213.7132616,8605532.333
2018-03-31,50110250,228.4013378,8517373.716
2018-04-30,50110250,239.8959732,8640048.185
2018-05-31,50110250,250.3483871,9384709.81
2018-06-30,50110250,255.3614865,9363471.378
2018-07-31,50110250,257.0289389,9240756.624
2018-08-31,50110250,262.5189873,9556008.709
2018-09-30,50110250,246.3421053,9556867.03
2018-10-31,50110250,236.0632911,8613658.535
2018-11-30,50110250,238.9569536,8750630.185
2018-12-31,50110250,230.7730061,8558759.129
2019-01-31,50110250,235.2204473,8960011.118
2019-02-28,50110250,236.8409894,8878558.562
2019-03-31,50110250,248.9492063,9173034.635
2019-04-30,50110250,262.4883721,9322704.648
2019-05-31,50110250,267,9471669.852
2019-06-30,50110250,266.5247525,9355620.64
2019-07-31,50110250,268.5628931,9533380.723
2019-08-31,50110250,283.6656051,10176181.97
2019-09-30,50110250,265.5681063,9697588.764
2019-10-31,50110250,275.0597484,9606757.481
2019-11-30,50110250,267.3806452,9586590.265
2019-12-31,50110250,266.8144654,9621756.255
2020-01-31,50110250,257.6044304,9648302.136
2020-02-29,50110250,249.6211604,8760701.457
2020-03-31,50110250,261.8770227,8979547.945
2020-04-30,50110250,278.4983051,9544601.271
2020-05-31,50110250,306.9552716,11015281.04
2020-06-30,50110250,291.0933333,10565070.79
2020-07-31,50110250,290.916129,10214210.1
2020-08-31,50110250,309.5483871,11874138.76
2020-09-30,50110250,307.6621622,11491011.58
2020-10-31,50110250,276.5145631,10392028.73
2020-11-30,50110250,271.6588629,9857835.274
2020-12-31,50110250,266.8383838,9687670.084
2021-01-31,50110250,269.0135593,9749913.027
2021-02-28,50110250,262.8498168,9875741.484
2021-03-31,50110250,274.3189369,10296078.59
2021-04-30,50110250,277.152027,10154532.52
2021-05-31,50110250,291.0423453,10829062.85
2021-06-30,50110250,290.4914089,10621506.6
2018-01-31,50110253,435.3136646,15008630.33
2018-02-28,50110253,415.2034483,15198084.83
2018-03-31,50110253,458.5030864,15133866.38
2018-04-30,50110253,477.6719243,15932993.99
2018-05-31,50110253,491.1094225,16705703.78
2018-06-30,50110253,491.498452,16199727.31
2018-07-31,50110253,520.398773,17442591.7
2018-08-31,50110253,536.76,18117379.77
2018-09-30,50110253,506.2797428,17739200.63
2018-10-31,50110253,503.08125,16502954.28
2018-11-30,50110253,499.0958466,16823200.54
2018-12-31,50110253,506.1049383,17241889.97
2019-01-31,50110253,476.3015385,16228078.98
2019-02-28,50110253,471.9931741,16611315.44
2019-03-31,50110253,508.2546584,16720082.8
2019-04-30,50110253,535.3729904,17163366.62
2019-05-31,50110253,534.3839009,17341954.04
2019-06-30,50110253,521.5768025,16658167.71
2019-07-31,50110253,561.2561728,17329254.05
2019-08-31,50110253,563.4006024,18406523.61
2019-09-30,50110253,526.9619048,17606690.79
2019-10-31,50110253,559.6346749,17499931.5
2019-11-30,50110253,547.3650794,17434788.87
2019-12-31,50110253,557.462963,18841002.69
2020-01-31,50110253,524.0308642,18272632.18
2020-02-29,50110253,509.6120401,16624648.26
2020-03-31,50110253,544.1666667,17684270.43
2020-04-30,50110253,562.9075908,18768529.29
2020-05-31,50110253,604.6760125,20547995.12
2020-06-30,50110253,592.6343042,19070361.72
2020-07-31,50110253,574.04375,18883968.25
2020-08-31,50110253,621.384375,21051155.52
2020-09-30,50110253,626.1461794,21794640.49
2020-10-31,50110253,583.1234177,19908966.16
2020-11-30,50110253,572.3974359,19668268.04
2020-12-31,50110253,555.0917722,19071068.73
2021-01-31,50110253,530.6178344,17868835.82
2021-02-28,50110253,558.8035088,19276185.38
2021-03-31,50110253,573.4767802,19350893.03
2021-04-30,50110253,604.8774194,20278383.38
2021-05-31,50110253,616.9053628,20827045.51
2021-06-30,50110253,607.9546926,19826929.6
2018-01-31,50110256,133.5704467,4938732.014
2018-02-28,50110256,135.8560606,5204876.299
2018-03-31,50110256,138.3344156,4725374.029
2018-04-30,50110256,152.9520548,5286699.229
2018-05-31,50110256,150.9042904,5540402.35
2018-06-30,50110256,157.5273973,5616603.74
2018-07-31,50110256,163.7576792,5556964.02
2018-08-31,50110256,164.0635452,5900239.462
2018-09-30,50110256,156.7322034,6066471.464
2018-10-31,50110256,152.9737705,5339384.203
2018-11-30,50110256,144.4489796,5212978.701
2018-12-31,50110256,149.7666667,5412111.073
2019-01-31,50110256,156.755102,5820118.435
2019-02-28,50110256,147.387218,5453389.038
2019-03-31,50110256,150.7532468,4987536.529
2019-04-30,50110256,158.4046823,5489105.231
2019-05-31,50110256,164.157377,5583585.889
2019-06-30,50110256,166.2210884,5459705.646
2019-07-31,50110256,174.3104575,5730632.944
2019-08-31,50110256,178.8019481,6233296.539
2019-09-30,50110256,164.6464646,5786058.088
2019-10-31,50110256,172.0714286,5584086.523
2019-11-30,50110256,166.2943144,5424288.729
2019-12-31,50110256,163.8205128,5378189.221
2020-01-31,50110256,158.0852459,5449322.079
2020-02-29,50110256,154.2570423,4919624.246
2020-03-31,50110256,169.8310811,5398126.486
2020-04-30,50110256,174.6722973,5382862.24
2020-05-31,50110256,204.7866242,6887010.274
2020-06-30,50110256,204.4794521,6662139.363
2020-07-31,50110256,194.059375,6228747.238
2020-08-31,50110256,218.7320261,7190847.356
2020-09-30,50110256,211.5782313,7331996.585
2020-10-31,50110256,198.1732026,6460338.873
2020-11-30,50110256,200.4232082,6591419.362
2020-12-31,50110256,188.9863481,6102559.737
2021-01-31,50110256,181.0169492,5844460.522
2021-02-28,50110256,186.6217228,6404611.809
2021-03-31,50110256,181.8102894,5868944.431
2021-04-30,50110256,183.4477124,6210654.611
2021-05-31,50110256,193.6622517,6688469.447
2021-06-30,50110256,197.8536585,6764170.307
2018-01-31,50110259,299.9619048,9677729.063
2018-02-28,50110259,279.4557823,9884165.912
2018-03-31,50110259,300.3009119,9629932.976
2018-04-30,50110259,322.9102564,10745478.58
2018-05-31,50110259,321.7237237,10699117.09
2018-06-30,50110259,327.6238245,10570233.25
2018-07-31,50110259,342.0628743,10969097.69
2018-08-31,50110259,356.6586103,11544039.66
2018-09-30,50110259,334.4143302,11130769.55
2018-10-31,50110259,334.0484848,10605485.24
2018-11-30,50110259,333.5660377,10258642.34
2018-12-31,50110259,337.5683891,11155019.12
2019-01-31,50110259,329.9817629,10695184.26
2019-02-28,50110259,328.1081081,10762353.61
2019-03-31,50110259,354.3527607,10992887.04
2019-04-30,50110259,358.128125,11282869.11
2019-05-31,50110259,369.1757576,11630198.68
2019-06-30,50110259,369.2670807,11615457.85
2019-07-31,50110259,388.3058104,11855959.92
2019-08-31,50110259,384.8630952,12483131.18
2019-09-30,50110259,360.2879747,11564954.25
2019-10-31,50110259,384.0856269,11993400.44
2019-11-30,50110259,377.4303797,11583827.19
2019-12-31,50110259,370.2606061,12190209.18
2020-01-31,50110259,351.5864198,11688002.39
2020-02-29,50110259,344.6688312,10817230.68
2020-03-31,50110259,363.1018519,11584813.56
2020-04-30,50110259,389.9131833,12541708.95
2020-05-31,50110259,436.058104,14134329.69
2020-06-30,50110259,419.9525316,13137449.49
2020-07-31,50110259,402.4864865,12435785.97
2020-08-31,50110259,436.5895062,13938881.36
2020-09-30,50110259,451.9230769,15534705.21
2020-10-31,50110259,414.4106583,13409631.81
2020-11-30,50110259,409.1650485,13364405.53
2020-12-31,50110259,393.4967949,13112601.78
2021-01-31,50110259,382.8983607,12445727.08
2021-02-28,50110259,382.3558719,13081697.58
2021-03-31,50110259,383.2893082,12192685.89
2021-04-30,50110259,408.3559871,13349222.32
2021-05-31,50110259,419.4493671,14079114.74
2021-06-30,50110259,409.7180328,12958742.23
2018-01-31,50110310,74.88129496,2641031.899
2018-02-28,50110310,71.02362205,2682634.39
2018-03-31,50110310,78.79422383,2860108.776
2018-04-30,50110310,86.85271318,3138754.519
2018-05-31,50110310,92.15272727,3399167.404
2018-06-30,50110310,95.64864865,3359446.181
2018-07-31,50110310,95.31294964,3604548.043
2018-08-31,50110310,98.28027682,3355795.183
2018-09-30,50110310,95.18478261,3760822
2018-10-31,50110310,90.50347222,3056105.552
2018-11-30,50110310,86.0569395,2952187.203
2018-12-31,50110310,86.15140845,3271838.57
2019-01-31,50110310,89.59010601,3048832.385
2019-02-28,50110310,83.45669291,3104000.201
2019-03-31,50110310,91.66202091,3196551.599
2019-04-30,50110310,99.91208791,3319225.612
2019-05-31,50110310,98.92446043,3534500.734
2019-06-30,50110310,100.6523297,3526940.677
2019-07-31,50110310,99.09310345,3374817.89
2019-08-31,50110310,105.0498221,3895107.683
2019-09-30,50110310,92.64620939,3537643.321
2019-10-31,50110310,96.34615385,3289079.969
2019-11-30,50110310,93.72659176,3238790.303
2019-12-31,50110310,97.25270758,3576337.783
2020-01-31,50110310,90.42105263,3447652.291
2020-02-29,50110310,85.12781955,2956305.353
2020-03-31,50110310,93.44405594,3450337.762
2020-04-30,50110310,98.98913043,3396782.601
2020-05-31,50110310,102.9283276,3811304.734
2020-06-30,50110310,95.9787234,3494327.238
2020-07-31,50110310,98.82033898,3393414.2
2020-08-31,50110310,110.8200692,4159164.92
2020-09-30,50110310,116.6726619,4678714.327
2020-10-31,50110310,104.3827586,3861059.083
2020-11-30,50110310,104.1304348,3920973.757
2020-12-31,50110310,92.52631579,3428996.772
2021-01-31,50110310,89.58928571,3301104.979
2021-02-28,50110310,97.87937743,3639913.261
2021-03-31,50110310,99.95789474,3470144.677
2021-04-30,50110310,103.921147,3739473.384
2021-05-31,50110310,107.4041096,4013575.849
2021-06-30,50110310,106.6879433,3887469.287
2018-01-31,50110320,19.6163522,798751.3774
2018-02-28,50110320,20.22857143,839120.2
2018-03-31,50110320,18.01315789,652313
2018-04-30,50110320,19.34090909,702567.1061
2018-05-31,50110320,19.54304636,742982.2781
2018-06-30,50110320,20.86666667,804354.5778
2018-07-31,50110320,20.01886792,819260.1698
2018-08-31,50110320,20.40397351,820260.755
2018-09-30,50110320,19.61904762,840370.9116
2018-10-31,50110320,16.94267516,618006.8471
2018-11-30,50110320,17.05223881,707866.8806
2018-12-31,50110320,15.16025641,559660.7051
2019-01-31,50110320,17.29885057,718563.5862
2019-02-28,50110320,18.2885906,623006.7181
2019-03-31,50110320,18.85987261,732669.1783
2019-04-30,50110320,18.23976608,679745.3041
2019-05-31,50110320,17.71604938,739446.0247
2019-06-30,50110320,18.69822485,778484.3728
2019-07-31,50110320,21.48502994,868607.024
2019-08-31,50110320,19.4375,724071.4844
2019-09-30,50110320,17.23655914,802513.7849
2019-10-31,50110320,17.71794872,642995.7077
2019-11-30,50110320,21.40963855,713317.2711
2019-12-31,50110320,16.71348315,767575.7191
2020-01-31,50110320,16.95266272,636001.3846
2020-02-29,50110320,16.64634146,716832.8171
2020-03-31,50110320,18.47953216,632455.5556
2020-04-30,50110320,16.5025641,709131.2359
2020-05-31,50110320,19.77456647,808023.9364
2020-06-30,50110320,18.15819209,709152.6949
2020-07-31,50110320,16.328125,674617.75
2020-08-31,50110320,16.2617801,720886.4084
2020-09-30,50110320,19.70414201,806477.0414
2020-10-31,50110320,19.56756757,744522.3459
2020-11-30,50110320,18.41758242,747916.3901
2020-12-31,50110320,20.05681818,730559.9886
2021-01-31,50110320,17.61445783,689864.8795
2021-02-28,50110320,19.5,683179.0949
2021-03-31,50110320,21.02222222,818338.8722
2021-04-30,50110320,19.37234043,678245.6223
2021-05-31,50110320,20.79695431,691818.2843
2021-06-30,50110320,23.13368984,897773.7968
2018-01-31,50110330,13.25373134,536361.8507
2018-02-28,50110330,14.37762238,589158.7622
2018-03-31,50110330,17.60736196,906100.816
2018-04-30,50110330,18.3375,745482.6
2018-05-31,50110330,21.01197605,872721.4431
2018-06-30,50110330,18.31927711,881639.5904
2018-07-31,50110330,19.92777778,710459.2333
2018-08-31,50110330,20.66298343,884489.2983
2018-09-30,50110330,20.12,904040.8229
2018-10-31,50110330,18.74301676,726347.0223
2018-11-30,50110330,20.62146893,805779.0452
2018-12-31,50110330,20.34210526,899912.5579
2019-01-31,50110330,19.30555556,825508.4167
2019-02-28,50110330,18.0130719,786711.7582
2019-03-31,50110330,16.78409091,570531.8239
2019-04-30,50110330,17.00564972,850701.3503
2019-05-31,50110330,20.4494382,792107.0562
2019-06-30,50110330,17.52873563,717381.9713
2019-07-31,50110330,18.99459459,718540.6865
2019-08-31,50110330,21.55932203,938308.1186
2019-09-30,50110330,17.8974359,668604.7885
2019-10-31,50110330,16.88953488,839374.1628
2019-11-30,50110330,16.43452381,726288.994
2019-12-31,50110330,15.15384615,632995.1124
2020-01-31,50110330,13.11976048,585415.7784
2020-02-29,50110330,15.58940397,536374.2252
2020-03-31,50110330,19.76470588,732608.8235
2020-04-30,50110330,21.63522013,821650.7484
2020-05-31,50110330,24.43274854,879851.7778
2020-06-30,50110330,22.69633508,956939.801
2020-07-31,50110330,23.3258427,1035566.551
2020-08-31,50110330,24.50819672,1447484.301
2020-09-30,50110330,24.63841808,1038623.695
2020-10-31,50110330,25.37179487,1339624.372
2020-11-30,50110330,24.93464052,1274883.673
2020-12-31,50110330,22.19496855,872178.4843
2021-01-31,50110330,18.37654321,760635.7407
2021-02-28,50110330,20.05228758,874045.2353
2021-03-31,50110330,22.79679144,1179584.449
2021-04-30,50110330,23.98802395,1364928.144
2021-05-31,50110330,25.52513966,1400945.732
2021-06-30,50110330,24.17837838,1250951.968
2018-01-31,50110510,68.21376812,2553618.214
2018-02-28,50110510,70.36885246,2789070.795
2018-03-31,50110510,69.38811189,2339898.497
2018-04-30,50110510,73.32363636,2682231.825
2018-05-31,50110510,75.5212766,2515933.649
2018-06-30,50110510,78.04150943,2794509.404
2018-07-31,50110510,81.16027875,3140861.812
2018-08-31,50110510,80.54577465,2773116.504
2018-09-30,50110510,77.31751825,2968190.672
2018-10-31,50110510,72.13541667,2718209.323
2018-11-30,50110510,73.00706714,2645773.866
2018-12-31,50110510,77,2858702.696
2019-01-31,50110510,75.55208333,2690368.285
2019-02-28,50110510,72.27272727,2745709.045
2019-03-31,50110510,77.96283784,2833970.649
2019-04-30,50110510,83.02508961,3162183.957
2019-05-31,50110510,80.03754266,3027572.498
2019-06-30,50110510,78.37370242,2747820.471
2019-07-31,50110510,77.07094595,3069678.453
2019-08-31,50110510,76.6440678,2689448.898
2019-09-30,50110510,72.99646643,2845804.643
2019-10-31,50110510,79.19453925,2828726.297
2019-11-30,50110510,77.75451264,2599666.863
2019-12-31,50110510,71.7114094,2644206.52
2020-01-31,50110510,75.74652778,2736713.833
2020-02-29,50110510,64.45487365,2092914.61
2020-03-31,50110510,68.65051903,2383678.893
2020-04-30,50110510,68.23776224,2209117.521
2020-05-31,50110510,78.23569024,2826374.313
2020-06-30,50110510,69.85714286,2422410.02
2020-07-31,50110510,76.23103448,2538724.314
2020-08-31,50110510,76.92715232,2986498.659
2020-09-30,50110510,79.72084806,2818054.827
2020-10-31,50110510,74.01027397,2878501.363
2020-11-30,50110510,77.44839858,2518059.434
2020-12-31,50110510,75,2610904.473
2021-01-31,50110510,72.59498208,2628527.527
2021-02-28,50110510,70.60784314,2583476.427
2021-03-31,50110510,68.49473684,2464466.13
2021-04-30,50110510,73.16117216,2580558.238
2021-05-31,50110510,72.00353357,2595020.837
2021-06-30,50110510,69.53985507,2478262.159
2018-01-31,50110520,633.5363636,20330817.95
2018-02-28,50110520,640.8711864,21692712.24
2018-03-31,50110520,664.2378049,20256692.46
2018-04-30,50110520,660.4355828,19874771.64
2018-05-31,50110520,677.8278932,20905865.83
2018-06-30,50110520,700.2763975,20936413.53
2018-07-31,50110520,714.5166163,21490223.64
2018-08-31,50110520,726.9112426,22195901.22
2018-09-30,50110520,705.3753846,22485107.84
2018-10-31,50110520,649.9117647,19320060.4
2018-11-30,50110520,667.190184,20181093.04
2018-12-31,50110520,667.7232143,21109648.57
2019-01-31,50110520,659.4790419,20438740.86
2019-02-28,50110520,648.7458746,20539358.06
2019-03-31,50110520,658.1275964,19859025.95
2019-04-30,50110520,685.884375,20147040.92
2019-05-31,50110520,691.5,20769254.69
2019-06-30,50110520,706.4018692,20937459.6
2019-07-31,50110520,708.3878788,20348316.52
2019-08-31,50110520,740.3502994,21752139.76
2019-09-30,50110520,696.2445141,21918585.7
2019-10-31,50110520,720.4048338,20300164.96
2019-11-30,50110520,719.0474684,20973373.05
2019-12-31,50110520,713.0180723,21833622.69
2020-01-31,50110520,695.945122,21953974.64
2020-02-29,50110520,677.1973244,19676238.05
2020-03-31,50110520,703.7617555,20384568.24
2020-04-30,50110520,745.6557377,21858666.62
2020-05-31,50110520,777.3636364,23651710.49
2020-06-30,50110520,763.368254,21995339.97
2020-07-31,50110520,744.2719033,21503893.17
2020-08-31,50110520,795.0365854,24180829.69
2020-09-30,50110520,806.3029316,25082199.67
2020-10-31,50110520,740.173913,22512948.75
2020-11-30,50110520,725.3260188,22448200.68
2020-12-31,50110520,727.7993631,21431875.77
2021-01-31,50110520,707.8461538,20884245.23
2021-02-28,50110520,729.3451957,22645159.69
2021-03-31,50110520,713.4492308,21058873.74
2021-04-30,50110520,730.514377,21107979
2021-05-31,50110520,744.6238245,22168736.18
2021-06-30,50110520,718.2939297,20523148.23
2018-01-31,50110530,175.789644,5674358.084
2018-02-28,50110530,169.9466192,5715041.552
2018-03-31,50110530,182.7147436,5290666.01
2018-04-30,50110530,189.1381579,5779772.243
2018-05-31,50110530,193.2186495,6055289.984
2018-06-30,50110530,197.2763158,5948581.704
2018-07-31,50110530,200.888535,5918655.742
2018-08-31,50110530,198.5160256,5852294.006
2018-09-30,50110530,193.4506579,6178394.49
2018-10-31,50110530,188.5047923,5616060.39
2018-11-30,50110530,184.4360656,5677570.528
2018-12-31,50110530,183.9493671,6028851.019
2019-01-31,50110530,184.0380952,5703515.343
2019-02-28,50110530,186.2587413,5808282.934
2019-03-31,50110530,193.9648562,5698259.706
2019-04-30,50110530,195.0721311,5624425.993
2019-05-31,50110530,195.2698413,5979011.622
2019-06-30,50110530,197.7409836,5681809.239
2019-07-31,50110530,201.6357827,5779102.585
2019-08-31,50110530,211.827044,6346970.66
2019-09-30,50110530,193.98,5925283.32
2019-10-31,50110530,201.590625,5975728.188
2019-11-30,50110530,203.9967105,6090972.793
2019-12-31,50110530,199.0981013,6296795.085
2020-01-31,50110530,189.5873016,6017691.416
2020-02-29,50110530,193.0376712,5744115.144
2020-03-31,50110530,202.5322581,5797208.903
2020-04-30,50110530,206.4715719,6264771.201
2020-05-31,50110530,226.589172,6895643.506
2020-06-30,50110530,222.6414474,6442626.822
2020-07-31,50110530,221.6121795,6520783.26
2020-08-31,50110530,229.2939297,6742502.316
2020-09-30,50110530,229.6166667,7336104.05
2020-10-31,50110530,212.6485623,6495057.534
2020-11-30,50110530,209.9768977,6233533.548
2020-12-31,50110530,206.9409836,5975783.433
2021-01-31,50110530,202.2244224,6137134.446
2021-02-28,50110530,209.5848375,6365441.953
2021-03-31,50110530,209.2815534,6002526.466
2021-04-30,50110530,215.0963455,6186528.744
2021-05-31,50110530,218.6915584,6543649.961
2021-06-30,50110530,214.9191919,6028008.67
2018-01-31,50110540,1010.079027,31108370.87
2018-02-28,50110540,984.7491639,32725158.42
2018-03-31,50110540,1026.507553,31300621.19
2018-04-30,50110540,1073.142857,32129357.15
2018-05-31,50110540,1087.988131,33772240.52
2018-06-30,50110540,1082.920973,32663122.94
2018-07-31,50110540,1128.244776,34084856.09
2018-08-31,50110540,1173.907463,35659853.51
2018-09-30,50110540,1139.37963,35821461.24
2018-10-31,50110540,1078.070796,31876669.02
2018-11-30,50110540,1092.78882,31880362.97
2018-12-31,50110540,1105.892216,33990349.21
2019-01-31,50110540,1058.659701,32890091.03
2019-02-28,50110540,1054.162252,33646770.34
2019-03-31,50110540,1081.152239,31913979.04
2019-04-30,50110540,1116.388889,31914054.77
2019-05-31,50110540,1159.247761,34297407.9
2019-06-30,50110540,1166.264615,33999784.46
2019-07-31,50110540,1163.029762,33549235.64
2019-08-31,50110540,1231.280597,36462386.31
2019-09-30,50110540,1138.962617,34226615.92
2019-10-31,50110540,1177.371257,34027262.13
2019-11-30,50110540,1153.809969,33614900.84
2019-12-31,50110540,1165.712575,35604006.01
2020-01-31,50110540,1124.684848,35045262.81
2020-02-29,50110540,1090.763578,32292833.66
2020-03-31,50110540,1200.822785,34390775.49
2020-04-30,50110540,1233.019355,35541614.1
2020-05-31,50110540,1295.900901,38914092.9
2020-06-30,50110540,1239.309375,35393635.37
2020-07-31,50110540,1240.206061,35445131.25
2020-08-31,50110540,1349.039877,39545781.12
2020-09-30,50110540,1366.854785,41076031.61
2020-10-31,50110540,1239.174312,35818247.26
2020-11-30,50110540,1240.548896,36715662.59
2020-12-31,50110540,1226.155063,35381780.4
2021-01-31,50110540,1184.129747,34115630.3
2021-02-28,50110540,1231.805654,37683128.23
2021-03-31,50110540,1205.061162,34573735.59
2021-04-30,50110540,1230.522293,35508014.82
2021-05-31,50110540,1279.555901,37928002.48
2021-06-30,50110540,1252.774194,35287605.83
2018-01-31,50110550,287.4267913,8911137.645
2018-02-28,50110550,281.3917526,9319032.172
2018-03-31,50110550,293.3800623,8764346.495
2018-04-30,50110550,301.4748428,9370677.101
2018-05-31,50110550,312.9325153,9538347.248
2018-06-30,50110550,324.4299363,9725349.083
2018-07-31,50110550,328.4496855,9670726.434
2018-08-31,50110550,323.9695122,9587601.558
2018-09-30,50110550,316.8810289,10027931.49
2018-10-31,50110550,297.9690402,8849451.142
2018-11-30,50110550,303.7380192,9018938.387
2018-12-31,50110550,301.9539877,9497782.282
2019-01-31,50110550,292.0762195,9131545.884
2019-02-28,50110550,293.7093426,9272596.713
2019-03-31,50110550,301.75,9059265.075
2019-04-30,50110550,315.0576923,9372127.378
2019-05-31,50110550,316.8240741,9674606.225
2019-06-30,50110550,319.8237179,9681793.939
2019-07-31,50110550,317.08,9105100.058
2019-08-31,50110550,330.28,9805142.668
2019-09-30,50110550,318.3806452,9488108.235
2019-10-31,50110550,326.5931677,9296839.102
2019-11-30,50110550,322.7507987,9473070.866
2019-12-31,50110550,315.8606811,9668495.483
2020-01-31,50110550,297.242236,9686851.012
2020-02-29,50110550,298.1346801,9134262.582
2020-03-31,50110550,317.0447284,9204401.853
2020-04-30,50110550,322.9639344,9437533.341
2020-05-31,50110550,345.4458204,10554413.25
2020-06-30,50110550,336.5210356,9812296.498
2020-07-31,50110550,339.9968652,10220203.3
2020-08-31,50110550,361.859375,10800505.51
2020-09-30,50110550,371.6923077,11452825.45
2020-10-31,50110550,349.4121406,10374532.52
2020-11-30,50110550,338.0645161,10271756.43
2020-12-31,50110550,340.8058252,10123722.78
2021-01-31,50110550,331.3245902,10059037.81
2021-02-28,50110550,335.9208633,10552898.51
2021-03-31,50110550,335.0536278,9863407.984
2021-04-30,50110550,343.1809211,10577591.21
2021-05-31,50110550,352.4968153,10620204.59
2021-06-30,50110550,344.3618421,10111180.45
2018-01-31,50110560,160.8253968,5099573.108
2018-02-28,50110560,156.1344828,5369384.297
2018-03-31,50110560,167.5305466,5459362.794
2018-04-30,50110560,173.695082,5477013.748
2018-05-31,50110560,183.5924765,6020665.32
2018-06-30,50110560,185.9016393,5937267.302
2018-07-31,50110560,186.7665615,5945719.025
2018-08-31,50110560,194.8634921,6213594.041
2018-09-30,50110560,190.4459016,6403842.918
2018-10-31,50110560,182.4903846,5830064.183
2018-11-30,50110560,175.2052117,5662201.958
2018-12-31,50110560,181.0227273,5923426.575
2019-01-31,50110560,172.8990536,5533423.082
2019-02-28,50110560,176.7279152,5823765.636
2019-03-31,50110560,182.3733766,5681527.234
2019-04-30,50110560,183.0947712,5689097.565
2019-05-31,50110560,188.572327,5721728.013
2019-06-30,50110560,191.2918033,6047888.187
2019-07-31,50110560,192.1962025,5915699.763
2019-08-31,50110560,199.2484277,6191764.434
2019-09-30,50110560,186.0197368,6050862.115
2019-10-31,50110560,195.5517241,5858954.693
2019-11-30,50110560,185.3025478,5606694.71
2019-12-31,50110560,187.2388535,5967182.685
2020-01-31,50110560,177.3800623,5773508.336
2020-02-29,50110560,171.2363014,5275717.808
2020-03-31,50110560,173.5993485,5280343.046
2020-04-30,50110560,172.3609272,5279745.391
2020-05-31,50110560,193.866242,6073008.739
2020-06-30,50110560,190.5397351,5804452.656
2020-07-31,50110560,188.4423077,5643117.285
2020-08-31,50110560,203.9171975,6349788.334
2020-09-30,50110560,205.9057239,6660463.825
2020-10-31,50110560,189.6057692,5972354.974
2020-11-30,50110560,192.4318937,6045848.468
2020-12-31,50110560,186.72,5788782.747
2021-01-31,50110560,189.1182432,5736058.98
2021-02-28,50110560,184.5054545,5973937.178
2021-03-31,50110560,187.1474359,5858333.413
2021-04-30,50110560,185.6013072,5726976.275
2021-05-31,50110560,188.2108626,5798668.565
2021-06-30,50110560,187.959322,5617153.434
2018-01-31,50110570,137.6435644,4569653.409
2018-02-28,50110570,135.7859779,4789739.686
2018-03-31,50110570,137.7077922,4543347.461
2018-04-30,50110570,144.7128378,4850378.324
2018-05-31,50110570,148.8407643,5086986.395
2018-06-30,50110570,157.4567474,5044029.135
2018-07-31,50110570,154.5454545,5164278.721
2018-08-31,50110570,157.0749186,4922635.827
2018-09-30,50110570,152.8807947,5278726.066
2018-10-31,50110570,146.3311688,4559786.539
2018-11-30,50110570,145.5084746,4502526.153
2018-12-31,50110570,144.1129032,4794799.035
2019-01-31,50110570,144.5530547,4688491.27
2019-02-28,50110570,138.8566434,4628427.315
2019-03-31,50110570,148.1111111,4584380.059
2019-04-30,50110570,149.5939597,4628846.064
2019-05-31,50110570,151.9042904,4807690.564
2019-06-30,50110570,148.1063123,4583072.196
2019-07-31,50110570,152.4968153,4710376.166
2019-08-31,50110570,162.9394904,5270764.739
2019-09-30,50110570,154.3027211,5048714.109
2019-10-31,50110570,154.2507937,4854292.029
2019-11-30,50110570,150.0660066,4672019.409
2019-12-31,50110570,159.0749186,4977435.186
2020-01-31,50110570,147.913738,5089106.144
2020-02-29,50110570,144.3931034,4646204.5
2020-03-31,50110570,154.0359477,4790029.608
2020-04-30,50110570,160.3198653,4816068.461
2020-05-31,50110570,169.0448718,5192412.25
2020-06-30,50110570,162.5872483,4888652.279
2020-07-31,50110570,164.6201299,4816107.38
2020-08-31,50110570,172.3061889,5750782.821
2020-09-30,50110570,178.0343643,5724847.254
2020-10-31,50110570,163.0941558,4987062.049
2020-11-30,50110570,165.3817568,5323233.858
2020-12-31,50110570,159.3175676,4994714.578
2021-01-31,50110570,162.9577465,4937409.254
2021-02-28,50110570,158.6037037,5328725.281
2021-03-31,50110570,158.9084967,5133350.673
2021-04-30,50110570,162.0966667,5138633.753
2021-05-31,50110570,172.6567657,5462246.67
2021-06-30,50110570,175.0915493,5183780.176
2018-01-31,50110580,308.35625,10015968.1
2018-02-28,50110580,304.1631944,10107100.76
2018-03-31,50110580,304.2724458,9992211.641
2018-04-30,50110580,315.9587302,10015057.76
2018-05-31,50110580,338.1331269,10743482.26
2018-06-30,50110580,335.5015773,11123232.44
2018-07-31,50110580,335.6,10624523.01
2018-08-31,50110580,337.5075529,11251416.69
2018-09-30,50110580,331.0450161,10871722.9
2018-10-31,50110580,308.2338462,10364154.26
2018-11-30,50110580,309.4827586,10223137.37
2018-12-31,50110580,321.9133127,10904293.54
2019-01-31,50110580,308.752322,10146719.13
2019-02-28,50110580,309.5605536,10541777.62
2019-03-31,50110580,311.212963,10049489.8
2019-04-30,50110580,321.3794212,10191613.6
2019-05-31,50110580,322.9691358,10584840.81
2019-06-30,50110580,343.8006536,10647073.22
2019-07-31,50110580,333.6417445,10482621.58
2019-08-31,50110580,350.4797508,10841786.11
2019-09-30,50110580,323.3833866,10846364.99
2019-10-31,50110580,332.0861538,10083529.13
2019-11-30,50110580,324.327044,9625007.711
2019-12-31,50110580,321.8328267,10239170.26
2020-01-31,50110580,322.04375,10451887.39
2020-02-29,50110580,305.8657718,9012390.466
2020-03-31,50110580,322.9354839,9210214.403
2020-04-30,50110580,339.705298,9566284.993
2020-05-31,50110580,359.1028037,11035086.82
2020-06-30,50110580,342.2163934,9608602.911
2020-07-31,50110580,339.8213166,9925741.361
2020-08-31,50110580,377.247619,11098234.87
2020-09-30,50110580,377.2166667,11890379.72
2020-10-31,50110580,351.9616613,10190712.14
2020-11-30,50110580,344.2427184,10367119.15
2020-12-31,50110580,344.3660131,9895650.699
2021-01-31,50110580,330.2350993,9640153.546
2021-02-28,50110580,334.0507246,10154016.8
2021-03-31,50110580,323.5063291,9802252.763
2021-04-30,50110580,334.6970684,10277176.89
2021-05-31,50110580,348.952381,10584758.72
2021-06-30,50110580,336.8741722,10019904.53
2018-01-31,50110590,183.1206349,6427583.086
2018-02-28,50110590,176.3992933,7093306.714
2018-03-31,50110590,193.9679487,6535422.404
2018-04-30,50110590,200.8,7058735.86
2018-05-31,50110590,208.1265432,7137440.102
2018-06-30,50110590,209.4222222,7122696.619
2018-07-31,50110590,215.7116564,7097270.377
2018-08-31,50110590,216.635514,7368595.692
2018-09-30,50110590,203.089172,7489929.828
2018-10-31,50110590,203.659306,7048994.647
2018-11-30,50110590,202.4222222,6943001.686
2018-12-31,50110590,206.93125,7249405.909
2019-01-31,50110590,200.2639752,7320316.45
2019-02-28,50110590,202.4097222,6937069.524
2019-03-31,50110590,205.8832808,6592651.886
2019-04-30,50110590,209.6601942,7066497.887
2019-05-31,50110590,215.8670886,7191481.472
2019-06-30,50110590,209.1423948,6627613.718
2019-07-31,50110590,216.3239875,6998203.492
2019-08-31,50110590,224.4018692,7403844.972
2019-09-30,50110590,210.3290323,7254197.79
2019-10-31,50110590,212.59375,6884212.1
2019-11-30,50110590,218.1566667,7159711.81
2019-12-31,50110590,209.5669782,7246135.486
2020-01-31,50110590,204.4018987,6960052.231
2020-02-29,50110590,194.2508361,6462656.054
2020-03-31,50110590,206.2175325,6825177.857
2020-04-30,50110590,214.3120805,6898611.617
2020-05-31,50110590,224.765625,7522743.947
2020-06-30,50110590,225.5940594,7317869.924
2020-07-31,50110590,221.2151899,7019030.544
2020-08-31,50110590,240.5664557,7694895.661
2020-09-30,50110590,244.9393939,8306675.545
2020-10-31,50110590,216.7539432,7305687.035
2020-11-30,50110590,226.6556291,7392555.404
2020-12-31,50110590,212.7687296,6983300.71
2021-01-31,50110590,218.6587031,7019931.164
2021-02-28,50110590,220.5547445,7425793.547
2021-03-31,50110590,216.5645161,6889986.674
2021-04-30,50110590,217.4768212,6735244.791
2021-05-31,50110590,222.7524116,7304444.859
2021-06-30,50110590,223.4113712,7059453.512
2018-01-31,50110600,458.3281734,14101775.48
2018-02-28,50110600,449.3172414,14817474.91
2018-03-31,50110600,468.5582822,14079860.85
2018-04-30,50110600,488.6006289,14195809.35
2018-05-31,50110600,506.063253,15367829.03
2018-06-30,50110600,517.8213166,14904497.5
2018-07-31,50110600,531.0825688,15717313.48
2018-08-31,50110600,527.7259036,15532271.34
2018-09-30,50110600,507.9085174,15986767.8
2018-10-31,50110600,498.0923077,14278839.22
2018-11-30,50110600,496.4069401,14275328.04
2018-12-31,50110600,493.6820988,15411642.8
2019-01-31,50110600,476.9755352,14227250.17
2019-02-28,50110600,469.7373737,14274052.62
2019-03-31,50110600,484.0029851,13916243.61
2019-04-30,50110600,506.5825545,14243343.79
2019-05-31,50110600,529.7883436,15542962.14
2019-06-30,50110600,536.625,14936909.42
2019-07-31,50110600,530.0903614,14975448.57
2019-08-31,50110600,559.5321101,16272270.43
2019-09-30,50110600,519.3829114,16233564.87
2019-10-31,50110600,530.4638554,14720986.55
2019-11-30,50110600,528.7350158,15510734.15
2019-12-31,50110600,524.9235474,16177780.93
2020-01-31,50110600,499.4674923,16034441.43
2020-02-29,50110600,495.627907,14869489.01
2020-03-31,50110600,531.0191083,15606236.97
2020-04-30,50110600,545.6895425,16579171.8
2020-05-31,50110600,580.25,17274181.33
2020-06-30,50110600,560.9805825,16292211.16
2020-07-31,50110600,557.9345794,16134601.24
2020-08-31,50110600,586.3869969,18171192.08
2020-09-30,50110600,593.4072848,18943114.79
2020-10-31,50110600,560.8081761,16693248.79
2020-11-30,50110600,541.0961538,16075741.63
2020-12-31,50110600,537.433121,16574529.55
2021-01-31,50110600,520.9225806,15386471.86
2021-02-28,50110600,524.0071174,17279942.32
2021-03-31,50110600,521.7610063,15567218.52
2021-04-30,50110600,528.3536977,16142123.95
2021-05-31,50110600,546.090625,16609196.69
2021-06-30,50110600,540.0419355,16072003.81
2018-01-31,50110610,398.123839,12176308.59
2018-02-28,50110610,395.9446367,13215383.6
2018-03-31,50110610,421.3527607,12631163.02
2018-04-30,50110610,446.681388,13056149.88
2018-05-31,50110610,460.6030303,13437119.79
2018-06-30,50110610,478.4735202,13500183.78
2018-07-31,50110610,479.7108434,13496940.2
2018-08-31,50110610,506.1926606,14777166.29
2018-09-30,50110610,487.2971246,14921063.55
2018-10-31,50110610,470.2787879,13400032.23
2018-11-30,50110610,482.4952381,13716634.37
2018-12-31,50110610,478.0674847,14449511.71
2019-01-31,50110610,458.5800604,13635360.32
2019-02-28,50110610,456.057047,13828176.26
2019-03-31,50110610,475.9577039,14067896.66
2019-04-30,50110610,484.925,13995822.69
2019-05-31,50110610,500.648318,14618781.43
2019-06-30,50110610,521.4,14542653.76
2019-07-31,50110610,522.0672783,14441353.13
2019-08-31,50110610,542.126506,15833774.3
2019-09-30,50110610,497.631746,14686824.39
2019-10-31,50110610,531.7835366,14568139.06
2019-11-30,50110610,518.117284,14674200.67
2019-12-31,50110610,533.2090909,15505042.96
2020-01-31,50110610,500.1017964,14699062.24
2020-02-29,50110610,525.2214765,14904765.86
2020-03-31,50110610,542.6273885,15325352.61
2020-04-30,50110610,565.6807818,15699130.46
2020-05-31,50110610,603.5090909,17488085.92
2020-06-30,50110610,579.0548387,16045146.75
2020-07-31,50110610,566.7368421,15887642.22
2020-08-31,50110610,593.587156,17264381.47
2020-09-30,50110610,604.1848185,18435152.71
2020-10-31,50110610,568.0536278,16534422.82
2020-11-30,50110610,564.0357143,16463253.17
2020-12-31,50110610,567.2857143,16364225.29
2021-01-31,50110610,537,15623461.89
2021-02-28,50110610,551.4148936,16740204.67
2021-03-31,50110610,548.4627329,15892926.61
2021-04-30,50110610,570.2269737,16481380.05
2021-05-31,50110610,581.4984326,17159663.95
2021-06-30,50110610,570.4115756,16083889.36
2018-01-31,50110620,55.6496063,1944453.972
2018-02-28,50110620,54.95217391,2079515.217
2018-03-31,50110620,56.46792453,1889760.298
2018-04-30,50110620,64.34412955,2214240.7
2018-05-31,50110620,64.76102941,2441870.941
2018-06-30,50110620,65.1124031,2271891.655
2018-07-31,50110620,66.84444444,2180635.448
2018-08-31,50110620,67.28787879,2289832.239
2018-09-30,50110620,63.08396947,2221376.996
2018-10-31,50110620,61.47565543,2132633.727
2018-11-30,50110620,64.36090226,1997602.391
2018-12-31,50110620,68.85347985,2196404.073
2019-01-31,50110620,69.87857143,2193814.075
2019-02-28,50110620,74.25514403,2354380.835
2019-03-31,50110620,79.19852941,2472803.456
2019-04-30,50110620,77.14981273,2262010.378
2019-05-31,50110620,77.01748252,2518730.762
2019-06-30,50110620,81.91519435,2434660.367
2019-07-31,50110620,82.35254237,2491792.868
2019-08-31,50110620,83.6816609,2683541.692
2019-09-30,50110620,79.89208633,2615319.392
2019-10-31,50110620,81.33559322,2408168.207
2019-11-30,50110620,80.62724014,2487375.9
2019-12-31,50110620,81.51351351,2716434.956
2020-01-31,50110620,77.68813559,2572748.183
2020-02-29,50110620,78.5198556,2427005.17
2020-03-31,50110620,84.23728814,2792376.475
2020-04-30,50110620,90.4893617,2700505.528
2020-05-31,50110620,98.69565217,3445753.672
2020-06-30,50110620,94.44368601,2909738.082
2020-07-31,50110620,92.77076412,2746719.472
2020-08-31,50110620,94.90131579,2997927.898
2020-09-30,50110620,92.6971831,3013255.926
2020-10-31,50110620,88.78787879,2716498.761
2020-11-30,50110620,91.06338028,3126090.391
2020-12-31,50110620,85.17605634,2621287.116
2021-01-31,50110620,83.22377622,2671366.762
2021-02-28,50110620,84.43181818,2858206.996
2021-03-31,50110620,86.51890034,2716160.814
2021-04-30,50110620,92.0170068,2802234.993
2021-05-31,50110620,97.14046823,3401691.796
2021-06-30,50110620,95.78368794,3082508.348
2018-01-31,50110630,559.654321,17377510.46
2018-02-28,50110630,556.9413793,18941115.17
2018-03-31,50110630,613.691358,18529382.5
2018-04-30,50110630,623.3436533,18656813.7
2018-05-31,50110630,660.4325153,20039675.96
2018-06-30,50110630,648.4192547,19518148.75
2018-07-31,50110630,671.1761194,19981407.06
2018-08-31,50110630,690.7634731,20830238.45
2018-09-30,50110630,674.2672956,21293400.73
2018-10-31,50110630,660.9143731,18973690.44
2018-11-30,50110630,661.5360502,19580866.05
2018-12-31,50110630,669.4504505,20807242.18
2019-01-31,50110630,661.2981928,20323525.26
2019-02-28,50110630,644.6835017,20131711.16
2019-03-31,50110630,690.6036036,20289572.24
2019-04-30,50110630,709.371875,19728917.06
2019-05-31,50110630,726.3262195,20931772.33
2019-06-30,50110630,731.5141066,20509898.21
2019-07-31,50110630,752.4420732,21411202.47
2019-08-31,50110630,768.0748503,22004644.01
2019-09-30,50110630,725.2911392,21555669.32
2019-10-31,50110630,757.3746224,21098845.66
2019-11-30,50110630,749.6987578,20867549.47
2019-12-31,50110630,754.5866261,22898511.34
2020-01-31,50110630,715.0644172,22333508.94
2020-02-29,50110630,705.8888889,20835102.14
2020-03-31,50110630,727.5840979,20916776.39
2020-04-30,50110630,789.2044728,22852741.56
2020-05-31,50110630,845.2950311,26079373.05
2020-06-30,50110630,813.5723473,23827399.89
2020-07-31,50110630,795.2256098,23086449.31
2020-08-31,50110630,837.9512195,24806480.84
2020-09-30,50110630,842.7532051,26411805.35
2020-10-31,50110630,805.5276074,23261723.17
2020-11-30,50110630,796.0595611,23194166.66
2020-12-31,50110630,776.603125,22757146.31
2021-01-31,50110630,748.4517134,21989362.9
2021-02-28,50110630,767.6632653,23539442.21
2021-03-31,50110630,808.3919753,23114953.07
2021-04-30,50110630,833.318328,24249581.14
2021-05-31,50110630,852.8834356,25373232.93
2021-06-30,50110630,853.6698113,24154991.06
2018-01-31,50110640,277.8626198,8962674.157
2018-02-28,50110640,273.0350877,9546214.611
2018-03-31,50110640,291.9710611,9481883.569
2018-04-30,50110640,293.0705128,8970577.728
2018-05-31,50110640,306.2953846,9750577.828
2018-06-30,50110640,308.184375,9681576.569
2018-07-31,50110640,328.74613,10342711.63
2018-08-31,50110640,331.5382263,10493110.81
2018-09-30,50110640,318.9292605,10728479.81
2018-10-31,50110640,315.6448598,9905152.754
2018-11-30,50110640,312.7202572,9487535.559
2018-12-31,50110640,325.8333333,10322937.84
2019-01-31,50110640,323.5625,10309859.97
2019-02-28,50110640,308.8793103,9932434.962
2019-03-31,50110640,327.0762195,9799160.674
2019-04-30,50110640,335.9453376,10307690.76
2019-05-31,50110640,340.2795031,10600050.47
2019-06-30,50110640,350.4126984,10604509.62
2019-07-31,50110640,354.1463415,10585397.26
2019-08-31,50110640,378.9409938,11559588.55
2019-09-30,50110640,351.7249191,11286782.62
2019-10-31,50110640,361.303125,10711789.07
2019-11-30,50110640,353.4271845,10834678.93
2019-12-31,50110640,356.4691358,11274584.02
2020-01-31,50110640,340.993808,11213490.09
2020-02-29,50110640,334.5250836,10082357.91
2020-03-31,50110640,361.6129032,11121767.47
2020-04-30,50110640,378.0531561,11445218.05
2020-05-31,50110640,396.5372671,12515693.86
2020-06-30,50110640,389.504886,11624931.63
2020-07-31,50110640,389.0791139,11730214.48
2020-08-31,50110640,402.0590062,12667768.16
2020-09-30,50110640,399.53,12782137.21
2020-10-31,50110640,376.3047619,11353565.43
2020-11-30,50110640,377.9288026,11657190.08
2020-12-31,50110640,373.1934426,11347660.53
2021-01-31,50110640,356.8705502,10648731.8
2021-02-28,50110640,364.1684588,11629938.61
2021-03-31,50110640,370.4679487,11359021.06
2021-04-30,50110640,374.2885246,11372829.84
2021-05-31,50110640,374.6044304,11499929.14
2021-06-30,50110640,369.7029703,10890488.68
2018-01-31,50110650,910.6930091,29025910.74
2018-02-28,50110650,891.3040541,30576767.89
2018-03-31,50110650,959.7484848,29264111.42
2018-04-30,50110650,967.8641975,30198181.63
2018-05-31,50110650,997.241791,31321153.27
2018-06-30,50110650,1017.006173,31130945.14
2018-07-31,50110650,1066.699387,32593857.08
2018-08-31,50110650,1055.841317,32769474.99
2018-09-30,50110650,1009.765625,32639710.33
2018-10-31,50110650,982.0568862,30358264.36
2018-11-30,50110650,992.6323988,30678531.82
2018-12-31,50110650,983.3465046,31845779.19
2019-01-31,50110650,965.4984985,30645984.23
2019-02-28,50110650,987.2354949,32096481.25
2019-03-31,50110650,996.8668639,30329984.33
2019-04-30,50110650,1025.086957,31246794.7
2019-05-31,50110650,1049.618619,31837585.33
2019-06-30,50110650,1082.600629,32431286.9
2019-07-31,50110650,1076.52994,32098801.46
2019-08-31,50110650,1141.166172,34383502.23
2019-09-30,50110650,1078.626168,33584655.54
2019-10-31,50110650,1109.443452,32957376.35
2019-11-30,50110650,1108.70625,33582156.66
2019-12-31,50110650,1102.152695,34288684.65
2020-01-31,50110650,1064.283988,33742818.37
2020-02-29,50110650,1066.784053,32008968.82
2020-03-31,50110650,1085.172956,31614454.97
2020-04-30,50110650,1147.47557,32964696.55
2020-05-31,50110650,1195.2,36474445.82
2020-06-30,50110650,1153.593651,33588855.75
2020-07-31,50110650,1158.189024,34024596.85
2020-08-31,50110650,1262.303125,37977179.66
2020-09-30,50110650,1264.654723,39404550.07
2020-10-31,50110650,1176.424149,35463296.4
2020-11-30,50110650,1180.221154,35720952.29
2020-12-31,50110650,1150.588608,34654539.44
2021-01-31,50110650,1121.289809,33212063.56
2021-02-28,50110650,1135.655052,34969200.71
2021-03-31,50110650,1150.272171,33877043.01
2021-04-30,50110650,1161.790625,34255747.58
2021-05-31,50110650,1195.287037,35798182.67
2021-06-30,50110650,1171.99359,33301551.02
2018-01-31,50110660,1192.813814,36940712.16
2018-02-28,50110660,1172.996689,39448090.55
2018-03-31,50110660,1240.628399,38073040.22
2018-04-30,50110660,1263.767584,37922272.49
2018-05-31,50110660,1317.949102,40835442.48
2018-06-30,50110660,1322.558282,39501758.24
2018-07-31,50110660,1358.859281,40396355.58
2018-08-31,50110660,1352.065089,40394689.98
2018-09-30,50110660,1332.34375,42162395.35
2018-10-31,50110660,1302.09697,38967752.59
2018-11-30,50110660,1284.813084,38091908.95
2018-12-31,50110660,1293.038922,40988279.51
2019-01-31,50110660,1250.94362,38163342.35
2019-02-28,50110660,1251.036545,39082470.76
2019-03-31,50110660,1307.376506,38701114.64
2019-04-30,50110660,1332.432099,38045435.05
2019-05-31,50110660,1373.170149,40065992.1
2019-06-30,50110660,1410.503125,40796180.63
2019-07-31,50110660,1412.2,40613618.51
2019-08-31,50110660,1472.745562,42951153.04
2019-09-30,50110660,1367.036923,41973938.97
2019-10-31,50110660,1428.868657,41745235.04
2019-11-30,50110660,1397.407407,41277194.58
2019-12-31,50110660,1399.59403,43400844.53
2020-01-31,50110660,1339.63964,41776491.77
2020-02-29,50110660,1325.367213,38806078.38
2020-03-31,50110660,1430.571429,41175497.17
2020-04-30,50110660,1478.566775,42930935.87
2020-05-31,50110660,1555,46682315.96
2020-06-30,50110660,1500.633229,43051519.56
2020-07-31,50110660,1477.554545,43422585.33
2020-08-31,50110660,1586.281346,46352258.73
2020-09-30,50110660,1589.02589,48500481.95
2020-10-31,50110660,1515.99375,44037718.54
2020-11-30,50110660,1469.257053,44122667.2
2020-12-31,50110660,1450.109718,42673132.67
2021-01-31,50110660,1397.952978,40704193.55
2021-02-28,50110660,1449.073427,43987666.87
2021-03-31,50110660,1430.64939,41611528.22
2021-04-30,50110660,1514.038217,44040238.62
2021-05-31,50110660,1517.781155,44627151.32
2021-06-30,50110660,1517.980892,43277882.19
2018-01-31,50110670,441.4545455,13242382.67
2018-02-28,50110670,429.0782918,13907820.12
2018-03-31,50110670,454.408805,13606166.14
2018-04-30,50110670,463.9392971,13568034.2
2018-05-31,50110670,474.5015291,14309500.67
2018-06-30,50110670,508.1428571,14587484.39
2018-07-31,50110670,512.6801242,14931145.75
2018-08-31,50110670,490.6366366,14311776
2018-09-30,50110670,479.6025237,14489720.02
2018-10-31,50110670,478.1646341,13707747.86
2018-11-30,50110670,474.9211356,13731402.59
2018-12-31,50110670,485.6358025,14531588.53
2019-01-31,50110670,487.9195046,14479209.85
2019-02-28,50110670,468.9756944,14269053.38
2019-03-31,50110670,481.1158537,13681447.12
2019-04-30,50110670,494.8038585,14073336.41
2019-05-31,50110670,508.1222571,14927381.37
2019-06-30,50110670,497.0981013,14084992.22
2019-07-31,50110670,516.095679,14901393.66
2019-08-31,50110670,530.6067073,15326195.04
2019-09-30,50110670,486.4746835,14929232.25
2019-10-31,50110670,506.7308869,14516277.46
2019-11-30,50110670,514.8231511,14463915.95
2019-12-31,50110670,508.2453416,15848305.59
2020-01-31,50110670,480.6677019,14678585.53
2020-02-29,50110670,480.2516779,14258297.2
2020-03-31,50110670,509.9678457,14870380.79
2020-04-30,50110670,504.7935484,14896671.92
2020-05-31,50110670,535.2289157,16157465.54
2020-06-30,50110670,522.1055901,14794138.87
2020-07-31,50110670,537.1118012,15395485.77
2020-08-31,50110670,566.570122,16515553.27
2020-09-30,50110670,588.0966667,18225189.59
2020-10-31,50110670,550.7539432,16238188.82
2020-11-30,50110670,525.3853503,15659696.97
2020-12-31,50110670,535.7170418,16186547.96
2021-01-31,50110670,532.9540984,15850817.08
2021-02-28,50110670,524.7437722,16618717.33
2021-03-31,50110670,532.9747634,15899245.08
2021-04-30,50110670,531.977492,16245787.21
2021-05-31,50110670,550.4496855,16692553.48
2021-06-30,50110670,544.514658,16270609.32
2018-01-31,50110680,75.4265233,2460852.441
2018-02-28,50110680,79.59090909,2705924.674
2018-03-31,50110680,81.7173913,2584417.996
2018-04-30,50110680,84.50588235,2721568.718
2018-05-31,50110680,89.32462687,3026285.321
2018-06-30,50110680,92.55172414,3067118.046
2018-07-31,50110680,89.50364964,2788971.734
2018-08-31,50110680,86.53448276,2767029.29
2018-09-30,50110680,89.56370656,3147132.023
2018-10-31,50110680,78.38434164,2588226.142
2018-11-30,50110680,85.71167883,2770766.562
2018-12-31,50110680,85.60350877,2991797.095
2019-01-31,50110680,81.57190635,2866505.311
2019-02-28,50110680,79.97211155,2793428.287
2019-03-31,50110680,87.29065744,3008543.955
2019-04-30,50110680,89.74021352,2894650.676
2019-05-31,50110680,90.22742475,2931996.555
2019-06-30,50110680,87.86941581,2769259.973
2019-07-31,50110680,92.09966777,2875320.967
2019-08-31,50110680,97.94576271,3185227.837
2019-09-30,50110680,93.85915493,3009600.838
2019-10-31,50110680,99.64864865,3185093.456
2019-11-30,50110680,93.25429553,2886740.729
2019-12-31,50110680,91.01320132,2937766.33
2020-01-31,50110680,94.99315068,3262519.586
2020-02-29,50110680,85.10830325,2657471.625
2020-03-31,50110680,87.37201365,2635500.683
2020-04-30,50110680,90.85416667,2721784.358
2020-05-31,50110680,100.0332226,3172102.196
2020-06-30,50110680,94.45614035,2943387.407
2020-07-31,50110680,93.13,2905848.197
2020-08-31,50110680,98.34459459,3077752.264
2020-09-30,50110680,97.30208333,3170933.51
2020-10-31,50110680,88.96666667,2737431.337
2020-11-30,50110680,93.72953737,3020446.758
2020-12-31,50110680,92.51535836,2973412.717
2021-01-31,50110680,87.61754386,2764352.653
2021-02-28,50110680,90.60153257,3030584.64
2021-03-31,50110680,90.32542373,2869478.261
2021-04-30,50110680,91.28919861,2848139.979
2021-05-31,50110680,97.13,3194492.147
2021-06-30,50110680,99.2599278,3137556.679
2018-01-31,50110690,56.86879433,2362878.918
2018-02-28,50110690,58.21487603,2594013.074
2018-03-31,50110690,57.5326087,2143729.475
2018-04-30,50110690,61.05243446,2519666.067
2018-05-31,50110690,60.0701107,2472379.557
2018-06-30,50110690,59.66909091,2090786.073
2018-07-31,50110690,64.1618705,2288853.885
2018-08-31,50110690,68.40701754,2413149.628
2018-09-30,50110690,65.07636364,2486891.673
2018-10-31,50110690,62.64338235,2422056.268
2018-11-30,50110690,68.15413534,2568955.647
2018-12-31,50110690,67.13888889,2774585.628
2019-01-31,50110690,62.61888112,2466593.759
2019-02-28,50110690,64.15748031,2453511.268
2019-03-31,50110690,69.90391459,2468206.754
2019-04-30,50110690,66.03690037,2589259.908
2019-05-31,50110690,70.64561404,2452689.049
2019-06-30,50110690,66.95,2749253.382
2019-07-31,50110690,71.83848797,2442129.656
2019-08-31,50110690,73.49477352,2893867.213
2019-09-30,50110690,68.97058824,2725561.272
2019-10-31,50110690,70.36912752,2858645.376
2019-11-30,50110690,73.30851064,2577615.688
2019-12-31,50110690,72.83848797,2694640.753
2020-01-31,50110690,68.85810811,2439683.399
2020-02-29,50110690,63.41544118,1879403.662
2020-03-31,50110690,63.1358885,1911066.411
2020-04-30,50110690,68.88172043,2189986.624
2020-05-31,50110690,73.73630137,2376185.151
2020-06-30,50110690,71.03873239,2332001.391
2020-07-31,50110690,72.60137457,2467032.935
2020-08-31,50110690,76.84013605,2561032.541
2020-09-30,50110690,77.35272727,2676811.782
2020-10-31,50110690,73.46315789,2342337.982
2020-11-30,50110690,73.51071429,2629020.707
2020-12-31,50110690,71.48056537,2417028.488
2021-01-31,50110690,70.22743682,2256346.437
2021-02-28,50110690,67.28735632,2370239.716
2021-03-31,50110690,70.2369338,2528753.533
2021-04-30,50110690,72.85869565,2517275.569
2021-05-31,50110690,75.0790378,2691391.392
2021-06-30,50110690,74.43115942,2511490.529
2018-01-31,50130250,259.6612903,9383156.884
2018-02-28,50130250,259.2382671,9687726.643
2018-03-31,50130250,280.572327,9897018.739
2018-04-30,50130250,311.4107744,10543858.61
2018-05-31,50130250,320.0521173,11320651.97
2018-06-30,50130250,293.8143322,9848385.749
2018-07-31,50130250,270.7677419,9223138.581
2018-08-31,50130250,326.7305195,11564419.52
2018-09-30,50130250,330.0067114,12480863.3
2018-10-31,50130250,308.7634069,10368031.22
2018-11-30,50130250,323.9833887,10964167.18
2018-12-31,50130250,303.8252427,10440131.1
2019-01-31,50130250,312.3868852,11181257.32
2019-02-28,50130250,316.6606498,11526702.43
2019-03-31,50130250,336.9703947,11382149.79
2019-04-30,50130250,339.585034,11200429.95
2019-05-31,50130250,359.5344262,12155542.6
2019-06-30,50130250,324.960396,10512808.71
2019-07-31,50130250,291.3227848,9390596.345
2019-08-31,50130250,352.6918239,11671521.52
2019-09-30,50130250,345.5993266,11647623.43
2019-10-31,50130250,366.3831169,11669025.37
2019-11-30,50130250,354.2913907,11338223.67
2019-12-31,50130250,332.1233766,11480138.24
2020-01-31,50130250,326.6602564,11713552.3
2020-02-29,50130250,326.013986,10918580.84
2020-03-31,50130250,341.0947712,11486340.39
2020-04-30,50130250,343.1885522,11763156.04
2020-05-31,50130250,401.1546053,13628183.84
2020-06-30,50130250,382.8163265,12669103.11
2020-07-31,50130250,362.8311258,12493723.92
2020-08-31,50130250,392.2833876,13484989.38
2020-09-30,50130250,387.5205479,13784663.57
2020-10-31,50130250,380.2598684,12996343.2
2020-11-30,50130250,369.8855219,12920957.02
2020-12-31,50130250,366.1287129,13090778.48
2021-01-31,50130250,365.4765101,12587366.01
2021-02-28,50130250,365.0971223,12700236.49
2021-03-31,50130250,377.6740506,12521893.33
2021-04-30,50130250,398.4548495,13426247.05
2021-05-31,50130250,404.9123377,14009790.45
2021-06-30,50130250,405.8197279,13725988.09
2018-01-31,50130253,164.8926174,6303015.789
2018-02-28,50130253,151.1648746,6559595.717
2018-03-31,50130253,166.7588424,6532017.92
2018-04-30,50130253,173.3388704,6741103.575
2018-05-31,50130253,173.5759494,6829224.449
2018-06-30,50130253,190.0790378,7186082.474
2018-07-31,50130253,191.8721311,7254738.062
2018-08-31,50130253,182.9462025,7177999.472
2018-09-30,50130253,176.4542484,7227251.212
2018-10-31,50130253,174.4933775,6525517.195
2018-11-30,50130253,172.4834437,6658808.444
2018-12-31,50130253,178.4575163,6838895.873
2019-01-31,50130253,173.8051948,6764684.37
2019-02-28,50130253,167.3120567,6617728.585
2019-03-31,50130253,174.5755627,6855091.09
2019-04-30,50130253,180.8774834,6708682.778
2019-05-31,50130253,187.257329,7278776.472
2019-06-30,50130253,188.6754967,7051098.447
2019-07-31,50130253,186.734375,6568166.575
2019-08-31,50130253,196.5755627,7382166.225
2019-09-30,50130253,182.9087838,7269473.314
2019-10-31,50130253,188.4824281,7076815.824
2019-11-30,50130253,184.3029316,6993647.954
2019-12-31,50130253,186.3980583,7633761.068
2020-01-31,50130253,179.3986928,7220948.801
2020-02-29,50130253,163.2961672,6445949.449
2020-03-31,50130253,168.9448052,6376515.844
2020-04-30,50130253,183.8624161,6733007.581
2020-05-31,50130253,195.1639871,7635971.746
2020-06-30,50130253,188.7707641,7155217.638
2020-07-31,50130253,197.7507987,7686534.681
2020-08-31,50130253,217.8892508,8483984.85
2020-09-30,50130253,208.7594502,8418966.302
2020-10-31,50130253,195.4368932,8246382.469
2020-11-30,50130253,199.9060403,8898482.789
2020-12-31,50130253,203.7157534,8188037.75
2021-01-31,50130253,198.2047782,8089763.42
2021-02-28,50130253,190.2945455,7992414.727
2021-03-31,50130253,193.5760518,7846868.696
2021-04-30,50130253,204.8227425,8521322.221
2021-05-31,50130253,200.8300654,7818887.5
2021-06-30,50130253,211.5463918,8310106.605
2018-01-31,50130259,133.8892734,4940034.941
2018-02-28,50130259,131.2045455,5057485.951
2018-03-31,50130259,136.6125828,4823939.225
2018-04-30,50130259,150.7464789,5123734.486
2018-05-31,50130259,143.2523659,5132642.653
2018-06-30,50130259,151.9118644,5568879.82
2018-07-31,50130259,156.2098361,5620468.164
2018-08-31,50130259,160.987013,5736585.107
2018-09-30,50130259,150.8114478,6003050.747
2018-10-31,50130259,144.0130719,5107946.454
2018-11-30,50130259,149.5847751,5043274.055
2018-12-31,50130259,160.3053691,5986551.893
2019-01-31,50130259,157,5578846.911
2019-02-28,50130259,150.3740741,5844611.13
2019-03-31,50130259,163.5467128,6084724.671
2019-04-30,50130259,169.9031142,5800118.702
2019-05-31,50130259,171.7725753,6108735.773
2019-06-30,50130259,168.8689655,5868192.466
2019-07-31,50130259,177.6107383,6155279.537
2019-08-31,50130259,181.2937294,6275925.244
2019-09-30,50130259,172.9010601,6255268.318
2019-10-31,50130259,175.0331126,6116550
2019-11-30,50130259,169.2813559,6069435.705
2019-12-31,50130259,176.4731544,6296177.366
2020-01-31,50130259,169.0099668,6445381.598
2020-02-29,50130259,160.1877256,5480872.235
2020-03-31,50130259,171.761745,5709793.826
2020-04-30,50130259,184.056338,6291798.799
2020-05-31,50130259,189.5209003,6731731.598
2020-06-30,50130259,188.3389262,6512267.084
2020-07-31,50130259,192.8613861,6624355.191
2020-08-31,50130259,211.4635762,8164339.636
2020-09-30,50130259,200.1068966,7718642.462
2020-10-31,50130259,178.3213115,6534022.098
2020-11-30,50130259,179.5457627,6799901.912
2020-12-31,50130259,178.7089041,6335406.795
2021-01-31,50130259,171.3169014,5851308.947
2021-02-28,50130259,177.7132075,7010158.008
2021-03-31,50130259,181.1471572,6555489.813
2021-04-30,50130259,182.2441472,6520565.699
2021-05-31,50130259,186.7227723,6927457.432
2021-06-30,50130259,194.5390071,6769671.77
2018-01-31,50130310,115.7482759,4390783.021
2018-02-28,50130310,118.7376426,4569543.274
2018-03-31,50130310,135.3219178,4755261.349
2018-04-30,50130310,138.5,4820839.542
2018-05-31,50130310,143.9331104,5125812.883
2018-06-30,50130310,147.6262976,5090210.713
2018-07-31,50130310,150.7266667,5158483.503
2018-08-31,50130310,159.0266667,5683803.747
2018-09-30,50130310,151.2619048,5621604.255
2018-10-31,50130310,143.8355263,4935395.757
2018-11-30,50130310,151.4421769,5214115.786
2018-12-31,50130310,151.627907,5431023.409
2019-01-31,50130310,146.3733333,5413651.2
2019-02-28,50130310,143.8533835,5236961.188
2019-03-31,50130310,156.2286689,5192559.645
2019-04-30,50130310,151.2137931,4882968.545
2019-05-31,50130310,156.7647059,5094662.794
2019-06-30,50130310,166.1858108,5418231.524
2019-07-31,50130310,175.0369128,5673437.077
2019-08-31,50130310,173.0550162,5815222.123
2019-09-30,50130310,171.5821918,5879560.733
2019-10-31,50130310,172.3887043,6023637.551
2019-11-30,50130310,164.1428571,5570429.177
2019-12-31,50130310,166.2666667,5860103.113
2020-01-31,50130310,155.3557047,5772462.315
2020-02-29,50130310,152.9078014,5284918.355
2020-03-31,50130310,162.5426621,5565697.474
2020-04-30,50130310,166.0648464,5635955.939
2020-05-31,50130310,181.0844156,6333175.734
2020-06-30,50130310,173.0973154,5784947.433
2020-07-31,50130310,172.7901639,6378060.275
2020-08-31,50130310,188.5064516,6863428.729
2020-09-30,50130310,183.8915254,6801876.183
2020-10-31,50130310,176.3094463,6140873.469
2020-11-30,50130310,174.8682432,6540029.939
2020-12-31,50130310,170.9703947,6209879.569
2021-01-31,50130310,169.1335616,6032553.565
2021-02-28,50130310,165.2444444,6652976.9
2021-03-31,50130310,175.8566667,6240451.747
2021-04-30,50130310,185.1443299,7055724.213
2021-05-31,50130310,178.369281,6873403.399
2021-06-30,50130310,187.0561404,6782181.898
2018-01-31,50130320,106.996587,3952299.515
2018-02-28,50130320,102.2664093,4331809.622
2018-03-31,50130320,118.6076389,4441939.608
2018-04-30,50130320,122.6302817,4854706.761
2018-05-31,50130320,122.3783784,4943767.375
2018-06-30,50130320,126.4061433,4996925.696
2018-07-31,50130320,131.5387205,5021516.411
2018-08-31,50130320,130.647651,4995662.111
2018-09-30,50130320,128.1365188,4979319.099
2018-10-31,50130320,123.1752577,4572948.715
2018-11-30,50130320,130.6428571,4790755.218
2018-12-31,50130320,119.8675497,4595093.831
2019-01-31,50130320,122.78,4789815.2
2019-02-28,50130320,117.3283582,4235464.444
2019-03-31,50130320,120.8825503,4103395.993
2019-04-30,50130320,128.7551724,4711442.293
2019-05-31,50130320,127.3887043,4735912.678
2019-06-30,50130320,129.887372,4363773.137
2019-07-31,50130320,136.0531561,4849554.023
2019-08-31,50130320,147.01,5293754.87
2019-09-30,50130320,126.9427609,4731335.828
2019-10-31,50130320,128.3112583,4738745.772
2019-11-30,50130320,128.4727891,4517870.741
2019-12-31,50130320,133.4337748,4670660.017
2020-01-31,50130320,123.7147651,4568144.107
2020-02-29,50130320,123.7259786,3985990.484
2020-03-31,50130320,132.4576271,4225079.729
2020-04-30,50130320,137.3050847,4530582.359
2020-05-31,50130320,148.9485531,5054980.473
2020-06-30,50130320,139.8837209,4698705.276
2020-07-31,50130320,143.218241,5010217.531
2020-08-31,50130320,151.4142395,5247737.786
2020-09-30,50130320,148.0137457,5513579.113
2020-10-31,50130320,137.3236246,4746293.718
2020-11-30,50130320,141.6866667,5299403.74
2020-12-31,50130320,143.759322,5242447.224
2021-01-31,50130320,139.020979,4721770.818
2021-02-28,50130320,136.4870849,5175542.9
2021-03-31,50130320,141.2748344,4886392.811
2021-04-30,50130320,137.5878378,4828934.946
2021-05-31,50130320,144.1639344,5510086.39
2021-06-30,50130320,140.7628866,5087587.23
2018-01-31,50130510,62.51893939,2535088.727
2018-02-28,50130510,58.87711864,2679064.432
2018-03-31,50130510,60.21509434,2411557.132
2018-04-30,50130510,63.23346304,3068818.973
2018-05-31,50130510,66.99622642,2736395.928
2018-06-30,50130510,68.86770428,2885701.206
2018-07-31,50130510,70.41198502,2875806.022
2018-08-31,50130510,72.23396226,2924257.234
2018-09-30,50130510,69.17307692,3182756.219
2018-10-31,50130510,65.34456929,2747280.3
2018-11-30,50130510,68.61960784,2958625.447
2018-12-31,50130510,64.98905109,2939895.106
2019-01-31,50130510,65.54307116,3014762.217
2019-02-28,50130510,61.06584362,2542507.115
2019-03-31,50130510,63.27007299,2474705.602
2019-04-30,50130510,64.92075472,2431063.913
2019-05-31,50130510,65.1316726,2779654.466
2019-06-30,50130510,67.66544118,2718013.445
2019-07-31,50130510,66.80836237,2945542.251
2019-08-31,50130510,74.36428571,2905472.796
2019-09-30,50130510,67.47058824,2957523.228
2019-10-31,50130510,70.00344828,2750856.959
2019-11-30,50130510,70.67857143,2942724.286
2019-12-31,50130510,69.7544484,2908729.822
2020-01-31,50130510,67.71062271,3114489.11
2020-02-29,50130510,66.27509294,2457047.539
2020-03-31,50130510,69.204947,2607690.035
2020-04-30,50130510,68.33454545,2544253.095
2020-05-31,50130510,71.80276817,2816119.692
2020-06-30,50130510,70.83629893,2820618.534
2020-07-31,50130510,71.61324042,2621994.282
2020-08-31,50130510,78.26388889,3100486.736
2020-09-30,50130510,76.04964539,3228400.496
2020-10-31,50130510,74.85460993,3039642.624
2020-11-30,50130510,74.78832117,3227170.153
2020-12-31,50130510,75.43309859,2916528.644
2021-01-31,50130510,71.86330935,2933255.55
2021-02-28,50130510,70.81349206,3068766.202
2021-03-31,50130510,70.92857143,2839189.122
2021-04-30,50130510,71.56272401,3159899.695
2021-05-31,50130510,71.73195876,2819142.78
2021-06-30,50130510,79.44765343,3222203.3
2018-01-31,50130520,44.07984791,1888929.848
2018-02-28,50130520,45.53218884,1822941.631
2018-03-31,50130520,50.58778626,2093444.508
2018-04-30,50130520,54.62916667,2106439.05
2018-05-31,50130520,53.86923077,2159149.346
2018-06-30,50130520,53.83057851,2103619.595
2018-07-31,50130520,49.65116279,1997407.147
2018-08-31,50130520,48.84790875,1954206.897
2018-09-30,50130520,45.93775934,2035814.394
2018-10-31,50130520,45.63117871,1960765.513
2018-11-30,50130520,43.81782946,1833994.26
2018-12-31,50130520,42.60153257,1827326.586
2019-01-31,50130520,41.20676692,1661062.977
2019-02-28,50130520,41.70081967,1664016.389
2019-03-31,50130520,39.12820513,1656135.011
2019-04-30,50130520,41.79770992,1749107.958
2019-05-31,50130520,42.73062731,1677673.594
2019-06-30,50130520,42.93560606,1761355.277
2019-07-31,50130520,46.93233083,1790123.609
2019-08-31,50130520,47.74100719,1898104.065
2019-09-30,50130520,41.61867704,1807412.428
2019-10-31,50130520,41.66058394,1680449.646
2019-11-30,50130520,41.2519084,1557586.752
2019-12-31,50130520,43.40613027,1799878.513
2020-01-31,50130520,41.92424242,1758363.318
2020-02-29,50130520,39.28,1516884.216
2020-03-31,50130520,39.41947566,1670592.884
2020-04-30,50130520,43.46456693,1679239.465
2020-05-31,50130520,45.16546763,1882260.36
2020-06-30,50130520,45.88846154,1720030.119
2020-07-31,50130520,44.38745387,1716986.354
2020-08-31,50130520,47.32209738,1924810.622
2020-09-30,50130520,43.67164179,1841703.985
2020-10-31,50130520,41.71698113,1675465.042
2020-11-30,50130520,42.32824427,1478814.859
2020-12-31,50130520,39.07751938,1398779.081
2021-01-31,50130520,40.73622047,1499263.713
2021-02-28,50130520,41.80165289,1694252.488
2021-03-31,50130520,43.71532847,1721221.704
2021-04-30,50130520,47.56390977,2063434.256
2021-05-31,50130520,49.33333333,1871169.441
2021-06-30,50130520,48.95752896,1799174.232
2018-01-31,50130530,57.88278388,2753381.978
2018-02-28,50130530,55.64919355,2784825.44
2018-03-31,50130530,61.62867647,2782345.511
2018-04-30,50130530,68.26538462,2894533.658
2018-05-31,50130530,64.08965517,2635001.938
2018-06-30,50130530,66.4911032,2546953.637
2018-07-31,50130530,68.24827586,2647476.624
2018-08-31,50130530,68.35294118,2770307.038
2018-09-30,50130530,65.85090909,3260706.782
2018-10-31,50130530,60.95970696,2720349.256
2018-11-30,50130530,64.66159696,2607284.909
2018-12-31,50130530,61.02787456,2930159.955
2019-01-31,50130530,59.64412811,2761614.313
2019-02-28,50130530,62.09349593,2908299.118
2019-03-31,50130530,61.7195572,2637230.273
2019-04-30,50130530,62.01079137,2752603.428
2019-05-31,50130530,59.7754386,2515827.93
2019-06-30,50130530,63.5037037,2487772.826
2019-07-31,50130530,66.21107266,2778114.183
2019-08-31,50130530,66.42361111,2823580.007
2019-09-30,50130530,63.69961977,2903779.722
2019-10-31,50130530,61.78214286,2749636.914
2019-11-30,50130530,62.66542751,2717958.245
2019-12-31,50130530,61.28767123,2969660.267
2020-01-31,50130530,62.06688963,2854787.836
2020-02-29,50130530,59.73977695,2498185.97
2020-03-31,50130530,60.86879433,2480809.77
2020-04-30,50130530,63.21532847,2568109.967
2020-05-31,50130530,66.88235294,2830019.872
2020-06-30,50130530,68.68864469,3041683.824
2020-07-31,50130530,64.9112628,2736004.785
2020-08-31,50130530,69.31958763,3046271.615
2020-09-30,50130530,67.46428571,3242348.661
2020-10-31,50130530,65.19787986,3019950.484
2020-11-30,50130530,66.70774648,2777817.12
2020-12-31,50130530,69.98561151,3238299.313
2021-01-31,50130530,71.22545455,2886106.684
2021-02-28,50130530,71.19367589,2970972.111
2021-03-31,50130530,71.35294118,3114929.09
2021-04-30,50130530,73.65949821,3019885.287
2021-05-31,50130530,73.33922261,3017230.958
2021-06-30,50130530,75.05147059,3038024.412
2018-01-31,50130540,58.6754717,2462980.166
2018-02-28,50130540,55.14583333,2681336.783
2018-03-31,50130540,57.5,2378146.135
2018-04-30,50130540,64.05617978,2551776.045
2018-05-31,50130540,62.60218978,2562935.996
2018-06-30,50130540,63.90808824,2675113.202
2018-07-31,50130540,69.09328358,2625462.728
2018-08-31,50130540,72.46545455,2901032.073
2018-09-30,50130540,68.3099631,3199248.59
2018-10-31,50130540,66.92673993,2705513.198
2018-11-30,50130540,66.33082707,2689985.263
2018-12-31,50130540,65.01444043,2903560.083
2019-01-31,50130540,67.17518248,2810402.96
2019-02-28,50130540,62.4,2531304.404
2019-03-31,50130540,62.46808511,2462857.865
2019-04-30,50130540,65.79323308,2393557.331
2019-05-31,50130540,66.95759717,2469287.671
2019-06-30,50130540,66.18411552,2552983.354
2019-07-31,50130540,68.75886525,2761163.887
2019-08-31,50130540,68.87062937,2721827.077
2019-09-30,50130540,64.58064516,2522079.237
2019-10-31,50130540,68.9559322,2801562.912
2019-11-30,50130540,65.61565836,2967076.633
2019-12-31,50130540,70.29616725,2902066.01
2020-01-31,50130540,69.80622837,2860370.824
2020-02-29,50130540,59.94909091,2544540.48
2020-03-31,50130540,62.30902778,2372567.865
2020-04-30,50130540,64.58181818,2420071.411
2020-05-31,50130540,72.79930796,2806683.83
2020-06-30,50130540,67.91197183,2526353.535
2020-07-31,50130540,72.16838488,2875088.938
2020-08-31,50130540,77.90753425,2889381.483
2020-09-30,50130540,74.01838235,3223188.522
2020-10-31,50130540,68.66666667,2603035.932
2020-11-30,50130540,73.2688172,2908426.38
2020-12-31,50130540,74.84341637,3039586.961
2021-01-31,50130540,70.46666667,2684066.548
2021-02-28,50130540,70.2,2865000.842
2021-03-31,50130540,71.57876712,2760043.329
2021-04-30,50130540,71.55357143,2770538.829
2021-05-31,50130540,71.27681661,2795865.962
2021-06-30,50130540,71.375,2760888.467
2018-01-31,50130550,66.92250923,2632921.022
2018-02-28,50130550,69.94827586,2753393.151
2018-03-31,50130550,69.22962963,2638718.822
2018-04-30,50130550,75.05283019,2675622.815
2018-05-31,50130550,78.68978102,2905664.518
2018-06-30,50130550,81.60507246,2898435.641
2018-07-31,50130550,82.42105263,2996575.404
2018-08-31,50130550,85.92631579,3078173.449
2018-09-30,50130550,83.00735294,3058026.838
2018-10-31,50130550,83.21402214,3017264.572
2018-11-30,50130550,81.1402214,2981557.993
2018-12-31,50130550,86.12847222,3238758.608
2019-01-31,50130550,81.25174825,3364679.238
2019-02-28,50130550,77.76538462,3021458.508
2019-03-31,50130550,79.9893617,3056399.787
2019-04-30,50130550,79.20220588,2942930.982
2019-05-31,50130550,92.38214286,3366118.489
2019-06-30,50130550,89.89051095,3178345.996
2019-07-31,50130550,87.9540636,3172905.41
2019-08-31,50130550,87.25938567,3203104.184
2019-09-30,50130550,79.43060498,3128851.221
2019-10-31,50130550,76.65762712,2979883.6
2019-11-30,50130550,79.32978723,2903863.195
2019-12-31,50130550,81.59310345,3197971.383
2020-01-31,50130550,80.84210526,3315632.937
2020-02-29,50130550,74.15129151,2812887.476
2020-03-31,50130550,75.88652482,2626099.965
2020-04-30,50130550,83.5904059,2864867.247
2020-05-31,50130550,88.45517241,3229950.859
2020-06-30,50130550,82.10320285,2986995.993
2020-07-31,50130550,90.31358885,3257323.805
2020-08-31,50130550,95.52595156,3530879.391
2020-09-30,50130550,93.84615385,3643561.44
2020-10-31,50130550,86.24567474,3165055.564
2020-11-30,50130550,90.29927007,3271255.609
2020-12-31,50130550,85.47686833,3151200.466
2021-01-31,50130550,84.86690647,3012487.727
2021-02-28,50130550,86.27586207,3338074.498
2021-03-31,50130550,91.09722222,3215051.188
2021-04-30,50130550,92.46402878,3483250.799
2021-05-31,50130550,86.15358362,3062473.065
2021-06-30,50130550,89.07608696,3133284.018
2018-01-31,50130560,81.62645914,3205654.739
2018-02-28,50130560,80.59663866,3757181.076
2018-03-31,50130560,85.616,3293651.956
2018-04-30,50130560,92.51271186,3459028.347
2018-05-31,50130560,92.41732283,3325082.709
2018-06-30,50130560,97.41434263,3450982.562
2018-07-31,50130560,103.9698113,3652018.358
2018-08-31,50130560,94.05190311,3407003.059
2018-09-30,50130560,91.75954198,3508982.889
2018-10-31,50130560,92.63970588,3106963.441
2018-11-30,50130560,88.22426471,3005869.136
2018-12-31,50130560,88.46975089,3174658.121
2019-01-31,50130560,91.45255474,3155391.215
2019-02-28,50130560,85.98804781,3156924.522
2019-03-31,50130560,91.44444444,3186809.247
2019-04-30,50130560,94.51811594,3336550.348
2019-05-31,50130560,94.08013937,3421704.683
2019-06-30,50130560,98.90510949,3386155.996
2019-07-31,50130560,97.9862069,3311039.176
2019-08-31,50130560,100.3052632,3474927.751
2019-09-30,50130560,97.67037037,3436519.419
2019-10-31,50130560,96.07931034,3364513.614
2019-11-30,50130560,95.86642599,3365705.473
2019-12-31,50130560,96.42657343,3527497.696
2020-01-31,50130560,89.7630662,3389743.77
2020-02-29,50130560,84.45090909,2727491.476
2020-03-31,50130560,87.12802768,2905657.197
2020-04-30,50130560,93.67844523,3179890.201
2020-05-31,50130560,97.74048443,3251243.505
2020-06-30,50130560,95.77894737,3280417.919
2020-07-31,50130560,96.15358362,3217889.174
2020-08-31,50130560,100.0102041,3773851.071
2020-09-30,50130560,103.1971326,3818417.434
2020-10-31,50130560,91.9295302,3156542.205
2020-11-30,50130560,97.75268817,3462602.853
2020-12-31,50130560,97.20350877,3477219.842
2021-01-31,50130560,97.1827957,3458054.918
2021-02-28,50130560,95.05405405,3526905.537
2021-03-31,50130560,92.34375,3243175.844
2021-04-30,50130560,96.23655914,3310271.538
2021-05-31,50130560,100.3797909,3564376.181
2021-06-30,50130560,98.41071429,3299123.561
2018-01-31,50130570,362.0607903,13320740.22
2018-02-28,50130570,346.395189,14037953.7
2018-03-31,50130570,375.6749226,13652915.44
2018-04-30,50130570,384.6198083,13598427.31
2018-05-31,50130570,394.6079027,13968796.11
2018-06-30,50130570,413.0450161,14420532.65
2018-07-31,50130570,442.509434,15084530.98
2018-08-31,50130570,444.0342679,15358736.9
2018-09-30,50130570,431.5404531,16192239.53
2018-10-31,50130570,407.595092,14319271.84
2018-11-30,50130570,406.8190476,14255882.54
2018-12-31,50130570,418.2164634,14876914.4
2019-01-31,50130570,413.7732919,14435735.36
2019-02-28,50130570,397.0136054,14256817.64
2019-03-31,50130570,413.971875,14251483.98
2019-04-30,50130570,419.6900958,13978357.72
2019-05-31,50130570,433.9384615,14685187.26
2019-06-30,50130570,443.8974359,14407312.02
2019-07-31,50130570,463.4049844,14745171.78
2019-08-31,50130570,464.5076923,15436501.91
2019-09-30,50130570,419.7206349,14717920.94
2019-10-31,50130570,444.678125,14436172.92
2019-11-30,50130570,430.607717,14388858.68
2019-12-31,50130570,435.7663551,15212522.54
2020-01-31,50130570,431.6750789,15863801.04
2020-02-29,50130570,412.3648649,13894872.19
2020-03-31,50130570,439.012945,14670785.79
2020-04-30,50130570,459.7209302,15048759.06
2020-05-31,50130570,468.1037736,16952228.98
2020-06-30,50130570,450.7745098,15494833.16
2020-07-31,50130570,460.5111111,16522985.36
2020-08-31,50130570,506.5096154,17583106.58
2020-09-30,50130570,496.55,18433299.16
2020-10-31,50130570,468.3633441,16205165.19
2020-11-30,50130570,477.7715232,16390144.46
2020-12-31,50130570,475.6579805,15889803.58
2021-01-31,50130570,461.2214984,15410767.75
2021-02-28,50130570,457.2293907,16444454.78
2021-03-31,50130570,459.1382637,15692996.95
2021-04-30,50130570,475.7807309,15866966.39
2021-05-31,50130570,483.6807818,16358825.23
2021-06-30,50130570,472.4620462,15583094.6
2018-01-31,50130580,178.228013,6706466.254
2018-02-28,50130580,174.9352518,7185853.885
2018-03-31,50130580,183.7119741,7024699.411
2018-04-30,50130580,188.4158416,7006412.65
2018-05-31,50130580,203.2677419,7704550.29
2018-06-30,50130580,203.9230769,7595980.823
2018-07-31,50130580,210.8594249,7944553.15
2018-08-31,50130580,216.7596154,7941980.744
2018-09-30,50130580,202.089404,8131042.159
2018-10-31,50130580,198.3717949,7499273.228
2018-11-30,50130580,196.3811075,7232239.873
2018-12-31,50130580,194.0741935,7698628.148
2019-01-31,50130580,191.4763407,7598054.454
2019-02-28,50130580,183.0868056,7178830.365
2019-03-31,50130580,191.8806452,7374802.984
2019-04-30,50130580,193.9868421,7255019.938
2019-05-31,50130580,210.7709677,8372225.216
2019-06-30,50130580,214.2760943,7873756.465
2019-07-31,50130580,218.1182109,7687873.792
2019-08-31,50130580,234.0290323,8315589.048
2019-09-30,50130580,208.375817,8005329.768
2019-10-31,50130580,213.2095238,7679685.076
2019-11-30,50130580,210.3733333,7407288.417
2019-12-31,50130580,207.3006329,7569960.13
2020-01-31,50130580,201.1194969,8022379.805
2020-02-29,50130580,190.7931034,6764222.379
2020-03-31,50130580,200.8609272,7397465.728
2020-04-30,50130580,206.7416107,7459300.047
2020-05-31,50130580,227.3826367,8298706.65
2020-06-30,50130580,218.7171717,8091114.077
2020-07-31,50130580,215.7612903,7907902.261
2020-08-31,50130580,243.7799353,8986488.906
2020-09-30,50130580,238.7516779,9193225.866
2020-10-31,50130580,225.1558442,8120637.373
2020-11-30,50130580,225.885906,8011703.966
2020-12-31,50130580,225.5860927,8000635.156
2021-01-31,50130580,221.8580858,7932179.073
2021-02-28,50130580,221.2086331,8083616.525
2021-03-31,50130580,225.9580645,7766008.823
2021-04-30,50130580,231.7084746,8301317.176
2021-05-31,50130580,236.8896104,8177290.373
2021-06-30,50130580,241.2886598,8072679.914
2018-01-31,50130590,209.7645161,7788714.145
2018-02-28,50130590,192.7491166,7793541.163
2018-03-31,50130590,218.7877814,8210666.582
2018-04-30,50130590,224.7707641,8121038.326
2018-05-31,50130590,232.9773463,8444401.919
2018-06-30,50130590,238.2409241,8527398.023
2018-07-31,50130590,256.0614887,9143589.592
2018-08-31,50130590,252.8681672,8996177.46
2018-09-30,50130590,237.1204013,9051862.334
2018-10-31,50130590,236.8701299,8134466.893
2018-11-30,50130590,243.3198653,8037405.613
2018-12-31,50130590,244.0684039,8705855.547
2019-01-31,50130590,233.414791,8287724.428
2019-02-28,50130590,231.5179856,8132861.741
2019-03-31,50130590,239.5176849,8177278.511
2019-04-30,50130590,254.5084746,8415228.156
2019-05-31,50130590,260.7197452,8921133.93
2019-06-30,50130590,270.2040816,8897581.52
2019-07-31,50130590,277.0323625,9096700.217
2019-08-31,50130590,281.8446602,9620682.049
2019-09-30,50130590,249.5928339,9019876.049
2019-10-31,50130590,268.3894389,8953022.97
2019-11-30,50130590,262.730897,8979415.166
2019-12-31,50130590,256.8698413,8887025.127
2020-01-31,50130590,246.3472669,8669930.929
2020-02-29,50130590,235.9204152,7824488.412
2020-03-31,50130590,257.0559211,8308785.872
2020-04-30,50130590,266.1442953,8570108.906
2020-05-31,50130590,279.8585209,9007646.936
2020-06-30,50130590,268.7591973,8520294.271
2020-07-31,50130590,282.6850649,9066603.295
2020-08-31,50130590,298.4935065,9859058.279
2020-09-30,50130590,287.541806,10164080.08
2020-10-31,50130590,279.538961,9218569.727
2020-11-30,50130590,282.7162162,9389757.507
2020-12-31,50130590,271.7302632,9211861.171
2021-01-31,50130590,271.2140468,8922778.07
2021-02-28,50130590,274.5451264,9423156.224
2021-03-31,50130590,292.1213115,9694022.233
2021-04-30,50130590,294.7037037,9967343.929
2021-05-31,50130590,299.6233766,9690988.253
2021-06-30,50130590,301.9692833,10146972.8
2018-01-31,50130600,199.2908497,6869578.229
2018-02-28,50130600,198.8059701,7481563.16
2018-03-31,50130600,203.4936306,6902622.554
2018-04-30,50130600,218.3940397,7592955.04
2018-05-31,50130600,222.7333333,7858539.222
2018-06-30,50130600,242.7166667,8243625.677
2018-07-31,50130600,259.2973856,8629991.294
2018-08-31,50130600,260.4754098,8805655.787
2018-09-30,50130600,243.5423729,8711820.19
2018-10-31,50130600,243.9198718,7975924.635
2018-11-30,50130600,248.6308725,8071091.631
2018-12-31,50130600,248.1286174,8187014.965
2019-01-31,50130600,250.5709677,8269468.348
2019-02-28,50130600,245.4388489,8238448.374
2019-03-31,50130600,261.0261438,8267431.01
2019-04-30,50130600,274.3822526,8658415.648
2019-05-31,50130600,274.7307692,8727410.808
2019-06-30,50130600,280.37,8523037.707
2019-07-31,50130600,285.6435644,8789049.68
2019-08-31,50130600,296.630719,9515495.556
2019-09-30,50130600,276.9349315,9102408.459
2019-10-31,50130600,299.6066667,9718948.077
2019-11-30,50130600,277.8766667,8896668.15
2019-12-31,50130600,286.5602606,9284433.391
2020-01-31,50130600,253.6,8970614.99
2020-02-29,50130600,245.3159722,7781714.087
2020-03-31,50130600,265.7450331,8609370.182
2020-04-30,50130600,276.4276094,8777798.155
2020-05-31,50130600,312.1093248,9838325.605
2020-06-30,50130600,297.466443,9406953.315
2020-07-31,50130600,291.4,9304327.711
2020-08-31,50130600,296.4253247,9937656.094
2020-09-30,50130600,302.4295533,10440832.49
2020-10-31,50130600,286.5309446,9435962.642
2020-11-30,50130600,290.204698,9402295.799
2020-12-31,50130600,282.496732,9514133.415
2021-01-31,50130600,277.952862,9090622.101
2021-02-28,50130600,265.0181818,8760445.335
2021-03-31,50130600,268.2820513,8734903.301
2021-04-30,50130600,275.6378738,8860706.452
2021-05-31,50130600,280.4707792,9147724.62
2021-06-30,50130600,282.0745763,9320991.983
2018-01-31,50130610,144.52443,5251466.068
2018-02-28,50130610,144.076087,5420527.297
2018-03-31,50130610,152.9090909,5655500.451
2018-04-30,50130610,163.3872054,6019224.101
2018-05-31,50130610,162.2806452,5840044.365
2018-06-30,50130610,162.9379085,5919481.546
2018-07-31,50130610,175.8360129,6291543.447
2018-08-31,50130610,179.4368932,6438757.832
2018-09-30,50130610,170.4290429,6583556.452
2018-10-31,50130610,172.0882353,6281268.353
2018-11-30,50130610,168.3377926,6583726.361
2018-12-31,50130610,173.8954248,6865541.526
2019-01-31,50130610,172.0649351,6683283.851
2019-02-28,50130610,165.8832117,6222022.15
2019-03-31,50130610,174.7254902,6931018.68
2019-04-30,50130610,178.4019934,6953673.754
2019-05-31,50130610,187.0423453,6931233.244
2019-06-30,50130610,196.8350168,7308102.687
2019-07-31,50130610,202.8717949,7242207.33
2019-08-31,50130610,213.3096774,7922226.229
2019-09-30,50130610,189.0789474,7548004.964
2019-10-31,50130610,201.6103896,7390791.838
2019-11-30,50130610,193.8137255,8052497.059
2019-12-31,50130610,201.4824281,7933517.93
2020-01-31,50130610,190.2292994,7641117.685
2020-02-29,50130610,183.5916955,6304508.197
2020-03-31,50130610,193.0456026,6570474.919
2020-04-30,50130610,203.4863014,6816242.623
2020-05-31,50130610,221.1326861,7537182.654
2020-06-30,50130610,213.5150502,6928517.615
2020-07-31,50130610,213.1516129,7260647.165
2020-08-31,50130610,220.9805825,7866787.935
2020-09-30,50130610,222.9143836,7974832.993
2020-10-31,50130610,212.3874172,7543760.881
2020-11-30,50130610,205.9900332,7496050.937
2020-12-31,50130610,207.9228188,6909678.456
2021-01-31,50130610,201.3027211,6838644.966
2021-02-28,50130610,198.8417266,7247844.065
2021-03-31,50130610,206.487013,6878762.052
2021-04-30,50130610,214.1433333,7305685.79
2021-05-31,50130610,225.4782609,7793875.923
2021-06-30,50130610,223.6130137,8070408.682
2018-01-31,50130620,62.37121212,2231735.72
2018-02-28,50130620,58.23553719,2471802.058
2018-03-31,50130620,58.51236749,2033216.258
2018-04-30,50130620,61.87969925,2184983.868
2018-05-31,50130620,64.71428571,2364584.957
2018-06-30,50130620,66.21428571,2471515.62
2018-07-31,50130620,68.7472119,2651823.762
2018-08-31,50130620,72.94202899,2705059
2018-09-30,50130620,68.35019455,2618247.039
2018-10-31,50130620,69.40996169,2487523.326
2018-11-30,50130620,63.98496241,2391260.286
2018-12-31,50130620,70.24521073,2569406.628
2019-01-31,50130620,59.54444444,2555023.963
2019-02-28,50130620,64.67611336,2639004.271
2019-03-31,50130620,63.19787986,2396446.473
2019-04-30,50130620,68.50915751,2536845.209
2019-05-31,50130620,69.83793103,2629071.628
2019-06-30,50130620,70.56226415,2640245.509
2019-07-31,50130620,69.27436823,2566432.347
2019-08-31,50130620,73.70143885,2734378.719
2019-09-30,50130620,68.74074074,2547367.974
2019-10-31,50130620,66.87179487,2656397.491
2019-11-30,50130620,64.25362319,2442860.138
2019-12-31,50130620,66.22996516,2565113.564
2020-01-31,50130620,65.58333333,2430250.462
2020-02-29,50130620,61.88846154,2185685.012
2020-03-31,50130620,65.55555556,2421558.817
2020-04-30,50130620,70.78148148,2580194.056
2020-05-31,50130620,74.79322034,2825442.915
2020-06-30,50130620,74.5625,2749406.941
2020-07-31,50130620,76.59310345,2848924.245
2020-08-31,50130620,81.46127946,2915104.35
2020-09-30,50130620,74.26618705,2884153.914
2020-10-31,50130620,67.38408304,2802314.983
2020-11-30,50130620,70.1443662,2835618.021
2020-12-31,50130620,67.37728938,2738892.799
2021-01-31,50130620,64.89090909,2422965.964
2021-02-28,50130620,65.216,2463788.712
2021-03-31,50130620,67.7,2572585.7
2021-04-30,50130620,68.64233577,2473174.901
2021-05-31,50130620,69.33333333,2864493.949
2021-06-30,50130620,69.89298893,2404632.734
