base_date,emd_cd,total_house
0,2018-01-31,50110250,165220
1,2018-01-31,50110253,165220
2,2018-01-31,50110256,165220
3,2018-01-31,50110259,165220
4,2018-01-31,50110310,165220
5,2018-01-31,50110320,165220
6,2018-01-31,50110330,165220
7,2018-01-31,50110510,165220
8,2018-01-31,50110520,165220
9,2018-01-31,50110530,165220
10,2018-01-31,50110540,165220
11,2018-01-31,50110550,165220
12,2018-01-31,50110560,165220
13,2018-01-31,50110570,165220
14,2018-01-31,50110580,165220
15,2018-01-31,50110590,165220
16,2018-01-31,50110600,165220
17,2018-01-31,50110610,165220
18,2018-01-31,50110620,165220
19,2018-01-31,50110630,165220
20,2018-01-31,50110640,165220
21,2018-01-31,50110650,165220
22,2018-01-31,50110660,165220
23,2018-01-31,50110670,165220
24,2018-01-31,50110680,165220
25,2018-01-31,50110690,165220
26,2018-01-31,50130250,67848
27,2018-01-31,50130253,67848
28,2018-01-31,50130259,67848
29,2018-01-31,50130310,67848
30,2018-01-31,50130320,67848
31,2018-01-31,50130510,67848
32,2018-01-31,50130520,67848
33,2018-01-31,50130530,67848
34,2018-01-31,50130540,67848
35,2018-01-31,50130550,67848
36,2018-01-31,50130560,67848
37,2018-01-31,50130570,67848
38,2018-01-31,50130580,67848
39,2018-01-31,50130590,67848
40,2018-01-31,50130600,67848
41,2018-01-31,50130610,67848
42,2018-01-31,50130620,67848
43,2018-02-28,50110250,165220
44,2018-02-28,50110253,165220
45,2018-02-28,50110256,165220
46,2018-02-28,50110259,165220
47,2018-02-28,50110310,165220
48,2018-02-28,50110320,165220
49,2018-02-28,50110330,165220
50,2018-02-28,50110510,165220
51,2018-02-28,50110520,165220
52,2018-02-28,50110530,165220
53,2018-02-28,50110540,165220
54,2018-02-28,50110550,165220
55,2018-02-28,50110560,165220
56,2018-02-28,50110570,165220
57,2018-02-28,50110580,165220
58,2018-02-28,50110590,165220
59,2018-02-28,50110600,165220
60,2018-02-28,50110610,165220
61,2018-02-28,50110620,165220
62,2018-02-28,50110630,165220
63,2018-02-28,50110640,165220
64,2018-02-28,50110650,165220
65,2018-02-28,50110660,165220
66,2018-02-28,50110670,165220
67,2018-02-28,50110680,165220
68,2018-02-28,50110690,165220
69,2018-02-28,50130250,67848
70,2018-02-28,50130253,67848
71,2018-02-28,50130259,67848
72,2018-02-28,50130310,67848
73,2018-02-28,50130320,67848
74,2018-02-28,50130510,67848
75,2018-02-28,50130520,67848
76,2018-02-28,50130530,67848
77,2018-02-28,50130540,67848
78,2018-02-28,50130550,67848
79,2018-02-28,50130560,67848
80,2018-02-28,50130570,67848
81,2018-02-28,50130580,67848
82,2018-02-28,50130590,67848
83,2018-02-28,50130600,67848
84,2018-02-28,50130610,67848
85,2018-02-28,50130620,67848
86,2018-03-31,50110250,165220
87,2018-03-31,50110253,165220
88,2018-03-31,50110256,165220
89,2018-03-31,50110259,165220
90,2018-03-31,50110310,165220
91,2018-03-31,50110320,165220
92,2018-03-31,50110330,165220
93,2018-03-31,50110510,165220
94,2018-03-31,50110520,165220
95,2018-03-31,50110530,165220
96,2018-03-31,50110540,165220
97,2018-03-31,50110550,165220
98,2018-03-31,50110560,165220
99,2018-03-31,50110570,165220
100,2018-03-31,50110580,165220
101,2018-03-31,50110590,165220
102,2018-03-31,50110600,165220
103,2018-03-31,50110610,165220
104,2018-03-31,50110620,165220
105,2018-03-31,50110630,165220
106,2018-03-31,50110640,165220
107,2018-03-31,50110650,165220
108,2018-03-31,50110660,165220
109,2018-03-31,50110670,165220
110,2018-03-31,50110680,165220
111,2018-03-31,50110690,165220
112,2018-03-31,50130250,67848
113,2018-03-31,50130253,67848
114,2018-03-31,50130259,67848
115,2018-03-31,50130310,67848
116,2018-03-31,50130320,67848
117,2018-03-31,50130510,67848
118,2018-03-31,50130520,67848
119,2018-03-31,50130530,67848
120,2018-03-31,50130540,67848
121,2018-03-31,50130550,67848
122,2018-03-31,50130560,67848
123,2018-03-31,50130570,67848
124,2018-03-31,50130580,67848
125,2018-03-31,50130590,67848
126,2018-03-31,50130600,67848
127,2018-03-31,50130610,67848
128,2018-03-31,50130620,67848
129,2018-04-30,50110250,165220
130,2018-04-30,50110253,165220
131,2018-04-30,50110256,165220
132,2018-04-30,50110259,165220
133,2018-04-30,50110310,165220
134,2018-04-30,50110320,165220
135,2018-04-30,50110330,165220
136,2018-04-30,50110510,165220
137,2018-04-30,50110520,165220
138,2018-04-30,50110530,165220
139,2018-04-30,50110540,165220
140,2018-04-30,50110550,165220
141,2018-04-30,50110560,165220
142,2018-04-30,50110570,165220
143,2018-04-30,50110580,165220
144,2018-04-30,50110590,165220
145,2018-04-30,50110600,165220
146,2018-04-30,50110610,165220
147,2018-04-30,50110620,165220
148,2018-04-30,50110630,165220
149,2018-04-30,50110640,165220
150,2018-04-30,50110650,165220
151,2018-04-30,50110660,165220
152,2018-04-30,50110670,165220
153,2018-04-30,50110680,165220
154,2018-04-30,50110690,165220
155,2018-04-30,50130250,67848
156,2018-04-30,50130253,67848
157,2018-04-30,50130259,67848
158,2018-04-30,50130310,67848
159,2018-04-30,50130320,67848
160,2018-04-30,50130510,67848
161,2018-04-30,50130520,67848
162,2018-04-30,50130530,67848
163,2018-04-30,50130540,67848
164,2018-04-30,50130550,67848
165,2018-04-30,50130560,67848
166,2018-04-30,50130570,67848
167,2018-04-30,50130580,67848
168,2018-04-30,50130590,67848
169,2018-04-30,50130600,67848
170,2018-04-30,50130610,67848
171,2018-04-30,50130620,67848
172,2018-05-31,50110250,165220
173,2018-05-31,50110253,165220
174,2018-05-31,50110256,165220
175,2018-05-31,50110259,165220
176,2018-05-31,50110310,165220
177,2018-05-31,50110320,165220
178,2018-05-31,50110330,165220
179,2018-05-31,50110510,165220
180,2018-05-31,50110520,165220
181,2018-05-31,50110530,165220
182,2018-05-31,50110540,165220
183,2018-05-31,50110550,165220
184,2018-05-31,50110560,165220
185,2018-05-31,50110570,165220
186,2018-05-31,50110580,165220
187,2018-05-31,50110590,165220
188,2018-05-31,50110600,165220
189,2018-05-31,50110610,165220
190,2018-05-31,50110620,165220
191,2018-05-31,50110630,165220
192,2018-05-31,50110640,165220
193,2018-05-31,50110650,165220
194,2018-05-31,50110660,165220
195,2018-05-31,50110670,165220
196,2018-05-31,50110680,165220
197,2018-05-31,50110690,165220
198,2018-05-31,50130250,67848
199,2018-05-31,50130253,67848
200,2018-05-31,50130259,67848
201,2018-05-31,50130310,67848
202,2018-05-31,50130320,67848
203,2018-05-31,50130510,67848
204,2018-05-31,50130520,67848
205,2018-05-31,50130530,67848
206,2018-05-31,50130540,67848
207,2018-05-31,50130550,67848
208,2018-05-31,50130560,67848
209,2018-05-31,50130570,67848
210,2018-05-31,50130580,67848
211,2018-05-31,50130590,67848
212,2018-05-31,50130600,67848
213,2018-05-31,50130610,67848
214,2018-05-31,50130620,67848
215,2018-06-30,50110250,165220
216,2018-06-30,50110253,165220
217,2018-06-30,50110256,165220
218,2018-06-30,50110259,165220
219,2018-06-30,50110310,165220
220,2018-06-30,50110320,165220
221,2018-06-30,50110330,165220
222,2018-06-30,50110510,165220
223,2018-06-30,50110520,165220
224,2018-06-30,50110530,165220
225,2018-06-30,50110540,165220
226,2018-06-30,50110550,165220
227,2018-06-30,50110560,165220
228,2018-06-30,50110570,165220
229,2018-06-30,50110580,165220
230,2018-06-30,50110590,165220
231,2018-06-30,50110600,165220
232,2018-06-30,50110610,165220
233,2018-06-30,50110620,165220
234,2018-06-30,50110630,165220
235,2018-06-30,50110640,165220
236,2018-06-30,50110650,165220
237,2018-06-30,50110660,165220
238,2018-06-30,50110670,165220
239,2018-06-30,50110680,165220
240,2018-06-30,50110690,165220
241,2018-06-30,50130250,67848
242,2018-06-30,50130253,67848
243,2018-06-30,50130259,67848
244,2018-06-30,50130310,67848
245,2018-06-30,50130320,67848
246,2018-06-30,50130510,67848
247,2018-06-30,50130520,67848
248,2018-06-30,50130530,67848
249,2018-06-30,50130540,67848
250,2018-06-30,50130550,67848
251,2018-06-30,50130560,67848
252,2018-06-30,50130570,67848
253,2018-06-30,50130580,67848
254,2018-06-30,50130590,67848
255,2018-06-30,50130600,67848
256,2018-06-30,50130610,67848
257,2018-06-30,50130620,67848
258,2018-07-31,50110250,165220
259,2018-07-31,50110253,165220
260,2018-07-31,50110256,165220
261,2018-07-31,50110259,165220
262,2018-07-31,50110310,165220
263,2018-07-31,50110320,165220
264,2018-07-31,50110330,165220
265,2018-07-31,50110510,165220
266,2018-07-31,50110520,165220
267,2018-07-31,50110530,165220
268,2018-07-31,50110540,165220
269,2018-07-31,50110550,165220
270,2018-07-31,50110560,165220
271,2018-07-31,50110570,165220
272,2018-07-31,50110580,165220
273,2018-07-31,50110590,165220
274,2018-07-31,50110600,165220
275,2018-07-31,50110610,165220
276,2018-07-31,50110620,165220
277,2018-07-31,50110630,165220
278,2018-07-31,50110640,165220
279,2018-07-31,50110650,165220
280,2018-07-31,50110660,165220
281,2018-07-31,50110670,165220
282,2018-07-31,50110680,165220
283,2018-07-31,50110690,165220
284,2018-07-31,50130250,67848
285,2018-07-31,50130253,67848
286,2018-07-31,50130259,67848
287,2018-07-31,50130310,67848
288,2018-07-31,50130320,67848
289,2018-07-31,50130510,67848
290,2018-07-31,50130520,67848
291,2018-07-31,50130530,67848
292,2018-07-31,50130540,67848
293,2018-07-31,50130550,67848
294,2018-07-31,50130560,67848
295,2018-07-31,50130570,67848
296,2018-07-31,50130580,67848
297,2018-07-31,50130590,67848
298,2018-07-31,50130600,67848
299,2018-07-31,50130610,67848
300,2018-07-31,50130620,67848
301,2018-08-31,50110250,165220
302,2018-08-31,50110253,165220
303,2018-08-31,50110256,165220
304,2018-08-31,50110259,165220
305,2018-08-31,50110310,165220
306,2018-08-31,50110320,165220
307,2018-08-31,50110330,165220
308,2018-08-31,50110510,165220
309,2018-08-31,50110520,165220
310,2018-08-31,50110530,165220
311,2018-08-31,50110540,165220
312,2018-08-31,50110550,165220
313,2018-08-31,50110560,165220
314,2018-08-31,50110570,165220
315,2018-08-31,50110580,165220
316,2018-08-31,50110590,165220
317,2018-08-31,50110600,165220
318,2018-08-31,50110610,165220
319,2018-08-31,50110620,165220
320,2018-08-31,50110630,165220
321,2018-08-31,50110640,165220
322,2018-08-31,50110650,165220
323,2018-08-31,50110660,165220
324,2018-08-31,50110670,165220
325,2018-08-31,50110680,165220
326,2018-08-31,50110690,165220
327,2018-08-31,50130250,67848
328,2018-08-31,50130253,67848
329,2018-08-31,50130259,67848
330,2018-08-31,50130310,67848
331,2018-08-31,50130320,67848
332,2018-08-31,50130510,67848
333,2018-08-31,50130520,67848
334,2018-08-31,50130530,67848
335,2018-08-31,50130540,67848
336,2018-08-31,50130550,67848
337,2018-08-31,50130560,67848
338,2018-08-31,50130570,67848
339,2018-08-31,50130580,67848
340,2018-08-31,50130590,67848
341,2018-08-31,50130600,67848
342,2018-08-31,50130610,67848
343,2018-08-31,50130620,67848
344,2018-09-30,50110250,165220
345,2018-09-30,50110253,165220
346,2018-09-30,50110256,165220
347,2018-09-30,50110259,165220
348,2018-09-30,50110310,165220
349,2018-09-30,50110320,165220
350,2018-09-30,50110330,165220
351,2018-09-30,50110510,165220
352,2018-09-30,50110520,165220
353,2018-09-30,50110530,165220
354,2018-09-30,50110540,165220
355,2018-09-30,50110550,165220
356,2018-09-30,50110560,165220
357,2018-09-30,50110570,165220
358,2018-09-30,50110580,165220
359,2018-09-30,50110590,165220
360,2018-09-30,50110600,165220
361,2018-09-30,50110610,165220
362,2018-09-30,50110620,165220
363,2018-09-30,50110630,165220
364,2018-09-30,50110640,165220
365,2018-09-30,50110650,165220
366,2018-09-30,50110660,165220
367,2018-09-30,50110670,165220
368,2018-09-30,50110680,165220
369,2018-09-30,50110690,165220
370,2018-09-30,50130250,67848
371,2018-09-30,50130253,67848
372,2018-09-30,50130259,67848
373,2018-09-30,50130310,67848
374,2018-09-30,50130320,67848
375,2018-09-30,50130510,67848
376,2018-09-30,50130520,67848
377,2018-09-30,50130530,67848
378,2018-09-30,50130540,67848
379,2018-09-30,50130550,67848
380,2018-09-30,50130560,67848
381,2018-09-30,50130570,67848
382,2018-09-30,50130580,67848
383,2018-09-30,50130590,67848
384,2018-09-30,50130600,67848
385,2018-09-30,50130610,67848
386,2018-09-30,50130620,67848
387,2018-10-31,50110250,165220
388,2018-10-31,50110253,165220
389,2018-10-31,50110256,165220
390,2018-10-31,50110259,165220
391,2018-10-31,50110310,165220
392,2018-10-31,50110320,165220
393,2018-10-31,50110330,165220
394,2018-10-31,50110510,165220
395,2018-10-31,50110520,165220
396,2018-10-31,50110530,165220
397,2018-10-31,50110540,165220
398,2018-10-31,50110550,165220
399,2018-10-31,50110560,165220
400,2018-10-31,50110570,165220
401,2018-10-31,50110580,165220
402,2018-10-31,50110590,165220
403,2018-10-31,50110600,165220
404,2018-10-31,50110610,165220
405,2018-10-31,50110620,165220
406,2018-10-31,50110630,165220
407,2018-10-31,50110640,165220
408,2018-10-31,50110650,165220
409,2018-10-31,50110660,165220
410,2018-10-31,50110670,165220
411,2018-10-31,50110680,165220
412,2018-10-31,50110690,165220
413,2018-10-31,50130250,67848
414,2018-10-31,50130253,67848
415,2018-10-31,50130259,67848
416,2018-10-31,50130310,67848
417,2018-10-31,50130320,67848
418,2018-10-31,50130510,67848
419,2018-10-31,50130520,67848
420,2018-10-31,50130530,67848
421,2018-10-31,50130540,67848
422,2018-10-31,50130550,67848
423,2018-10-31,50130560,67848
424,2018-10-31,50130570,67848
425,2018-10-31,50130580,67848
426,2018-10-31,50130590,67848
427,2018-10-31,50130600,67848
428,2018-10-31,50130610,67848
429,2018-10-31,50130620,67848
430,2018-11-30,50110250,165220
431,2018-11-30,50110253,165220
432,2018-11-30,50110256,165220
433,2018-11-30,50110259,165220
434,2018-11-30,50110310,165220
435,2018-11-30,50110320,165220
436,2018-11-30,50110330,165220
437,2018-11-30,50110510,165220
438,2018-11-30,50110520,165220
439,2018-11-30,50110530,165220
440,2018-11-30,50110540,165220
441,2018-11-30,50110550,165220
442,2018-11-30,50110560,165220
443,2018-11-30,50110570,165220
444,2018-11-30,50110580,165220
445,2018-11-30,50110590,165220
446,2018-11-30,50110600,165220
447,2018-11-30,50110610,165220
448,2018-11-30,50110620,165220
449,2018-11-30,50110630,165220
450,2018-11-30,50110640,165220
451,2018-11-30,50110650,165220
452,2018-11-30,50110660,165220
453,2018-11-30,50110670,165220
454,2018-11-30,50110680,165220
455,2018-11-30,50110690,165220
456,2018-11-30,50130250,67848
457,2018-11-30,50130253,67848
458,2018-11-30,50130259,67848
459,2018-11-30,50130310,67848
460,2018-11-30,50130320,67848
461,2018-11-30,50130510,67848
462,2018-11-30,50130520,67848
463,2018-11-30,50130530,67848
464,2018-11-30,50130540,67848
465,2018-11-30,50130550,67848
466,2018-11-30,50130560,67848
467,2018-11-30,50130570,67848
468,2018-11-30,50130580,67848
469,2018-11-30,50130590,67848
470,2018-11-30,50130600,67848
471,2018-11-30,50130610,67848
472,2018-11-30,50130620,67848
473,2018-12-31,50110250,165220
474,2018-12-31,50110253,165220
475,2018-12-31,50110256,165220
476,2018-12-31,50110259,165220
477,2018-12-31,50110310,165220
478,2018-12-31,50110320,165220
479,2018-12-31,50110330,165220
480,2018-12-31,50110510,165220
481,2018-12-31,50110520,165220
482,2018-12-31,50110530,165220
483,2018-12-31,50110540,165220
484,2018-12-31,50110550,165220
485,2018-12-31,50110560,165220
486,2018-12-31,50110570,165220
487,2018-12-31,50110580,165220
488,2018-12-31,50110590,165220
489,2018-12-31,50110600,165220
490,2018-12-31,50110610,165220
491,2018-12-31,50110620,165220
492,2018-12-31,50110630,165220
493,2018-12-31,50110640,165220
494,2018-12-31,50110650,165220
495,2018-12-31,50110660,165220
496,2018-12-31,50110670,165220
497,2018-12-31,50110680,165220
498,2018-12-31,50110690,165220
499,2018-12-31,50130250,67848
500,2018-12-31,50130253,67848
501,2018-12-31,50130259,67848
502,2018-12-31,50130310,67848
503,2018-12-31,50130320,67848
504,2018-12-31,50130510,67848
505,2018-12-31,50130520,67848
506,2018-12-31,50130530,67848
507,2018-12-31,50130540,67848
508,2018-12-31,50130550,67848
509,2018-12-31,50130560,67848
510,2018-12-31,50130570,67848
511,2018-12-31,50130580,67848
512,2018-12-31,50130590,67848
513,2018-12-31,50130600,67848
514,2018-12-31,50130610,67848
515,2018-12-31,50130620,67848
516,2019-01-31,50110250,170431
517,2019-01-31,50110253,170431
518,2019-01-31,50110256,170431
519,2019-01-31,50110259,170431
520,2019-01-31,50110310,170431
521,2019-01-31,50110320,170431
522,2019-01-31,50110330,170431
523,2019-01-31,50110510,170431
524,2019-01-31,50110520,170431
525,2019-01-31,50110530,170431
526,2019-01-31,50110540,170431
527,2019-01-31,50110550,170431
528,2019-01-31,50110560,170431
529,2019-01-31,50110570,170431
530,2019-01-31,50110580,170431
531,2019-01-31,50110590,170431
532,2019-01-31,50110600,170431
533,2019-01-31,50110610,170431
534,2019-01-31,50110620,170431
535,2019-01-31,50110630,170431
536,2019-01-31,50110640,170431
537,2019-01-31,50110650,170431
538,2019-01-31,50110660,170431
539,2019-01-31,50110670,170431
540,2019-01-31,50110680,170431
541,2019-01-31,50110690,170431
542,2019-01-31,50130250,71357
543,2019-01-31,50130253,71357
544,2019-01-31,50130259,71357
545,2019-01-31,50130310,71357
546,2019-01-31,50130320,71357
547,2019-01-31,50130510,71357
548,2019-01-31,50130520,71357
549,2019-01-31,50130530,71357
550,2019-01-31,50130540,71357
551,2019-01-31,50130550,71357
552,2019-01-31,50130560,71357
553,2019-01-31,50130570,71357
554,2019-01-31,50130580,71357
555,2019-01-31,50130590,71357
556,2019-01-31,50130600,71357
557,2019-01-31,50130610,71357
558,2019-01-31,50130620,71357
559,2019-02-28,50110250,170431
560,2019-02-28,50110253,170431
561,2019-02-28,50110256,170431
562,2019-02-28,50110259,170431
563,2019-02-28,50110310,170431
564,2019-02-28,50110320,170431
565,2019-02-28,50110330,170431
566,2019-02-28,50110510,170431
567,2019-02-28,50110520,170431
568,2019-02-28,50110530,170431
569,2019-02-28,50110540,170431
570,2019-02-28,50110550,170431
571,2019-02-28,50110560,170431
572,2019-02-28,50110570,170431
573,2019-02-28,50110580,170431
574,2019-02-28,50110590,170431
575,2019-02-28,50110600,170431
576,2019-02-28,50110610,170431
577,2019-02-28,50110620,170431
578,2019-02-28,50110630,170431
579,2019-02-28,50110640,170431
580,2019-02-28,50110650,170431
581,2019-02-28,50110660,170431
582,2019-02-28,50110670,170431
583,2019-02-28,50110680,170431
584,2019-02-28,50110690,170431
585,2019-02-28,50130250,71357
586,2019-02-28,50130253,71357
587,2019-02-28,50130259,71357
588,2019-02-28,50130310,71357
589,2019-02-28,50130320,71357
590,2019-02-28,50130510,71357
591,2019-02-28,50130520,71357
592,2019-02-28,50130530,71357
593,2019-02-28,50130540,71357
594,2019-02-28,50130550,71357
595,2019-02-28,50130560,71357
596,2019-02-28,50130570,71357
597,2019-02-28,50130580,71357
598,2019-02-28,50130590,71357
599,2019-02-28,50130600,71357
600,2019-02-28,50130610,71357
601,2019-02-28,50130620,71357
602,2019-03-31,50110250,170431
603,2019-03-31,50110253,170431
604,2019-03-31,50110256,170431
605,2019-03-31,50110259,170431
606,2019-03-31,50110310,170431
607,2019-03-31,50110320,170431
608,2019-03-31,50110330,170431
609,2019-03-31,50110510,170431
610,2019-03-31,50110520,170431
611,2019-03-31,50110530,170431
612,2019-03-31,50110540,170431
613,2019-03-31,50110550,170431
614,2019-03-31,50110560,170431
615,2019-03-31,50110570,170431
616,2019-03-31,50110580,170431
617,2019-03-31,50110590,170431
618,2019-03-31,50110600,170431
619,2019-03-31,50110610,170431
620,2019-03-31,50110620,170431
621,2019-03-31,50110630,170431
622,2019-03-31,50110640,170431
623,2019-03-31,50110650,170431
624,2019-03-31,50110660,170431
625,2019-03-31,50110670,170431
626,2019-03-31,50110680,170431
627,2019-03-31,50110690,170431
628,2019-03-31,50130250,71357
629,2019-03-31,50130253,71357
630,2019-03-31,50130259,71357
631,2019-03-31,50130310,71357
632,2019-03-31,50130320,71357
633,2019-03-31,50130510,71357
634,2019-03-31,50130520,71357
635,2019-03-31,50130530,71357
636,2019-03-31,50130540,71357
637,2019-03-31,50130550,71357
638,2019-03-31,50130560,71357
639,2019-03-31,50130570,71357
640,2019-03-31,50130580,71357
641,2019-03-31,50130590,71357
642,2019-03-31,50130600,71357
643,2019-03-31,50130610,71357
644,2019-03-31,50130620,71357
645,2019-04-30,50110250,170431
646,2019-04-30,50110253,170431
647,2019-04-30,50110256,170431
648,2019-04-30,50110259,170431
649,2019-04-30,50110310,170431
650,2019-04-30,50110320,170431
651,2019-04-30,50110330,170431
652,2019-04-30,50110510,170431
653,2019-04-30,50110520,170431
654,2019-04-30,50110530,170431
655,2019-04-30,50110540,170431
656,2019-04-30,50110550,170431
657,2019-04-30,50110560,170431
658,2019-04-30,50110570,170431
659,2019-04-30,50110580,170431
660,2019-04-30,50110590,170431
661,2019-04-30,50110600,170431
662,2019-04-30,50110610,170431
663,2019-04-30,50110620,170431
664,2019-04-30,50110630,170431
665,2019-04-30,50110640,170431
666,2019-04-30,50110650,170431
667,2019-04-30,50110660,170431
668,2019-04-30,50110670,170431
669,2019-04-30,50110680,170431
670,2019-04-30,50110690,170431
671,2019-04-30,50130250,71357
672,2019-04-30,50130253,71357
673,2019-04-30,50130259,71357
674,2019-04-30,50130310,71357
675,2019-04-30,50130320,71357
676,2019-04-30,50130510,71357
677,2019-04-30,50130520,71357
678,2019-04-30,50130530,71357
679,2019-04-30,50130540,71357
680,2019-04-30,50130550,71357
681,2019-04-30,50130560,71357
682,2019-04-30,50130570,71357
683,2019-04-30,50130580,71357
684,2019-04-30,50130590,71357
685,2019-04-30,50130600,71357
686,2019-04-30,50130610,71357
687,2019-04-30,50130620,71357
688,2019-05-31,50110250,170431
689,2019-05-31,50110253,170431
690,2019-05-31,50110256,170431
691,2019-05-31,50110259,170431
692,2019-05-31,50110310,170431
693,2019-05-31,50110320,170431
694,2019-05-31,50110330,170431
695,2019-05-31,50110510,170431
696,2019-05-31,50110520,170431
697,2019-05-31,50110530,170431
698,2019-05-31,50110540,170431
699,2019-05-31,50110550,170431
700,2019-05-31,50110560,170431
701,2019-05-31,50110570,170431
702,2019-05-31,50110580,170431
703,2019-05-31,50110590,170431
704,2019-05-31,50110600,170431
705,2019-05-31,50110610,170431
706,2019-05-31,50110620,170431
707,2019-05-31,50110630,170431
708,2019-05-31,50110640,170431
709,2019-05-31,50110650,170431
710,2019-05-31,50110660,170431
711,2019-05-31,50110670,170431
712,2019-05-31,50110680,170431
713,2019-05-31,50110690,170431
714,2019-05-31,50130250,71357
715,2019-05-31,50130253,71357
716,2019-05-31,50130259,71357
717,2019-05-31,50130310,71357
718,2019-05-31,50130320,71357
719,2019-05-31,50130510,71357
720,2019-05-31,50130520,71357
721,2019-05-31,50130530,71357
722,2019-05-31,50130540,71357
723,2019-05-31,50130550,71357
724,2019-05-31,50130560,71357
725,2019-05-31,50130570,71357
726,2019-05-31,50130580,71357
727,2019-05-31,50130590,71357
728,2019-05-31,50130600,71357
729,2019-05-31,50130610,71357
730,2019-05-31,50130620,71357
731,2019-06-30,50110250,170431
732,2019-06-30,50110253,170431
733,2019-06-30,50110256,170431
734,2019-06-30,50110259,170431
735,2019-06-30,50110310,170431
736,2019-06-30,50110320,170431
737,2019-06-30,50110330,170431
738,2019-06-30,50110510,170431
739,2019-06-30,50110520,170431
740,2019-06-30,50110530,170431
741,2019-06-30,50110540,170431
742,2019-06-30,50110550,170431
743,2019-06-30,50110560,170431
744,2019-06-30,50110570,170431
745,2019-06-30,50110580,170431
746,2019-06-30,50110590,170431
747,2019-06-30,50110600,170431
748,2019-06-30,50110610,170431
749,2019-06-30,50110620,170431
750,2019-06-30,50110630,170431
751,2019-06-30,50110640,170431
752,2019-06-30,50110650,170431
753,2019-06-30,50110660,170431
754,2019-06-30,50110670,170431
755,2019-06-30,50110680,170431
756,2019-06-30,50110690,170431
757,2019-06-30,50130250,71357
758,2019-06-30,50130253,71357
759,2019-06-30,50130259,71357
760,2019-06-30,50130310,71357
761,2019-06-30,50130320,71357
762,2019-06-30,50130510,71357
763,2019-06-30,50130520,71357
764,2019-06-30,50130530,71357
765,2019-06-30,50130540,71357
766,2019-06-30,50130550,71357
767,2019-06-30,50130560,71357
768,2019-06-30,50130570,71357
769,2019-06-30,50130580,71357
770,2019-06-30,50130590,71357
771,2019-06-30,50130600,71357
772,2019-06-30,50130610,71357
773,2019-06-30,50130620,71357
774,2019-07-31,50110250,170431
775,2019-07-31,50110253,170431
776,2019-07-31,50110256,170431
777,2019-07-31,50110259,170431
778,2019-07-31,50110310,170431
779,2019-07-31,50110320,170431
780,2019-07-31,50110330,170431
781,2019-07-31,50110510,170431
782,2019-07-31,50110520,170431
783,2019-07-31,50110530,170431
784,2019-07-31,50110540,170431
785,2019-07-31,50110550,170431
786,2019-07-31,50110560,170431
787,2019-07-31,50110570,170431
788,2019-07-31,50110580,170431
789,2019-07-31,50110590,170431
790,2019-07-31,50110600,170431
791,2019-07-31,50110610,170431
792,2019-07-31,50110620,170431
793,2019-07-31,50110630,170431
794,2019-07-31,50110640,170431
795,2019-07-31,50110650,170431
796,2019-07-31,50110660,170431
797,2019-07-31,50110670,170431
798,2019-07-31,50110680,170431
799,2019-07-31,50110690,170431
800,2019-07-31,50130250,71357
801,2019-07-31,50130253,71357
802,2019-07-31,50130259,71357
803,2019-07-31,50130310,71357
804,2019-07-31,50130320,71357
805,2019-07-31,50130510,71357
806,2019-07-31,50130520,71357
807,2019-07-31,50130530,71357
808,2019-07-31,50130540,71357
809,2019-07-31,50130550,71357
810,2019-07-31,50130560,71357
811,2019-07-31,50130570,71357
812,2019-07-31,50130580,71357
813,2019-07-31,50130590,71357
814,2019-07-31,50130600,71357
815,2019-07-31,50130610,71357
816,2019-07-31,50130620,71357
817,2019-08-31,50110250,170431
818,2019-08-31,50110253,170431
819,2019-08-31,50110256,170431
820,2019-08-31,50110259,170431
821,2019-08-31,50110310,170431
822,2019-08-31,50110320,170431
823,2019-08-31,50110330,170431
824,2019-08-31,50110510,170431
825,2019-08-31,50110520,170431
826,2019-08-31,50110530,170431
827,2019-08-31,50110540,170431
828,2019-08-31,50110550,170431
829,2019-08-31,50110560,170431
830,2019-08-31,50110570,170431
831,2019-08-31,50110580,170431
832,2019-08-31,50110590,170431
833,2019-08-31,50110600,170431
834,2019-08-31,50110610,170431
835,2019-08-31,50110620,170431
836,2019-08-31,50110630,170431
837,2019-08-31,50110640,170431
838,2019-08-31,50110650,170431
839,2019-08-31,50110660,170431
840,2019-08-31,50110670,170431
841,2019-08-31,50110680,170431
842,2019-08-31,50110690,170431
843,2019-08-31,50130250,71357
844,2019-08-31,50130253,71357
845,2019-08-31,50130259,71357
846,2019-08-31,50130310,71357
847,2019-08-31,50130320,71357
848,2019-08-31,50130510,71357
849,2019-08-31,50130520,71357
850,2019-08-31,50130530,71357
851,2019-08-31,50130540,71357
852,2019-08-31,50130550,71357
853,2019-08-31,50130560,71357
854,2019-08-31,50130570,71357
855,2019-08-31,50130580,71357
856,2019-08-31,50130590,71357
857,2019-08-31,50130600,71357
858,2019-08-31,50130610,71357
859,2019-08-31,50130620,71357
860,2019-09-30,50110250,170431
861,2019-09-30,50110253,170431
862,2019-09-30,50110256,170431
863,2019-09-30,50110259,170431
864,2019-09-30,50110310,170431
865,2019-09-30,50110320,170431
866,2019-09-30,50110330,170431
867,2019-09-30,50110510,170431
868,2019-09-30,50110520,170431
869,2019-09-30,50110530,170431
870,2019-09-30,50110540,170431
871,2019-09-30,50110550,170431
872,2019-09-30,50110560,170431
873,2019-09-30,50110570,170431
874,2019-09-30,50110580,170431
875,2019-09-30,50110590,170431
876,2019-09-30,50110600,170431
877,2019-09-30,50110610,170431
878,2019-09-30,50110620,170431
879,2019-09-30,50110630,170431
880,2019-09-30,50110640,170431
881,2019-09-30,50110650,170431
882,2019-09-30,50110660,170431
883,2019-09-30,50110670,170431
884,2019-09-30,50110680,170431
885,2019-09-30,50110690,170431
886,2019-09-30,50130250,71357
887,2019-09-30,50130253,71357
888,2019-09-30,50130259,71357
889,2019-09-30,50130310,71357
890,2019-09-30,50130320,71357
891,2019-09-30,50130510,71357
892,2019-09-30,50130520,71357
893,2019-09-30,50130530,71357
894,2019-09-30,50130540,71357
895,2019-09-30,50130550,71357
896,2019-09-30,50130560,71357
897,2019-09-30,50130570,71357
898,2019-09-30,50130580,71357
899,2019-09-30,50130590,71357
900,2019-09-30,50130600,71357
901,2019-09-30,50130610,71357
902,2019-09-30,50130620,71357
903,2019-10-31,50110250,170431
904,2019-10-31,50110253,170431
905,2019-10-31,50110256,170431
906,2019-10-31,50110259,170431
907,2019-10-31,50110310,170431
908,2019-10-31,50110320,170431
909,2019-10-31,50110330,170431
910,2019-10-31,50110510,170431
911,2019-10-31,50110520,170431
912,2019-10-31,50110530,170431
913,2019-10-31,50110540,170431
914,2019-10-31,50110550,170431
915,2019-10-31,50110560,170431
916,2019-10-31,50110570,170431
917,2019-10-31,50110580,170431
918,2019-10-31,50110590,170431
919,2019-10-31,50110600,170431
920,2019-10-31,50110610,170431
921,2019-10-31,50110620,170431
922,2019-10-31,50110630,170431
923,2019-10-31,50110640,170431
924,2019-10-31,50110650,170431
925,2019-10-31,50110660,170431
926,2019-10-31,50110670,170431
927,2019-10-31,50110680,170431
928,2019-10-31,50110690,170431
929,2019-10-31,50130250,71357
930,2019-10-31,50130253,71357
931,2019-10-31,50130259,71357
932,2019-10-31,50130310,71357
933,2019-10-31,50130320,71357
934,2019-10-31,50130510,71357
935,2019-10-31,50130520,71357
936,2019-10-31,50130530,71357
937,2019-10-31,50130540,71357
938,2019-10-31,50130550,71357
939,2019-10-31,50130560,71357
940,2019-10-31,50130570,71357
941,2019-10-31,50130580,71357
942,2019-10-31,50130590,71357
943,2019-10-31,50130600,71357
944,2019-10-31,50130610,71357
945,2019-10-31,50130620,71357
946,2019-11-30,50110250,170431
947,2019-11-30,50110253,170431
948,2019-11-30,50110256,170431
949,2019-11-30,50110259,170431
950,2019-11-30,50110310,170431
951,2019-11-30,50110320,170431
952,2019-11-30,50110330,170431
953,2019-11-30,50110510,170431
954,2019-11-30,50110520,170431
955,2019-11-30,50110530,170431
956,2019-11-30,50110540,170431
957,2019-11-30,50110550,170431
958,2019-11-30,50110560,170431
959,2019-11-30,50110570,170431
960,2019-11-30,50110580,170431
961,2019-11-30,50110590,170431
962,2019-11-30,50110600,170431
963,2019-11-30,50110610,170431
964,2019-11-30,50110620,170431
965,2019-11-30,50110630,170431
966,2019-11-30,50110640,170431
967,2019-11-30,50110650,170431
968,2019-11-30,50110660,170431
969,2019-11-30,50110670,170431
970,2019-11-30,50110680,170431
971,2019-11-30,50110690,170431
972,2019-11-30,50130250,71357
973,2019-11-30,50130253,71357
974,2019-11-30,50130259,71357
975,2019-11-30,50130310,71357
976,2019-11-30,50130320,71357
977,2019-11-30,50130510,71357
978,2019-11-30,50130520,71357
979,2019-11-30,50130530,71357
980,2019-11-30,50130540,71357
981,2019-11-30,50130550,71357
982,2019-11-30,50130560,71357
983,2019-11-30,50130570,71357
984,2019-11-30,50130580,71357
985,2019-11-30,50130590,71357
986,2019-11-30,50130600,71357
987,2019-11-30,50130610,71357
988,2019-11-30,50130620,71357
989,2019-12-31,50110250,170431
990,2019-12-31,50110253,170431
991,2019-12-31,50110256,170431
992,2019-12-31,50110259,170431
993,2019-12-31,50110310,170431
994,2019-12-31,50110320,170431
995,2019-12-31,50110330,170431
996,2019-12-31,50110510,170431
997,2019-12-31,50110520,170431
998,2019-12-31,50110530,170431
999,2019-12-31,50110540,170431
1000,2019-12-31,50110550,170431
1001,2019-12-31,50110560,170431
1002,2019-12-31,50110570,170431
1003,2019-12-31,50110580,170431
1004,2019-12-31,50110590,170431
1005,2019-12-31,50110600,170431
1006,2019-12-31,50110610,170431
1007,2019-12-31,50110620,170431
1008,2019-12-31,50110630,170431
1009,2019-12-31,50110640,170431
1010,2019-12-31,50110650,170431
1011,2019-12-31,50110660,170431
1012,2019-12-31,50110670,170431
1013,2019-12-31,50110680,170431
1014,2019-12-31,50110690,170431
1015,2019-12-31,50130250,71357
1016,2019-12-31,50130253,71357
1017,2019-12-31,50130259,71357
1018,2019-12-31,50130310,71357
1019,2019-12-31,50130320,71357
1020,2019-12-31,50130510,71357
1021,2019-12-31,50130520,71357
1022,2019-12-31,50130530,71357
1023,2019-12-31,50130540,71357
1024,2019-12-31,50130550,71357
1025,2019-12-31,50130560,71357
1026,2019-12-31,50130570,71357
1027,2019-12-31,50130580,71357
1028,2019-12-31,50130590,71357
1029,2019-12-31,50130600,71357
1030,2019-12-31,50130610,71357
1031,2019-12-31,50130620,71357
1032,2020-01-31,50110250,8466
1033,2020-01-31,50110253,14101
1034,2020-01-31,50110256,6521
1035,2020-01-31,50110259,9895
1036,2020-01-31,50110310,4290
1037,2020-01-31,50110320,826
1038,2020-01-31,50110330,721
1039,2020-01-31,50110510,796
1040,2020-01-31,50110520,10616
1041,2020-01-31,50110530,2393
1042,2020-01-31,50110540,16816
1043,2020-01-31,50110550,4070
1044,2020-01-31,50110560,2629
1045,2020-01-31,50110570,2278
1046,2020-01-31,50110580,4675
1047,2020-01-31,50110590,3148
1048,2020-01-31,50110600,8794
1049,2020-01-31,50110610,8914
1050,2020-01-31,50110620,2044
1051,2020-01-31,50110630,12898
1052,2020-01-31,50110640,4944
1053,2020-01-31,50110650,15423
1054,2020-01-31,50110660,18415
1055,2020-01-31,50110670,7373
1056,2020-01-31,50110680,1621
1057,2020-01-31,50110690,1100
1058,2020-01-31,50130250,9855
1059,2020-01-31,50130253,7028
1060,2020-01-31,50130259,6270
1061,2020-01-31,50130310,5068
1062,2020-01-31,50130320,4873
1063,2020-01-31,50130510,1590
1064,2020-01-31,50130520,890
1065,2020-01-31,50130530,1011
1066,2020-01-31,50130540,1198
1067,2020-01-31,50130550,1945
1068,2020-01-31,50130560,2173
1069,2020-01-31,50130570,9310
1070,2020-01-31,50130580,3813
1071,2020-01-31,50130590,6153
1072,2020-01-31,50130600,5191
1073,2020-01-31,50130610,5006
1074,2020-01-31,50130620,1310
1075,2020-02-29,50110250,8466
1076,2020-02-29,50110253,14101
1077,2020-02-29,50110256,6521
1078,2020-02-29,50110259,9895
1079,2020-02-29,50110310,4290
1080,2020-02-29,50110320,826
1081,2020-02-29,50110330,721
1082,2020-02-29,50110510,796
1083,2020-02-29,50110520,10616
1084,2020-02-29,50110530,2393
1085,2020-02-29,50110540,16816
1086,2020-02-29,50110550,4070
1087,2020-02-29,50110560,2629
1088,2020-02-29,50110570,2278
1089,2020-02-29,50110580,4675
1090,2020-02-29,50110590,3148
1091,2020-02-29,50110600,8794
1092,2020-02-29,50110610,8914
1093,2020-02-29,50110620,2044
1094,2020-02-29,50110630,12898
1095,2020-02-29,50110640,4944
1096,2020-02-29,50110650,15423
1097,2020-02-29,50110660,18415
1098,2020-02-29,50110670,7373
1099,2020-02-29,50110680,1621
1100,2020-02-29,50110690,1100
1101,2020-02-29,50130250,9855
1102,2020-02-29,50130253,7028
1103,2020-02-29,50130259,6270
1104,2020-02-29,50130310,5068
1105,2020-02-29,50130320,4873
1106,2020-02-29,50130510,1590
1107,2020-02-29,50130520,890
1108,2020-02-29,50130530,1011
1109,2020-02-29,50130540,1198
1110,2020-02-29,50130550,1945
1111,2020-02-29,50130560,2173
1112,2020-02-29,50130570,9310
1113,2020-02-29,50130580,3813
1114,2020-02-29,50130590,6153
1115,2020-02-29,50130600,5191
1116,2020-02-29,50130610,5006
1117,2020-02-29,50130620,1310
1118,2020-03-31,50110250,8466
1119,2020-03-31,50110253,14101
1120,2020-03-31,50110256,6521
1121,2020-03-31,50110259,9895
1122,2020-03-31,50110310,4290
1123,2020-03-31,50110320,826
1124,2020-03-31,50110330,721
1125,2020-03-31,50110510,796
1126,2020-03-31,50110520,10616
1127,2020-03-31,50110530,2393
1128,2020-03-31,50110540,16816
1129,2020-03-31,50110550,4070
1130,2020-03-31,50110560,2629
1131,2020-03-31,50110570,2278
1132,2020-03-31,50110580,4675
1133,2020-03-31,50110590,3148
1134,2020-03-31,50110600,8794
1135,2020-03-31,50110610,8914
1136,2020-03-31,50110620,2044
1137,2020-03-31,50110630,12898
1138,2020-03-31,50110640,4944
1139,2020-03-31,50110650,15423
1140,2020-03-31,50110660,18415
1141,2020-03-31,50110670,7373
1142,2020-03-31,50110680,1621
1143,2020-03-31,50110690,1100
1144,2020-03-31,50130250,9855
1145,2020-03-31,50130253,7028
1146,2020-03-31,50130259,6270
1147,2020-03-31,50130310,5068
1148,2020-03-31,50130320,4873
1149,2020-03-31,50130510,1590
1150,2020-03-31,50130520,890
1151,2020-03-31,50130530,1011
1152,2020-03-31,50130540,1198
1153,2020-03-31,50130550,1945
1154,2020-03-31,50130560,2173
1155,2020-03-31,50130570,9310
1156,2020-03-31,50130580,3813
1157,2020-03-31,50130590,6153
1158,2020-03-31,50130600,5191
1159,2020-03-31,50130610,5006
1160,2020-03-31,50130620,1310
1161,2020-04-30,50110250,8466
1162,2020-04-30,50110253,14101
1163,2020-04-30,50110256,6521
1164,2020-04-30,50110259,9895
1165,2020-04-30,50110310,4290
1166,2020-04-30,50110320,826
1167,2020-04-30,50110330,721
1168,2020-04-30,50110510,796
1169,2020-04-30,50110520,10616
1170,2020-04-30,50110530,2393
1171,2020-04-30,50110540,16816
1172,2020-04-30,50110550,4070
1173,2020-04-30,50110560,2629
1174,2020-04-30,50110570,2278
1175,2020-04-30,50110580,4675
1176,2020-04-30,50110590,3148
1177,2020-04-30,50110600,8794
1178,2020-04-30,50110610,8914
1179,2020-04-30,50110620,2044
1180,2020-04-30,50110630,12898
1181,2020-04-30,50110640,4944
1182,2020-04-30,50110650,15423
1183,2020-04-30,50110660,18415
1184,2020-04-30,50110670,7373
1185,2020-04-30,50110680,1621
1186,2020-04-30,50110690,1100
1187,2020-04-30,50130250,9855
1188,2020-04-30,50130253,7028
1189,2020-04-30,50130259,6270
1190,2020-04-30,50130310,5068
1191,2020-04-30,50130320,4873
1192,2020-04-30,50130510,1590
1193,2020-04-30,50130520,890
1194,2020-04-30,50130530,1011
1195,2020-04-30,50130540,1198
1196,2020-04-30,50130550,1945
1197,2020-04-30,50130560,2173
1198,2020-04-30,50130570,9310
1199,2020-04-30,50130580,3813
1200,2020-04-30,50130590,6153
1201,2020-04-30,50130600,5191
1202,2020-04-30,50130610,5006
1203,2020-04-30,50130620,1310
1204,2020-05-31,50110250,8466
1205,2020-05-31,50110253,14101
1206,2020-05-31,50110256,6521
1207,2020-05-31,50110259,9895
1208,2020-05-31,50110310,4290
1209,2020-05-31,50110320,826
1210,2020-05-31,50110330,721
1211,2020-05-31,50110510,796
1212,2020-05-31,50110520,10616
1213,2020-05-31,50110530,2393
1214,2020-05-31,50110540,16816
1215,2020-05-31,50110550,4070
1216,2020-05-31,50110560,2629
1217,2020-05-31,50110570,2278
1218,2020-05-31,50110580,4675
1219,2020-05-31,50110590,3148
1220,2020-05-31,50110600,8794
1221,2020-05-31,50110610,8914
1222,2020-05-31,50110620,2044
1223,2020-05-31,50110630,12898
1224,2020-05-31,50110640,4944
1225,2020-05-31,50110650,15423
1226,2020-05-31,50110660,18415
1227,2020-05-31,50110670,7373
1228,2020-05-31,50110680,1621
1229,2020-05-31,50110690,1100
1230,2020-05-31,50130250,9855
1231,2020-05-31,50130253,7028
1232,2020-05-31,50130259,6270
1233,2020-05-31,50130310,5068
1234,2020-05-31,50130320,4873
1235,2020-05-31,50130510,1590
1236,2020-05-31,50130520,890
1237,2020-05-31,50130530,1011
1238,2020-05-31,50130540,1198
1239,2020-05-31,50130550,1945
1240,2020-05-31,50130560,2173
1241,2020-05-31,50130570,9310
1242,2020-05-31,50130580,3813
1243,2020-05-31,50130590,6153
1244,2020-05-31,50130600,5191
1245,2020-05-31,50130610,5006
1246,2020-05-31,50130620,1310
1247,2020-06-30,50110250,8466
1248,2020-06-30,50110253,14101
1249,2020-06-30,50110256,6521
1250,2020-06-30,50110259,9895
1251,2020-06-30,50110310,4290
1252,2020-06-30,50110320,826
1253,2020-06-30,50110330,721
1254,2020-06-30,50110510,796
1255,2020-06-30,50110520,10616
1256,2020-06-30,50110530,2393
1257,2020-06-30,50110540,16816
1258,2020-06-30,50110550,4070
1259,2020-06-30,50110560,2629
1260,2020-06-30,50110570,2278
1261,2020-06-30,50110580,4675
1262,2020-06-30,50110590,3148
1263,2020-06-30,50110600,8794
1264,2020-06-30,50110610,8914
1265,2020-06-30,50110620,2044
1266,2020-06-30,50110630,12898
1267,2020-06-30,50110640,4944
1268,2020-06-30,50110650,15423
1269,2020-06-30,50110660,18415
1270,2020-06-30,50110670,7373
1271,2020-06-30,50110680,1621
1272,2020-06-30,50110690,1100
1273,2020-06-30,50130250,9855
1274,2020-06-30,50130253,7028
1275,2020-06-30,50130259,6270
1276,2020-06-30,50130310,5068
1277,2020-06-30,50130320,4873
1278,2020-06-30,50130510,1590
1279,2020-06-30,50130520,890
1280,2020-06-30,50130530,1011
1281,2020-06-30,50130540,1198
1282,2020-06-30,50130550,1945
1283,2020-06-30,50130560,2173
1284,2020-06-30,50130570,9310
1285,2020-06-30,50130580,3813
1286,2020-06-30,50130590,6153
1287,2020-06-30,50130600,5191
1288,2020-06-30,50130610,5006
1289,2020-06-30,50130620,1310
1290,2020-07-31,50110250,8466
1291,2020-07-31,50110253,14101
1292,2020-07-31,50110256,6521
1293,2020-07-31,50110259,9895
1294,2020-07-31,50110310,4290
1295,2020-07-31,50110320,826
1296,2020-07-31,50110330,721
1297,2020-07-31,50110510,796
1298,2020-07-31,50110520,10616
1299,2020-07-31,50110530,2393
1300,2020-07-31,50110540,16816
1301,2020-07-31,50110550,4070
1302,2020-07-31,50110560,2629
1303,2020-07-31,50110570,2278
1304,2020-07-31,50110580,4675
1305,2020-07-31,50110590,3148
1306,2020-07-31,50110600,8794
1307,2020-07-31,50110610,8914
1308,2020-07-31,50110620,2044
1309,2020-07-31,50110630,12898
1310,2020-07-31,50110640,4944
1311,2020-07-31,50110650,15423
1312,2020-07-31,50110660,18415
1313,2020-07-31,50110670,7373
1314,2020-07-31,50110680,1621
1315,2020-07-31,50110690,1100
1316,2020-07-31,50130250,9855
1317,2020-07-31,50130253,7028
1318,2020-07-31,50130259,6270
1319,2020-07-31,50130310,5068
1320,2020-07-31,50130320,4873
1321,2020-07-31,50130510,1590
1322,2020-07-31,50130520,890
1323,2020-07-31,50130530,1011
1324,2020-07-31,50130540,1198
1325,2020-07-31,50130550,1945
1326,2020-07-31,50130560,2173
1327,2020-07-31,50130570,9310
1328,2020-07-31,50130580,3813
1329,2020-07-31,50130590,6153
1330,2020-07-31,50130600,5191
1331,2020-07-31,50130610,5006
1332,2020-07-31,50130620,1310
1333,2020-08-31,50110250,8466
1334,2020-08-31,50110253,14101
1335,2020-08-31,50110256,6521
1336,2020-08-31,50110259,9895
1337,2020-08-31,50110310,4290
1338,2020-08-31,50110320,826
1339,2020-08-31,50110330,721
1340,2020-08-31,50110510,796
1341,2020-08-31,50110520,10616
1342,2020-08-31,50110530,2393
1343,2020-08-31,50110540,16816
1344,2020-08-31,50110550,4070
1345,2020-08-31,50110560,2629
1346,2020-08-31,50110570,2278
1347,2020-08-31,50110580,4675
1348,2020-08-31,50110590,3148
1349,2020-08-31,50110600,8794
1350,2020-08-31,50110610,8914
1351,2020-08-31,50110620,2044
1352,2020-08-31,50110630,12898
1353,2020-08-31,50110640,4944
1354,2020-08-31,50110650,15423
1355,2020-08-31,50110660,18415
1356,2020-08-31,50110670,7373
1357,2020-08-31,50110680,1621
1358,2020-08-31,50110690,1100
1359,2020-08-31,50130250,9855
1360,2020-08-31,50130253,7028
1361,2020-08-31,50130259,6270
1362,2020-08-31,50130310,5068
1363,2020-08-31,50130320,4873
1364,2020-08-31,50130510,1590
1365,2020-08-31,50130520,890
1366,2020-08-31,50130530,1011
1367,2020-08-31,50130540,1198
1368,2020-08-31,50130550,1945
1369,2020-08-31,50130560,2173
1370,2020-08-31,50130570,9310
1371,2020-08-31,50130580,3813
1372,2020-08-31,50130590,6153
1373,2020-08-31,50130600,5191
1374,2020-08-31,50130610,5006
1375,2020-08-31,50130620,1310
1376,2020-09-30,50110250,8466
1377,2020-09-30,50110253,14101
1378,2020-09-30,50110256,6521
1379,2020-09-30,50110259,9895
1380,2020-09-30,50110310,4290
1381,2020-09-30,50110320,826
1382,2020-09-30,50110330,721
1383,2020-09-30,50110510,796
1384,2020-09-30,50110520,10616
1385,2020-09-30,50110530,2393
1386,2020-09-30,50110540,16816
1387,2020-09-30,50110550,4070
1388,2020-09-30,50110560,2629
1389,2020-09-30,50110570,2278
1390,2020-09-30,50110580,4675
1391,2020-09-30,50110590,3148
1392,2020-09-30,50110600,8794
1393,2020-09-30,50110610,8914
1394,2020-09-30,50110620,2044
1395,2020-09-30,50110630,12898
1396,2020-09-30,50110640,4944
1397,2020-09-30,50110650,15423
1398,2020-09-30,50110660,18415
1399,2020-09-30,50110670,7373
1400,2020-09-30,50110680,1621
1401,2020-09-30,50110690,1100
1402,2020-09-30,50130250,9855
1403,2020-09-30,50130253,7028
1404,2020-09-30,50130259,6270
1405,2020-09-30,50130310,5068
1406,2020-09-30,50130320,4873
1407,2020-09-30,50130510,1590
1408,2020-09-30,50130520,890
1409,2020-09-30,50130530,1011
1410,2020-09-30,50130540,1198
1411,2020-09-30,50130550,1945
1412,2020-09-30,50130560,2173
1413,2020-09-30,50130570,9310
1414,2020-09-30,50130580,3813
1415,2020-09-30,50130590,6153
1416,2020-09-30,50130600,5191
1417,2020-09-30,50130610,5006
1418,2020-09-30,50130620,1310
1419,2020-10-31,50110250,8466
1420,2020-10-31,50110253,14101
1421,2020-10-31,50110256,6521
1422,2020-10-31,50110259,9895
1423,2020-10-31,50110310,4290
1424,2020-10-31,50110320,826
1425,2020-10-31,50110330,721
1426,2020-10-31,50110510,796
1427,2020-10-31,50110520,10616
1428,2020-10-31,50110530,2393
1429,2020-10-31,50110540,16816
1430,2020-10-31,50110550,4070
1431,2020-10-31,50110560,2629
1432,2020-10-31,50110570,2278
1433,2020-10-31,50110580,4675
1434,2020-10-31,50110590,3148
1435,2020-10-31,50110600,8794
1436,2020-10-31,50110610,8914
1437,2020-10-31,50110620,2044
1438,2020-10-31,50110630,12898
1439,2020-10-31,50110640,4944
1440,2020-10-31,50110650,15423
1441,2020-10-31,50110660,18415
1442,2020-10-31,50110670,7373
1443,2020-10-31,50110680,1621
1444,2020-10-31,50110690,1100
1445,2020-10-31,50130250,9855
1446,2020-10-31,50130253,7028
1447,2020-10-31,50130259,6270
1448,2020-10-31,50130310,5068
1449,2020-10-31,50130320,4873
1450,2020-10-31,50130510,1590
1451,2020-10-31,50130520,890
1452,2020-10-31,50130530,1011
1453,2020-10-31,50130540,1198
1454,2020-10-31,50130550,1945
1455,2020-10-31,50130560,2173
1456,2020-10-31,50130570,9310
1457,2020-10-31,50130580,3813
1458,2020-10-31,50130590,6153
1459,2020-10-31,50130600,5191
1460,2020-10-31,50130610,5006
1461,2020-10-31,50130620,1310
1462,2020-11-30,50110250,8466
1463,2020-11-30,50110253,14101
1464,2020-11-30,50110256,6521
1465,2020-11-30,50110259,9895
1466,2020-11-30,50110310,4290
1467,2020-11-30,50110320,826
1468,2020-11-30,50110330,721
1469,2020-11-30,50110510,796
1470,2020-11-30,50110520,10616
1471,2020-11-30,50110530,2393
1472,2020-11-30,50110540,16816
1473,2020-11-30,50110550,4070
1474,2020-11-30,50110560,2629
1475,2020-11-30,50110570,2278
1476,2020-11-30,50110580,4675
1477,2020-11-30,50110590,3148
1478,2020-11-30,50110600,8794
1479,2020-11-30,50110610,8914
1480,2020-11-30,50110620,2044
1481,2020-11-30,50110630,12898
1482,2020-11-30,50110640,4944
1483,2020-11-30,50110650,15423
1484,2020-11-30,50110660,18415
1485,2020-11-30,50110670,7373
1486,2020-11-30,50110680,1621
1487,2020-11-30,50110690,1100
1488,2020-11-30,50130250,9855
1489,2020-11-30,50130253,7028
1490,2020-11-30,50130259,6270
1491,2020-11-30,50130310,5068
1492,2020-11-30,50130320,4873
1493,2020-11-30,50130510,1590
1494,2020-11-30,50130520,890
1495,2020-11-30,50130530,1011
1496,2020-11-30,50130540,1198
1497,2020-11-30,50130550,1945
1498,2020-11-30,50130560,2173
1499,2020-11-30,50130570,9310
1500,2020-11-30,50130580,3813
1501,2020-11-30,50130590,6153
1502,2020-11-30,50130600,5191
1503,2020-11-30,50130610,5006
1504,2020-11-30,50130620,1310
1505,2020-12-31,50110250,8466
1506,2020-12-31,50110253,14101
1507,2020-12-31,50110256,6521
1508,2020-12-31,50110259,9895
1509,2020-12-31,50110310,4290
1510,2020-12-31,50110320,826
1511,2020-12-31,50110330,721
1512,2020-12-31,50110510,796
1513,2020-12-31,50110520,10616
1514,2020-12-31,50110530,2393
1515,2020-12-31,50110540,16816
1516,2020-12-31,50110550,4070
1517,2020-12-31,50110560,2629
1518,2020-12-31,50110570,2278
1519,2020-12-31,50110580,4675
1520,2020-12-31,50110590,3148
1521,2020-12-31,50110600,8794
1522,2020-12-31,50110610,8914
1523,2020-12-31,50110620,2044
1524,2020-12-31,50110630,12898
1525,2020-12-31,50110640,4944
1526,2020-12-31,50110650,15423
1527,2020-12-31,50110660,18415
1528,2020-12-31,50110670,7373
1529,2020-12-31,50110680,1621
1530,2020-12-31,50110690,1100
1531,2020-12-31,50130250,9855
1532,2020-12-31,50130253,7028
1533,2020-12-31,50130259,6270
1534,2020-12-31,50130310,5068
1535,2020-12-31,50130320,4873
1536,2020-12-31,50130510,1590
1537,2020-12-31,50130520,890
1538,2020-12-31,50130530,1011
1539,2020-12-31,50130540,1198
1540,2020-12-31,50130550,1945
1541,2020-12-31,50130560,2173
1542,2020-12-31,50130570,9310
1543,2020-12-31,50130580,3813
1544,2020-12-31,50130590,6153
1545,2020-12-31,50130600,5191
1546,2020-12-31,50130610,5006
1547,2020-12-31,50130620,1310
1548,2021-01-31,50110250,8466
1549,2021-01-31,50110253,14101
1550,2021-01-31,50110256,6521
1551,2021-01-31,50110259,9895
1552,2021-01-31,50110310,4290
1553,2021-01-31,50110320,826
1554,2021-01-31,50110330,721
1555,2021-01-31,50110510,796
1556,2021-01-31,50110520,10616
1557,2021-01-31,50110530,2393
1558,2021-01-31,50110540,16816
1559,2021-01-31,50110550,4070
1560,2021-01-31,50110560,2629
1561,2021-01-31,50110570,2278
1562,2021-01-31,50110580,4675
1563,2021-01-31,50110590,3148
1564,2021-01-31,50110600,8794
1565,2021-01-31,50110610,8914
1566,2021-01-31,50110620,2044
1567,2021-01-31,50110630,12898
1568,2021-01-31,50110640,4944
1569,2021-01-31,50110650,15423
1570,2021-01-31,50110660,18415
1571,2021-01-31,50110670,7373
1572,2021-01-31,50110680,1621
1573,2021-01-31,50110690,1100
1574,2021-01-31,50130250,9855
1575,2021-01-31,50130253,7028
1576,2021-01-31,50130259,6270
1577,2021-01-31,50130310,5068
1578,2021-01-31,50130320,4873
1579,2021-01-31,50130510,1590
1580,2021-01-31,50130520,890
1581,2021-01-31,50130530,1011
1582,2021-01-31,50130540,1198
1583,2021-01-31,50130550,1945
1584,2021-01-31,50130560,2173
1585,2021-01-31,50130570,9310
1586,2021-01-31,50130580,3813
1587,2021-01-31,50130590,6153
1588,2021-01-31,50130600,5191
1589,2021-01-31,50130610,5006
1590,2021-01-31,50130620,1310
1591,2021-02-28,50110250,8466
1592,2021-02-28,50110253,14101
1593,2021-02-28,50110256,6521
1594,2021-02-28,50110259,9895
1595,2021-02-28,50110310,4290
1596,2021-02-28,50110320,826
1597,2021-02-28,50110330,721
1598,2021-02-28,50110510,796
1599,2021-02-28,50110520,10616
1600,2021-02-28,50110530,2393
1601,2021-02-28,50110540,16816
1602,2021-02-28,50110550,4070
1603,2021-02-28,50110560,2629
1604,2021-02-28,50110570,2278
1605,2021-02-28,50110580,4675
1606,2021-02-28,50110590,3148
1607,2021-02-28,50110600,8794
1608,2021-02-28,50110610,8914
1609,2021-02-28,50110620,2044
1610,2021-02-28,50110630,12898
1611,2021-02-28,50110640,4944
1612,2021-02-28,50110650,15423
1613,2021-02-28,50110660,18415
1614,2021-02-28,50110670,7373
1615,2021-02-28,50110680,1621
1616,2021-02-28,50110690,1100
1617,2021-02-28,50130250,9855
1618,2021-02-28,50130253,7028
1619,2021-02-28,50130259,6270
1620,2021-02-28,50130310,5068
1621,2021-02-28,50130320,4873
1622,2021-02-28,50130510,1590
1623,2021-02-28,50130520,890
1624,2021-02-28,50130530,1011
1625,2021-02-28,50130540,1198
1626,2021-02-28,50130550,1945
1627,2021-02-28,50130560,2173
1628,2021-02-28,50130570,9310
1629,2021-02-28,50130580,3813
1630,2021-02-28,50130590,6153
1631,2021-02-28,50130600,5191
1632,2021-02-28,50130610,5006
1633,2021-02-28,50130620,1310
1634,2021-03-31,50110250,8466
1635,2021-03-31,50110253,14101
1636,2021-03-31,50110256,6521
1637,2021-03-31,50110259,9895
1638,2021-03-31,50110310,4290
1639,2021-03-31,50110320,826
1640,2021-03-31,50110330,721
1641,2021-03-31,50110510,796
1642,2021-03-31,50110520,10616
1643,2021-03-31,50110530,2393
1644,2021-03-31,50110540,16816
1645,2021-03-31,50110550,4070
1646,2021-03-31,50110560,2629
1647,2021-03-31,50110570,2278
1648,2021-03-31,50110580,4675
1649,2021-03-31,50110590,3148
1650,2021-03-31,50110600,8794
1651,2021-03-31,50110610,8914
1652,2021-03-31,50110620,2044
1653,2021-03-31,50110630,12898
1654,2021-03-31,50110640,4944
1655,2021-03-31,50110650,15423
1656,2021-03-31,50110660,18415
1657,2021-03-31,50110670,7373
1658,2021-03-31,50110680,1621
1659,2021-03-31,50110690,1100
1660,2021-03-31,50130250,9855
1661,2021-03-31,50130253,7028
1662,2021-03-31,50130259,6270
1663,2021-03-31,50130310,5068
1664,2021-03-31,50130320,4873
1665,2021-03-31,50130510,1590
1666,2021-03-31,50130520,890
1667,2021-03-31,50130530,1011
1668,2021-03-31,50130540,1198
1669,2021-03-31,50130550,1945
1670,2021-03-31,50130560,2173
1671,2021-03-31,50130570,9310
1672,2021-03-31,50130580,3813
1673,2021-03-31,50130590,6153
1674,2021-03-31,50130600,5191
1675,2021-03-31,50130610,5006
1676,2021-03-31,50130620,1310
1677,2021-04-30,50110250,8466
1678,2021-04-30,50110253,14101
1679,2021-04-30,50110256,6521
1680,2021-04-30,50110259,9895
1681,2021-04-30,50110310,4290
1682,2021-04-30,50110320,826
1683,2021-04-30,50110330,721
1684,2021-04-30,50110510,796
1685,2021-04-30,50110520,10616
1686,2021-04-30,50110530,2393
1687,2021-04-30,50110540,16816
1688,2021-04-30,50110550,4070
1689,2021-04-30,50110560,2629
1690,2021-04-30,50110570,2278
1691,2021-04-30,50110580,4675
1692,2021-04-30,50110590,3148
1693,2021-04-30,50110600,8794
1694,2021-04-30,50110610,8914
1695,2021-04-30,50110620,2044
1696,2021-04-30,50110630,12898
1697,2021-04-30,50110640,4944
1698,2021-04-30,50110650,15423
1699,2021-04-30,50110660,18415
1700,2021-04-30,50110670,7373
1701,2021-04-30,50110680,1621
1702,2021-04-30,50110690,1100
1703,2021-04-30,50130250,9855
1704,2021-04-30,50130253,7028
1705,2021-04-30,50130259,6270
1706,2021-04-30,50130310,5068
1707,2021-04-30,50130320,4873
1708,2021-04-30,50130510,1590
1709,2021-04-30,50130520,890
1710,2021-04-30,50130530,1011
1711,2021-04-30,50130540,1198
1712,2021-04-30,50130550,1945
1713,2021-04-30,50130560,2173
1714,2021-04-30,50130570,9310
1715,2021-04-30,50130580,3813
1716,2021-04-30,50130590,6153
1717,2021-04-30,50130600,5191
1718,2021-04-30,50130610,5006
1719,2021-04-30,50130620,1310
1720,2021-05-31,50110250,8466
1721,2021-05-31,50110253,14101
1722,2021-05-31,50110256,6521
1723,2021-05-31,50110259,9895
1724,2021-05-31,50110310,4290
1725,2021-05-31,50110320,826
1726,2021-05-31,50110330,721
1727,2021-05-31,50110510,796
1728,2021-05-31,50110520,10616
1729,2021-05-31,50110530,2393
1730,2021-05-31,50110540,16816
1731,2021-05-31,50110550,4070
1732,2021-05-31,50110560,2629
1733,2021-05-31,50110570,2278
1734,2021-05-31,50110580,4675
1735,2021-05-31,50110590,3148
1736,2021-05-31,50110600,8794
1737,2021-05-31,50110610,8914
1738,2021-05-31,50110620,2044
1739,2021-05-31,50110630,12898
1740,2021-05-31,50110640,4944
1741,2021-05-31,50110650,15423
1742,2021-05-31,50110660,18415
1743,2021-05-31,50110670,7373
1744,2021-05-31,50110680,1621
1745,2021-05-31,50110690,1100
1746,2021-05-31,50130250,9855
1747,2021-05-31,50130253,7028
1748,2021-05-31,50130259,6270
1749,2021-05-31,50130310,5068
1750,2021-05-31,50130320,4873
1751,2021-05-31,50130510,1590
1752,2021-05-31,50130520,890
1753,2021-05-31,50130530,1011
1754,2021-05-31,50130540,1198
1755,2021-05-31,50130550,1945
1756,2021-05-31,50130560,2173
1757,2021-05-31,50130570,9310
1758,2021-05-31,50130580,3813
1759,2021-05-31,50130590,6153
1760,2021-05-31,50130600,5191
1761,2021-05-31,50130610,5006
1762,2021-05-31,50130620,1310
1763,2021-06-30,50110250,8466
1764,2021-06-30,50110253,14101
1765,2021-06-30,50110256,6521
1766,2021-06-30,50110259,9895
1767,2021-06-30,50110310,4290
1768,2021-06-30,50110320,826
1769,2021-06-30,50110330,721
1770,2021-06-30,50110510,796
1771,2021-06-30,50110520,10616
1772,2021-06-30,50110530,2393
1773,2021-06-30,50110540,16816
1774,2021-06-30,50110550,4070
1775,2021-06-30,50110560,2629
1776,2021-06-30,50110570,2278
1777,2021-06-30,50110580,4675
1778,2021-06-30,50110590,3148
1779,2021-06-30,50110600,8794
1780,2021-06-30,50110610,8914
1781,2021-06-30,50110620,2044
1782,2021-06-30,50110630,12898
1783,2021-06-30,50110640,4944
1784,2021-06-30,50110650,15423
1785,2021-06-30,50110660,18415
1786,2021-06-30,50110670,7373
1787,2021-06-30,50110680,1621
1788,2021-06-30,50110690,1100
1789,2021-06-30,50130250,9855
1790,2021-06-30,50130253,7028
1791,2021-06-30,50130259,6270
1792,2021-06-30,50130310,5068
1793,2021-06-30,50130320,4873
1794,2021-06-30,50130510,1590
1795,2021-06-30,50130520,890
1796,2021-06-30,50130530,1011
1797,2021-06-30,50130540,1198
1798,2021-06-30,50130550,1945
1799,2021-06-30,50130560,2173
1800,2021-06-30,50130570,9310
1801,2021-06-30,50130580,3813
1802,2021-06-30,50130590,6153
1803,2021-06-30,50130600,5191
1804,2021-06-30,50130610,5006
1805,2021-06-30,50130620,1310
